[32m04:00:08 (3523) INFO ProjectReader[39m No incremental result file found at reports/W00c-mutation/b-json-keys-incr.json, a full mutation testing run will be performed.
[32m04:00:08 (3523) INFO ProjectReader[39m Found 1 of 1532 file(s) to be mutated.
[32m04:00:09 (3523) INFO Instrumenter[39m Instrumented 1 source file(s) with 57 mutant(s)
[32m04:00:09 (3523) INFO ConcurrencyTokenProvider[39m Creating 4 test runner process(es).
[32m04:00:10 (3523) INFO BroadcastReporter[39m Detected that current console does not support the "progress" reporter, downgrading to "progress-append-only" reporter
[32m04:00:11 (3523) INFO DryRunExecutor[39m Starting initial test run (vitest test runner with "perTest" coverage analysis). This may take a while.
[32m04:06:24 (3523) INFO DryRunExecutor[39m Initial test run succeeded. Ran 772 tests in 6 minutes and 13 seconds (net 368508.6244740003 ms, overhead 4597.375525999698 ms).
Mutation testing 3% (elapsed: <1m, remaining: ~4m) 2/57 tested (0 survived, 0 timed out)
Mutation testing 7% (elapsed: <1m, remaining: ~4m) 4/57 tested (0 survived, 0 timed out)
Mutation testing 12% (elapsed: <1m, remaining: ~3m) 7/57 tested (0 survived, 0 timed out)
Mutation testing 12% (elapsed: <1m, remaining: ~4m) 7/57 tested (0 survived, 0 timed out)
Mutation testing 12% (elapsed: <1m, remaining: ~5m) 7/57 tested (0 survived, 0 timed out)
Mutation testing 12% (elapsed: ~1m, remaining: ~7m) 7/57 tested (0 survived, 0 timed out)
Mutation testing 12% (elapsed: ~1m, remaining: ~8m) 7/57 tested (0 survived, 0 timed out)
Mutation testing 12% (elapsed: ~1m, remaining: ~9m) 7/57 tested (0 survived, 0 timed out)
Mutation testing 12% (elapsed: ~1m, remaining: ~10m) 7/57 tested (0 survived, 0 timed out)
Mutation testing 12% (elapsed: ~1m, remaining: ~11m) 7/57 tested (0 survived, 0 timed out)
Mutation testing 12% (elapsed: ~1m, remaining: ~13m) 7/57 tested (0 survived, 0 timed out)
Mutation testing 12% (elapsed: ~2m, remaining: ~14m) 7/57 tested (0 survived, 0 timed out)
Mutation testing 12% (elapsed: ~2m, remaining: ~15m) 7/57 tested (0 survived, 0 timed out)
Mutation testing 12% (elapsed: ~2m, remaining: ~16m) 7/57 tested (0 survived, 0 timed out)
Mutation testing 12% (elapsed: ~2m, remaining: ~17m) 7/57 tested (0 survived, 0 timed out)
Mutation testing 12% (elapsed: ~2m, remaining: ~19m) 7/57 tested (0 survived, 0 timed out)
Mutation testing 12% (elapsed: ~2m, remaining: ~20m) 7/57 tested (0 survived, 0 timed out)
Mutation testing 12% (elapsed: ~3m, remaining: ~21m) 7/57 tested (0 survived, 0 timed out)
Mutation testing 12% (elapsed: ~3m, remaining: ~22m) 7/57 tested (0 survived, 0 timed out)
Mutation testing 12% (elapsed: ~3m, remaining: ~23m) 7/57 tested (0 survived, 0 timed out)
Mutation testing 12% (elapsed: ~3m, remaining: ~25m) 7/57 tested (0 survived, 0 timed out)
Mutation testing 12% (elapsed: ~3m, remaining: ~26m) 7/57 tested (0 survived, 0 timed out)
Mutation testing 12% (elapsed: ~3m, remaining: ~27m) 7/57 tested (0 survived, 0 timed out)
Mutation testing 12% (elapsed: ~4m, remaining: ~28m) 7/57 tested (0 survived, 0 timed out)
Mutation testing 12% (elapsed: ~4m, remaining: ~29m) 7/57 tested (0 survived, 0 timed out)
Mutation testing 12% (elapsed: ~4m, remaining: ~30m) 7/57 tested (0 survived, 0 timed out)
Mutation testing 17% (elapsed: ~4m, remaining: ~21m) 10/57 tested (2 survived, 0 timed out)
Mutation testing 17% (elapsed: ~4m, remaining: ~21m) 10/57 tested (2 survived, 0 timed out)
Mutation testing 17% (elapsed: ~4m, remaining: ~22m) 10/57 tested (2 survived, 0 timed out)
Mutation testing 17% (elapsed: ~5m, remaining: ~23m) 10/57 tested (2 survived, 0 timed out)
Mutation testing 17% (elapsed: ~5m, remaining: ~24m) 10/57 tested (2 survived, 0 timed out)
Mutation testing 17% (elapsed: ~5m, remaining: ~25m) 10/57 tested (2 survived, 0 timed out)
Mutation testing 19% (elapsed: ~5m, remaining: ~23m) 11/57 tested (3 survived, 0 timed out)
Mutation testing 19% (elapsed: ~5m, remaining: ~23m) 11/57 tested (3 survived, 0 timed out)
Mutation testing 21% (elapsed: ~5m, remaining: ~21m) 12/57 tested (3 survived, 0 timed out)
Mutation testing 21% (elapsed: ~6m, remaining: ~22m) 12/57 tested (3 survived, 0 timed out)
Mutation testing 21% (elapsed: ~6m, remaining: ~23m) 12/57 tested (3 survived, 0 timed out)
Mutation testing 21% (elapsed: ~6m, remaining: ~23m) 12/57 tested (3 survived, 0 timed out)
Mutation testing 21% (elapsed: ~6m, remaining: ~24m) 12/57 tested (3 survived, 0 timed out)
Mutation testing 21% (elapsed: ~6m, remaining: ~25m) 12/57 tested (3 survived, 0 timed out)
Mutation testing 21% (elapsed: ~6m, remaining: ~25m) 12/57 tested (3 survived, 0 timed out)
Mutation testing 21% (elapsed: ~7m, remaining: ~26m) 12/57 tested (3 survived, 0 timed out)
Mutation testing 21% (elapsed: ~7m, remaining: ~26m) 12/57 tested (3 survived, 0 timed out)
Mutation testing 21% (elapsed: ~7m, remaining: ~27m) 12/57 tested (3 survived, 0 timed out)
Mutation testing 21% (elapsed: ~7m, remaining: ~28m) 12/57 tested (3 survived, 0 timed out)
Mutation testing 21% (elapsed: ~7m, remaining: ~28m) 12/57 tested (3 survived, 0 timed out)
Mutation testing 21% (elapsed: ~7m, remaining: ~29m) 12/57 tested (3 survived, 0 timed out)
Mutation testing 21% (elapsed: ~8m, remaining: ~30m) 12/57 tested (3 survived, 0 timed out)
Mutation testing 21% (elapsed: ~8m, remaining: ~30m) 12/57 tested (3 survived, 0 timed out)
Mutation testing 21% (elapsed: ~8m, remaining: ~31m) 12/57 tested (3 survived, 0 timed out)
Mutation testing 21% (elapsed: ~8m, remaining: ~31m) 12/57 tested (3 survived, 0 timed out)
Mutation testing 21% (elapsed: ~8m, remaining: ~32m) 12/57 tested (3 survived, 0 timed out)
Mutation testing 21% (elapsed: ~8m, remaining: ~33m) 12/57 tested (3 survived, 0 timed out)
Mutation testing 21% (elapsed: ~9m, remaining: ~33m) 12/57 tested (3 survived, 0 timed out)
Mutation testing 21% (elapsed: ~9m, remaining: ~34m) 12/57 tested (3 survived, 0 timed out)
Mutation testing 21% (elapsed: ~9m, remaining: ~35m) 12/57 tested (3 survived, 0 timed out)
Mutation testing 24% (elapsed: ~9m, remaining: ~29m) 14/57 tested (3 survived, 1 timed out)
Mutation testing 29% (elapsed: ~9m, remaining: ~22m) 17/57 tested (3 survived, 1 timed out)
Mutation testing 31% (elapsed: ~9m, remaining: ~21m) 18/57 tested (4 survived, 1 timed out)
Mutation testing 33% (elapsed: ~10m, remaining: ~20m) 19/57 tested (5 survived, 1 timed out)
Mutation testing 33% (elapsed: ~10m, remaining: ~20m) 19/57 tested (5 survived, 1 timed out)
Mutation testing 33% (elapsed: ~10m, remaining: ~20m) 19/57 tested (5 survived, 1 timed out)
Mutation testing 33% (elapsed: ~10m, remaining: ~21m) 19/57 tested (5 survived, 1 timed out)
Mutation testing 33% (elapsed: ~10m, remaining: ~21m) 19/57 tested (5 survived, 1 timed out)
Mutation testing 33% (elapsed: ~10m, remaining: ~21m) 19/57 tested (5 survived, 1 timed out)
Mutation testing 35% (elapsed: ~11m, remaining: ~20m) 20/57 tested (6 survived, 1 timed out)
Mutation testing 35% (elapsed: ~11m, remaining: ~20m) 20/57 tested (6 survived, 1 timed out)
Mutation testing 35% (elapsed: ~11m, remaining: ~20m) 20/57 tested (6 survived, 1 timed out)
Mutation testing 35% (elapsed: ~11m, remaining: ~21m) 20/57 tested (6 survived, 1 timed out)
Mutation testing 35% (elapsed: ~11m, remaining: ~21m) 20/57 tested (6 survived, 1 timed out)
Mutation testing 35% (elapsed: ~11m, remaining: ~21m) 20/57 tested (6 survived, 1 timed out)
Mutation testing 35% (elapsed: ~12m, remaining: ~22m) 20/57 tested (6 survived, 1 timed out)
Mutation testing 35% (elapsed: ~12m, remaining: ~22m) 20/57 tested (6 survived, 1 timed out)
Mutation testing 35% (elapsed: ~12m, remaining: ~22m) 20/57 tested (6 survived, 1 timed out)
Mutation testing 35% (elapsed: ~12m, remaining: ~23m) 20/57 tested (6 survived, 1 timed out)
Mutation testing 42% (elapsed: ~12m, remaining: ~17m) 24/57 tested (6 survived, 1 timed out)
Mutation testing 49% (elapsed: ~12m, remaining: ~13m) 28/57 tested (6 survived, 1 timed out)
Mutation testing 54% (elapsed: ~13m, remaining: ~10m) 31/57 tested (6 survived, 1 timed out)
Mutation testing 54% (elapsed: ~13m, remaining: ~11m) 31/57 tested (6 survived, 1 timed out)
Mutation testing 54% (elapsed: ~13m, remaining: ~11m) 31/57 tested (6 survived, 1 timed out)
Mutation testing 54% (elapsed: ~13m, remaining: ~11m) 31/57 tested (6 survived, 1 timed out)
Mutation testing 54% (elapsed: ~13m, remaining: ~11m) 31/57 tested (6 survived, 1 timed out)
Mutation testing 54% (elapsed: ~13m, remaining: ~11m) 31/57 tested (6 survived, 1 timed out)
Mutation testing 54% (elapsed: ~14m, remaining: ~11m) 31/57 tested (6 survived, 1 timed out)
Mutation testing 54% (elapsed: ~14m, remaining: ~11m) 31/57 tested (6 survived, 1 timed out)
Mutation testing 54% (elapsed: ~14m, remaining: ~12m) 31/57 tested (6 survived, 1 timed out)
Mutation testing 56% (elapsed: ~14m, remaining: ~11m) 32/57 tested (7 survived, 1 timed out)
Mutation testing 56% (elapsed: ~14m, remaining: ~11m) 32/57 tested (7 survived, 1 timed out)
Mutation testing 59% (elapsed: ~14m, remaining: ~10m) 34/57 tested (9 survived, 1 timed out)
Mutation testing 59% (elapsed: ~15m, remaining: ~10m) 34/57 tested (9 survived, 1 timed out)
Mutation testing 59% (elapsed: ~15m, remaining: ~10m) 34/57 tested (9 survived, 1 timed out)
Mutation testing 59% (elapsed: ~15m, remaining: ~10m) 34/57 tested (9 survived, 1 timed out)
Mutation testing 59% (elapsed: ~15m, remaining: ~10m) 34/57 tested (9 survived, 1 timed out)
Mutation testing 59% (elapsed: ~15m, remaining: ~10m) 34/57 tested (9 survived, 1 timed out)
Mutation testing 59% (elapsed: ~15m, remaining: ~10m) 34/57 tested (9 survived, 1 timed out)
Mutation testing 59% (elapsed: ~16m, remaining: ~10m) 34/57 tested (9 survived, 1 timed out)
Mutation testing 61% (elapsed: ~16m, remaining: ~10m) 35/57 tested (9 survived, 1 timed out)
Mutation testing 64% (elapsed: ~16m, remaining: ~8m) 37/57 tested (9 survived, 1 timed out)
Mutation testing 84% (elapsed: ~16m, remaining: ~3m) 48/57 tested (9 survived, 1 timed out)
Mutation testing 87% (elapsed: ~16m, remaining: ~2m) 50/57 tested (9 survived, 1 timed out)
Mutation testing 87% (elapsed: ~16m, remaining: ~2m) 50/57 tested (9 survived, 1 timed out)
Mutation testing 91% (elapsed: ~17m, remaining: ~1m) 52/57 tested (9 survived, 1 timed out)
Mutation testing 94% (elapsed: ~17m, remaining: <1m) 54/57 tested (9 survived, 1 timed out)
Mutation testing 94% (elapsed: ~17m, remaining: <1m) 54/57 tested (9 survived, 1 timed out)
Mutation testing 94% (elapsed: ~17m, remaining: <1m) 54/57 tested (9 survived, 1 timed out)
Mutation testing 94% (elapsed: ~17m, remaining: <1m) 54/57 tested (9 survived, 1 timed out)
Mutation testing 94% (elapsed: ~17m, remaining: <1m) 54/57 tested (9 survived, 1 timed out)
Mutation testing 94% (elapsed: ~18m, remaining: ~1m) 54/57 tested (9 survived, 1 timed out)
Mutation testing 94% (elapsed: ~18m, remaining: ~1m) 54/57 tested (9 survived, 1 timed out)
Mutation testing 94% (elapsed: ~18m, remaining: ~1m) 54/57 tested (9 survived, 1 timed out)
Mutation testing 94% (elapsed: ~18m, remaining: ~1m) 54/57 tested (9 survived, 1 timed out)
Mutation testing 94% (elapsed: ~18m, remaining: ~1m) 54/57 tested (9 survived, 1 timed out)
Mutation testing 94% (elapsed: ~18m, remaining: ~1m) 54/57 tested (9 survived, 1 timed out)
Mutation testing 94% (elapsed: ~19m, remaining: ~1m) 54/57 tested (9 survived, 1 timed out)
Mutation testing 94% (elapsed: ~19m, remaining: ~1m) 54/57 tested (9 survived, 1 timed out)
Mutation testing 94% (elapsed: ~19m, remaining: ~1m) 54/57 tested (9 survived, 1 timed out)
Mutation testing 94% (elapsed: ~19m, remaining: ~1m) 54/57 tested (9 survived, 1 timed out)
Mutation testing 94% (elapsed: ~19m, remaining: ~1m) 54/57 tested (9 survived, 1 timed out)
Mutation testing 94% (elapsed: ~19m, remaining: ~1m) 54/57 tested (9 survived, 1 timed out)
Mutation testing 94% (elapsed: ~20m, remaining: ~1m) 54/57 tested (9 survived, 1 timed out)
Mutation testing 94% (elapsed: ~20m, remaining: ~1m) 54/57 tested (9 survived, 1 timed out)
Mutation testing 94% (elapsed: ~20m, remaining: ~1m) 54/57 tested (9 survived, 1 timed out)
Mutation testing 94% (elapsed: ~20m, remaining: ~1m) 54/57 tested (9 survived, 1 timed out)
Mutation testing 96% (elapsed: ~20m, remaining: <1m) 55/57 tested (9 survived, 1 timed out)
Mutation testing 96% (elapsed: ~20m, remaining: <1m) 55/57 tested (9 survived, 1 timed out)
Mutation testing 96% (elapsed: ~21m, remaining: <1m) 55/57 tested (9 survived, 1 timed out)
Mutation testing 98% (elapsed: ~21m, remaining: <1m) 56/57 tested (10 survived, 1 timed out)

All tests
  clients
    json-keys.acceptance.test.ts
      ✓ W00c RC5 the scanner on the sample files as written END-9 C01 has no repeated key in answer-key.json or onboarding.json (killed 8)
      ~ W00c RC5 the scanner on the sample files as written END-9 C02 has no repeated key in answer-key.json or onboarding.json (covered 53)
      ~ W00c RC5 the scanner on the sample files as written END-9 C03 has no repeated key in answer-key.json or onboarding.json (covered 53)
      ~ W00c RC5 the scanner on the sample files as written END-9 C04 has no repeated key in answer-key.json or onboarding.json (covered 53)
      ~ W00c RC5 the scanner on the sample files as written END-9 C05 has no repeated key in answer-key.json or onboarding.json (covered 53)
      ~ W00c RC5 the scanner on the sample files as written END-9 C06 has no repeated key in answer-key.json or onboarding.json (covered 53)
      ~ W00c RC5 the scanner on the sample files as written END-9 C07 has no repeated key in answer-key.json or onboarding.json (covered 53)
      ~ W00c RC5 the scanner on the sample files as written END-9 C08 has no repeated key in answer-key.json or onboarding.json (covered 53)
      ~ W00c RC5 the scanner on the sample files as written END-9 C09 has no repeated key in answer-key.json or onboarding.json (covered 53)
      ~ W00c RC5 the scanner on the sample files as written END-9 C10 has no repeated key in answer-key.json or onboarding.json (covered 53)
      ~ W00c RC5 the scanner on the sample files as written END-9 C11 has no repeated key in answer-key.json or onboarding.json (covered 53)
      ~ W00c RC5 the scanner on the sample files as written END-9 C12 has no repeated key in answer-key.json or onboarding.json (covered 53)
      ~ W00c RC5 the scanner on the sample files as written END-9 C13 has no repeated key in answer-key.json or onboarding.json (covered 53)
      ~ W00c RC5 the scanner on the sample files as written END-9 C14 has no repeated key in answer-key.json or onboarding.json (covered 53)
      ~ W00c RC5 the scanner on the sample files as written END-9 C15 has no repeated key in answer-key.json or onboarding.json (covered 53)
      ✓ W00c RC5 the scanner finds a repeated key in every object of every onboarding.json ARC-8 C01: each of its 26 object nodes, written with its first key twice (a decoy first), is found with that key (killed 22)
      ~ W00c RC5 the scanner finds a repeated key in every object of every onboarding.json ARC-8 C02: each of its 81 object nodes, written with its first key twice (a decoy first), is found with that key (covered 53)
      ~ W00c RC5 the scanner finds a repeated key in every object of every onboarding.json ARC-8 C03: each of its 49 object nodes, written with its first key twice (a decoy first), is found with that key (covered 53)
      ~ W00c RC5 the scanner finds a repeated key in every object of every onboarding.json ARC-8 C04: each of its 48 object nodes, written with its first key twice (a decoy first), is found with that key (covered 53)
      ~ W00c RC5 the scanner finds a repeated key in every object of every onboarding.json ARC-8 C05: each of its 22 object nodes, written with its first key twice (a decoy first), is found with that key (covered 53)
      ~ W00c RC5 the scanner finds a repeated key in every object of every onboarding.json ARC-8 C06: each of its 26 object nodes, written with its first key twice (a decoy first), is found with that key (covered 53)
      ~ W00c RC5 the scanner finds a repeated key in every object of every onboarding.json ARC-8 C07: each of its 33 object nodes, written with its first key twice (a decoy first), is found with that key (covered 53)
      ~ W00c RC5 the scanner finds a repeated key in every object of every onboarding.json ARC-8 C08: each of its 59 object nodes, written with its first key twice (a decoy first), is found with that key (covered 53)
      ~ W00c RC5 the scanner finds a repeated key in every object of every onboarding.json ARC-8 C09: each of its 18 object nodes, written with its first key twice (a decoy first), is found with that key (covered 53)
      ~ W00c RC5 the scanner finds a repeated key in every object of every onboarding.json ARC-8 C10: each of its 20 object nodes, written with its first key twice (a decoy first), is found with that key (covered 53)
      ~ W00c RC5 the scanner finds a repeated key in every object of every onboarding.json ARC-8 C11: each of its 37 object nodes, written with its first key twice (a decoy first), is found with that key (covered 53)
      ~ W00c RC5 the scanner finds a repeated key in every object of every onboarding.json ARC-8 C12: each of its 29 object nodes, written with its first key twice (a decoy first), is found with that key (covered 53)
      ~ W00c RC5 the scanner finds a repeated key in every object of every onboarding.json ARC-8 C13: each of its 46 object nodes, written with its first key twice (a decoy first), is found with that key (covered 53)
      ~ W00c RC5 the scanner finds a repeated key in every object of every onboarding.json ARC-8 C14: each of its 16 object nodes, written with its first key twice (a decoy first), is found with that key (covered 53)
      ~ W00c RC5 the scanner finds a repeated key in every object of every onboarding.json ARC-8 C15: each of its 24 object nodes, written with its first key twice (a decoy first), is found with that key (covered 53)
      ✓ W00c RC5 the scanner finds a repeated key at every depth of every answer-key.json (pinned-seed sample) ARC-8 C01: one object node per depth present and 30 more, each written with its first key twice (a decoy first), is found with that key (killed 2)
      ~ W00c RC5 the scanner finds a repeated key at every depth of every answer-key.json (pinned-seed sample) ARC-8 C02: one object node per depth present and 30 more, each written with its first key twice (a decoy first), is found with that key (covered 53)
      ~ W00c RC5 the scanner finds a repeated key at every depth of every answer-key.json (pinned-seed sample) ARC-8 C03: one object node per depth present and 30 more, each written with its first key twice (a decoy first), is found with that key (covered 53)
      ~ W00c RC5 the scanner finds a repeated key at every depth of every answer-key.json (pinned-seed sample) ARC-8 C04: one object node per depth present and 30 more, each written with its first key twice (a decoy first), is found with that key (covered 53)
      ~ W00c RC5 the scanner finds a repeated key at every depth of every answer-key.json (pinned-seed sample) ARC-8 C05: one object node per depth present and 30 more, each written with its first key twice (a decoy first), is found with that key (covered 53)
      ~ W00c RC5 the scanner finds a repeated key at every depth of every answer-key.json (pinned-seed sample) ARC-8 C06: one object node per depth present and 30 more, each written with its first key twice (a decoy first), is found with that key (covered 53)
      ~ W00c RC5 the scanner finds a repeated key at every depth of every answer-key.json (pinned-seed sample) ARC-8 C07: one object node per depth present and 30 more, each written with its first key twice (a decoy first), is found with that key (covered 53)
      ~ W00c RC5 the scanner finds a repeated key at every depth of every answer-key.json (pinned-seed sample) ARC-8 C08: one object node per depth present and 30 more, each written with its first key twice (a decoy first), is found with that key (covered 53)
      ~ W00c RC5 the scanner finds a repeated key at every depth of every answer-key.json (pinned-seed sample) ARC-8 C09: one object node per depth present and 30 more, each written with its first key twice (a decoy first), is found with that key (covered 53)
      ~ W00c RC5 the scanner finds a repeated key at every depth of every answer-key.json (pinned-seed sample) ARC-8 C10: one object node per depth present and 30 more, each written with its first key twice (a decoy first), is found with that key (covered 53)
      ~ W00c RC5 the scanner finds a repeated key at every depth of every answer-key.json (pinned-seed sample) ARC-8 C11: one object node per depth present and 30 more, each written with its first key twice (a decoy first), is found with that key (covered 53)
      ~ W00c RC5 the scanner finds a repeated key at every depth of every answer-key.json (pinned-seed sample) ARC-8 C12: one object node per depth present and 30 more, each written with its first key twice (a decoy first), is found with that key (covered 53)
      ~ W00c RC5 the scanner finds a repeated key at every depth of every answer-key.json (pinned-seed sample) ARC-8 C13: one object node per depth present and 30 more, each written with its first key twice (a decoy first), is found with that key (covered 53)
      ~ W00c RC5 the scanner finds a repeated key at every depth of every answer-key.json (pinned-seed sample) ARC-8 C14: one object node per depth present and 30 more, each written with its first key twice (a decoy first), is found with that key (covered 53)
      ~ W00c RC5 the scanner finds a repeated key at every depth of every answer-key.json (pinned-seed sample) ARC-8 C15: one object node per depth present and 30 more, each written with its first key twice (a decoy first), is found with that key (covered 53)
      ~ W00c RC5 what the scanner must not call a repeat, and escapes ARC-8 equal keys in sibling and nested objects are not repeats (covered 53)
      ~ W00c RC5 what the scanner must not call a repeat, and escapes ARC-8 text inside a string value is never a key, even with escaped quotes and a trailing backslash (covered 53)
      ~ W00c RC5 what the scanner must not call a repeat, and escapes ARC-8 a key written once plain and once with a unicode escape is a repeat, named decoded (covered 53)
      ~ W00c RC5 what the scanner must not call a repeat, and escapes ARC-8 a repeat deep inside arrays of objects is found with its key (covered 53)
    load-files.test.ts
      ~ ARC-8 W00a missing client files a client with both files loads (covered 53)
      ~ ARC-8 W00a missing client files a missing onboarding.json is one file issue and nothing more (covered 53)
      ~ ARC-8 W00a account files stay inside the client folder file leading out by "../" is refused with its record and reason (covered 53)
      ~ ARC-8 W00a account files stay inside the client folder qboFile leading out by "../" is refused with its record and reason (covered 53)
      ~ ARC-8 W00a account files stay inside the client folder the parent folder itself ("..") is outside (covered 53)
      ~ ARC-8 W00a account files stay inside the client folder an absolute path is outside (covered 53)
      ~ ARC-8 W00a account files stay inside the client folder a file name that merely starts with two dots is inside (covered 53)
      ~ ARC-8 W00a account files stay inside the client folder a file that is not there names the account, the field and the file (covered 53)
      ~ ARC-8 W00a account files stay inside the client folder a link that leads out of the folder is refused, for a file and for the parent folder (covered 53)
      ~ ARC-8 W00a account files stay inside the client folder a link that stays inside the folder is fine (covered 53)
      ~ ARC-8 W00a adjusting entry sources a source naming a top-level key resolves (covered 53)
      ~ ARC-8 W00a adjusting entry sources a note not at the end does not resolve; the whole text is the key (covered 53)
      ~ ARC-8 W00a adjusting entry sources an unknown transaction source is named (covered 53)
      ~ ARC-8 W00a adjusting entry sources a statement balance key for an undeclared account is named (covered 53)
      ~ ARC-8 W00a fault markers reach the model only a marked row carries dupOf or priorYear (covered 53)
    load.test.ts
      ✘ ARC-8 clientFolders ARC-8 lists only numbered folders that hold an answer-key.json, as C01 upward in order (covered 0)
      ✘ ARC-8 clientFolders ARC-8 the default root is reference/sample-clients and holds C01 to C15 (covered 0)
      ✘ ARC-8 loadClient: no such client ARC-8 an unknown id names the client and the default folder (covered 0)
      ✘ ARC-8 loadClient: no such client ARC-8 an unknown id names the root it was looked up in (covered 0)
      ✓ ARC-13 money fields read as cents from their text ARC-13 a one-decimal too many amount is refused with the record, the field and the reason (killed 2)
      ~ ARC-13 money fields read as cents from their text ARC-13 a bad amount on a line with no id names the file and the field only (covered 53)
      ~ ARC-13 money fields read as cents from their text ARC-13 a number that only looks like money (wrong holder, other key) is left alone (covered 53)
      ~ ARC-13 money fields read as cents from their text ARC-13 text in a money field is a schema refusal, not a money issue (covered 53)
      ~ ARC-13 money fields read as cents from their text ARC-13 a bad amount in onboarding.json is named by its own file (covered 53)
      ~ ARC-8 schema refusals ARC-8 a missing answer-key field is named with its path (covered 53)
      ~ ARC-8 schema refusals ARC-8 a missing onboarding field is named with its path (covered 53)
      ~ ARC-8 schema refusals ARC-8 both files failing gives the answer-key issue first, then the onboarding one (covered 53)
      ~ ARC-8 schema refusals ARC-8 the optional onboarding sections are still checked when they are there (covered 53)
      ~ ARC-8 schema refusals ARC-8 the optional Schedule 50 list of the answer key is still checked (covered 53)
      ~ ARC-8 schema refusals ARC-8 the model schema refuses an empty name, naming the dotted path (covered 53)
      ~ ARC-8 the loaded model, field by field ARC-8 each account exportRows is its written rowsInExport, and qboRows is its QBO CSV lines without the header and blank lines (covered 53)
      ~ ARC-8 the loaded model, field by field ARC-8 CRLF line ends and blank or spaces-only lines do not change a row count (covered 53)
      ~ ARC-8 the loaded model, field by field ARC-8 a transaction with no account number has an empty glAccount, and the others keep theirs (covered 53)
      ~ ARC-8 the loaded model, field by field ARC-8 an adjusting entry is typed by where its sources come from, and lists transactions then onboarding sources (covered 53)
      ~ SEC-11 the guard sees every person and every file of the folder SEC-11 a bank line naming an owner, holder, lender, spouse or person party without TEST is refused, naming the line (covered 53)
      ~ SEC-11 the guard sees every person and every file of the folder SEC-11 a client with no spouse and no loans adds nobody to the people list (covered 53)
      ~ SEC-11 the guard sees every person and every file of the folder SEC-11 the same lines naming the people with the word TEST pass (covered 53)
      ~ SEC-11 the guard sees every person and every file of the folder SEC-11 files by kind: json, csv and md are scanned; other files are not; nested paths use slashes (covered 53)
      ~ SEC-11 the guard sees every person and every file of the folder SEC-11 a client folder that loads clean has every file of its folder read (no refusal, sorted walk) (covered 53)
    reserved-keys.acceptance.test.ts
      ~ W00c RC-A reservedKeys END-9 C01: neither sample file has a reserved key (covered 53)
      ~ W00c RC-A reservedKeys END-9 C02: neither sample file has a reserved key (covered 53)
      ~ W00c RC-A reservedKeys END-9 C03: neither sample file has a reserved key (covered 53)
      ~ W00c RC-A reservedKeys END-9 C04: neither sample file has a reserved key (covered 53)
      ~ W00c RC-A reservedKeys END-9 C05: neither sample file has a reserved key (covered 53)
      ~ W00c RC-A reservedKeys END-9 C06: neither sample file has a reserved key (covered 53)
      ~ W00c RC-A reservedKeys END-9 C07: neither sample file has a reserved key (covered 53)
      ~ W00c RC-A reservedKeys END-9 C08: neither sample file has a reserved key (covered 53)
      ~ W00c RC-A reservedKeys END-9 C09: neither sample file has a reserved key (covered 53)
      ~ W00c RC-A reservedKeys END-9 C10: neither sample file has a reserved key (covered 53)
      ~ W00c RC-A reservedKeys END-9 C11: neither sample file has a reserved key (covered 53)
      ~ W00c RC-A reservedKeys END-9 C12: neither sample file has a reserved key (covered 53)
      ~ W00c RC-A reservedKeys END-9 C13: neither sample file has a reserved key (covered 53)
      ~ W00c RC-A reservedKeys END-9 C14: neither sample file has a reserved key (covered 53)
      ~ W00c RC-A reservedKeys END-9 C15: neither sample file has a reserved key (covered 53)
      ✓ W00c RC-A reservedKeys ARC-8 each name is found at the root, in a nested object and in an object inside an array, in written order (killed 4)
      ✓ W00c RC-A reservedKeys ARC-8 an escaped spelling is the same key; a value, a longer key and a repeated ordinary key are not reserved (killed 1)
      ~ W00c RC-A reservedKeys ARC-8 every object node of every onboarding.json, given a "constructor" key first, is found once (covered 53)
      ✘ W00c RC-A reservedKeys ARC-8 the walk finds the answer-key object paths (88 on the spec probe, path depth up to 6; never fewer) (covered 0)
      ~ W00c RC-A reservedKeys ARC-8 answer-key.json (top) (first in C01): each reserved name written as a key of that object is found once (covered 53)
      ~ W00c RC-A reservedKeys ARC-8 answer-key.json fiscalYear (first in C01): each reserved name written as a key of that object is found once (covered 53)
      ~ W00c RC-A reservedKeys ARC-8 answer-key.json generator (first in C01): each reserved name written as a key of that object is found once (covered 53)
      ~ W00c RC-A reservedKeys ARC-8 answer-key.json accounts[] (first in C01): each reserved name written as a key of that object is found once (covered 53)
      ~ W00c RC-A reservedKeys ARC-8 answer-key.json transactions[] (first in C01): each reserved name written as a key of that object is found once (covered 53)
      ~ W00c RC-A reservedKeys ARC-8 answer-key.json transactions[].post[] (first in C01): each reserved name written as a key of that object is found once (covered 53)
      ~ W00c RC-A reservedKeys ARC-8 answer-key.json transactions[].suggestedPost[] (first in C01): each reserved name written as a key of that object is found once (covered 53)
      ~ W00c RC-A reservedKeys ARC-8 answer-key.json statementBalances (first in C01): each reserved name written as a key of that object is found once (covered 53)
      ~ W00c RC-A reservedKeys ARC-8 answer-key.json statementBalances.*[] (first in C01): each reserved name written as a key of that object is found once (covered 53)
      ~ W00c RC-A reservedKeys ARC-8 answer-key.json adjustingEntries[] (first in C01): each reserved name written as a key of that object is found once (covered 53)
      ~ W00c RC-A reservedKeys ARC-8 answer-key.json adjustingEntries[].lines[] (first in C01): each reserved name written as a key of that object is found once (covered 53)
      ~ W00c RC-A reservedKeys ARC-8 answer-key.json adjustingEntries[].source (first in C01): each reserved name written as a key of that object is found once (covered 53)
      ~ W00c RC-A reservedKeys ARC-8 answer-key.json trialBalance (first in C01): each reserved name written as a key of that object is found once (covered 53)
      ~ W00c RC-A reservedKeys ARC-8 answer-key.json trialBalance.opening (first in C01): each reserved name written as a key of that object is found once (covered 53)
      ~ W00c RC-A reservedKeys ARC-8 answer-key.json trialBalance.*.rows[] (first in C01): each reserved name written as a key of that object is found once (covered 53)
      ~ W00c RC-A reservedKeys ARC-8 answer-key.json trialBalance.unadjusted (first in C01): each reserved name written as a key of that object is found once (covered 53)
      ~ W00c RC-A reservedKeys ARC-8 answer-key.json trialBalance.adjusted (first in C01): each reserved name written as a key of that object is found once (covered 53)
      ~ W00c RC-A reservedKeys ARC-8 answer-key.json t2Inputs (first in C01): each reserved name written as a key of that object is found once (covered 53)
      ~ W00c RC-A reservedKeys ARC-8 answer-key.json t2Inputs.schedule1 (first in C01): each reserved name written as a key of that object is found once (covered 53)
      ~ W00c RC-A reservedKeys ARC-8 answer-key.json t2Inputs.schedule1.addBacks[] (first in C01): each reserved name written as a key of that object is found once (covered 53)
      ~ W00c RC-A reservedKeys ARC-8 answer-key.json t2Inputs.schedule1.addBacks[].source (first in C01): each reserved name written as a key of that object is found once (covered 53)
      ~ W00c RC-A reservedKeys ARC-8 answer-key.json t2Inputs.schedule8 (first in C01): each reserved name written as a key of that object is found once (covered 53)
      ~ W00c RC-A reservedKeys ARC-8 answer-key.json t2Inputs.schedule50[] (first in C01): each reserved name written as a key of that object is found once (covered 53)
      ~ W00c RC-A reservedKeys ARC-8 answer-key.json t2Inputs.schedule3 (first in C01): each reserved name written as a key of that object is found once (covered 53)
      ~ W00c RC-A reservedKeys ARC-8 answer-key.json t2Inputs.schedule3.dividendsPaid[] (first in C01): each reserved name written as a key of that object is found once (covered 53)
      ~ W00c RC-A reservedKeys ARC-8 answer-key.json t2Inputs.slips (first in C01): each reserved name written as a key of that object is found once (covered 53)
      ~ W00c RC-A reservedKeys ARC-8 answer-key.json t2Inputs.slips.T5[] (first in C01): each reserved name written as a key of that object is found once (covered 53)
      ~ W00c RC-A reservedKeys ARC-8 answer-key.json t2Inputs.schedule4 (first in C01): each reserved name written as a key of that object is found once (covered 53)
      ~ W00c RC-A reservedKeys ARC-8 answer-key.json t2Inputs.schedule23 (first in C01): each reserved name written as a key of that object is found once (covered 53)
      ~ W00c RC-A reservedKeys ARC-8 answer-key.json t2Inputs.shareholderLoan (first in C01): each reserved name written as a key of that object is found once (covered 53)
      ~ W00c RC-A reservedKeys ARC-8 answer-key.json hst (first in C01): each reserved name written as a key of that object is found once (covered 53)
      ~ W00c RC-A reservedKeys ARC-8 answer-key.json flags[] (first in C01): each reserved name written as a key of that object is found once (covered 53)
      ~ W00c RC-A reservedKeys ARC-8 answer-key.json flags[].evidence (first in C01): each reserved name written as a key of that object is found once (covered 53)
      ~ W00c RC-A reservedKeys ARC-8 answer-key.json parties[] (first in C01): each reserved name written as a key of that object is found once (covered 53)
      ~ W00c RC-A reservedKeys ARC-8 answer-key.json t2Inputs.schedule8.classes[] (first in C02): each reserved name written as a key of that object is found once (covered 53)
      ~ W00c RC-A reservedKeys ARC-8 answer-key.json t2Inputs.schedule8.classes[].additions[] (first in C02): each reserved name written as a key of that object is found once (covered 53)
      ~ W00c RC-A reservedKeys ARC-8 answer-key.json t2Inputs.instalments (first in C02): each reserved name written as a key of that object is found once (covered 53)
      ~ W00c RC-A reservedKeys ARC-8 answer-key.json transactions[].payroll (first in C03): each reserved name written as a key of that object is found once (covered 53)
      ~ W00c RC-A reservedKeys ARC-8 answer-key.json assets[] (first in C03): each reserved name written as a key of that object is found once (covered 53)
      ~ W00c RC-A reservedKeys ARC-8 answer-key.json assets[].book (first in C03): each reserved name written as a key of that object is found once (covered 53)
      ~ W00c RC-A reservedKeys ARC-8 answer-key.json assets[].cca (first in C03): each reserved name written as a key of that object is found once (covered 53)
      ~ W00c RC-A reservedKeys ARC-8 answer-key.json t2Inputs.schedule8.openingUcc[] (first in C03): each reserved name written as a key of that object is found once (covered 53)
      ~ W00c RC-A reservedKeys ARC-8 answer-key.json t2Inputs.slips.T4[] (first in C03): each reserved name written as a key of that object is found once (covered 53)
      ~ W00c RC-A reservedKeys ARC-8 answer-key.json t2Inputs.slips.T4Summary[] (first in C03): each reserved name written as a key of that object is found once (covered 53)
      ~ W00c RC-A reservedKeys ARC-8 answer-key.json transactions[].parts (first in C04): each reserved name written as a key of that object is found once (covered 53)
      ~ W00c RC-A reservedKeys ARC-8 answer-key.json t2Inputs.schedule1.deductions[] (first in C05): each reserved name written as a key of that object is found once (covered 53)
      ~ W00c RC-A reservedKeys ARC-8 answer-key.json t2Inputs.schedule3.dividendsReceived[] (first in C05): each reserved name written as a key of that object is found once (covered 53)
      ~ W00c RC-A reservedKeys ARC-8 answer-key.json t2Inputs.schedule6 (first in C05): each reserved name written as a key of that object is found once (covered 53)
      ~ W00c RC-A reservedKeys ARC-8 answer-key.json t2Inputs.schedule6.dispositions[] (first in C05): each reserved name written as a key of that object is found once (covered 53)
      ~ W00c RC-A reservedKeys ARC-8 answer-key.json t2Inputs.investmentIncomeCheck (first in C05): each reserved name written as a key of that object is found once (covered 53)
      ~ W00c RC-A reservedKeys ARC-8 answer-key.json t2Inputs.schedule23.allocations[] (first in C05): each reserved name written as a key of that object is found once (covered 53)
      ~ W00c RC-A reservedKeys ARC-8 answer-key.json t2Inputs.schedule9 (first in C05): each reserved name written as a key of that object is found once (covered 53)
      ~ W00c RC-A reservedKeys ARC-8 answer-key.json t2Inputs.schedule9.relatedCorporations[] (first in C05): each reserved name written as a key of that object is found once (covered 53)
      ~ W00c RC-A reservedKeys ARC-8 answer-key.json t2Inputs.slips.T5Received[] (first in C05): each reserved name written as a key of that object is found once (covered 53)
      ~ W00c RC-A reservedKeys ARC-8 answer-key.json fx (first in C06): each reserved name written as a key of that object is found once (covered 53)
      ~ W00c RC-A reservedKeys ARC-8 answer-key.json fx.monthly (first in C06): each reserved name written as a key of that object is found once (covered 53)
      ~ W00c RC-A reservedKeys ARC-8 answer-key.json t2Inputs.specifiedInvestmentBusiness (first in C07): each reserved name written as a key of that object is found once (covered 53)
      ~ W00c RC-A reservedKeys ARC-8 answer-key.json t2Inputs.taxationYear (first in C09): each reserved name written as a key of that object is found once (covered 53)
      ~ W00c RC-A reservedKeys ARC-8 answer-key.json t2Inputs.pendingDecisions[] (first in C09): each reserved name written as a key of that object is found once (covered 53)
      ~ W00c RC-A reservedKeys ARC-8 answer-key.json prior_year (first in C11): each reserved name written as a key of that object is found once (covered 53)
      ~ W00c RC-A reservedKeys ARC-8 answer-key.json prior_year.fiscalYear (first in C11): each reserved name written as a key of that object is found once (covered 53)
      ~ W00c RC-A reservedKeys ARC-8 answer-key.json prior_year.balanceSheet[] (first in C11): each reserved name written as a key of that object is found once (covered 53)
      ~ W00c RC-A reservedKeys ARC-8 answer-key.json prior_year.schedule1 (first in C11): each reserved name written as a key of that object is found once (covered 53)
      ~ W00c RC-A reservedKeys ARC-8 answer-key.json prior_year.incomeStatement (first in C11): each reserved name written as a key of that object is found once (covered 53)
      ~ W00c RC-A reservedKeys ARC-8 answer-key.json prior_year.retainedEarnings (first in C11): each reserved name written as a key of that object is found once (covered 53)
      ~ W00c RC-A reservedKeys ARC-8 answer-key.json prior_year.balanceOwing (first in C11): each reserved name written as a key of that object is found once (covered 53)
      ~ W00c RC-A reservedKeys ARC-8 answer-key.json prior_year.ucc[] (first in C11): each reserved name written as a key of that object is found once (covered 53)
      ~ W00c RC-A reservedKeys ARC-8 answer-key.json prior_year.losses (first in C11): each reserved name written as a key of that object is found once (covered 53)
      ~ W00c RC-A reservedKeys ARC-8 answer-key.json prior_year.dividendAccounts (first in C11): each reserved name written as a key of that object is found once (covered 53)
      ~ W00c RC-A reservedKeys ARC-8 answer-key.json prior_year.noticeOfAssessment (first in C11): each reserved name written as a key of that object is found once (covered 53)
      ~ W00c RC-A reservedKeys ARC-8 answer-key.json prior_year.rv2 (first in C11): each reserved name written as a key of that object is found once (covered 53)
      ~ W00c RC-A reservedKeys ARC-8 answer-key.json trialBalance.*.rows[].source (first in C12): each reserved name written as a key of that object is found once (covered 53)
      ~ W00c RC-A reservedKeys ARC-8 answer-key.json t2Inputs.lines[] (first in C12): each reserved name written as a key of that object is found once (covered 53)
      ~ W00c RC-A reservedKeys ARC-8 answer-key.json t2Inputs.lines[].source (first in C12): each reserved name written as a key of that object is found once (covered 53)
      ~ W00c RC-A reservedKeys ARC-8 answer-key.json ohip (first in C13): each reserved name written as a key of that object is found once (covered 53)
      ~ W00c RC-A reservedKeys ARC-8 answer-key.json ohip.window (first in C13): each reserved name written as a key of that object is found once (covered 53)
      ~ W00c RC-A reservedKeys ARC-8 answer-key.json ohip.raStatements[] (first in C13): each reserved name written as a key of that object is found once (covered 53)
      ~ W00c RC-A reservedKeys ARC-8 answer-key.json ohip.raStatements[].lines[] (first in C13): each reserved name written as a key of that object is found once (covered 53)
      ~ W00c RC-A reservedKeys ARC-8 answer-key.json ohip.raStatements[].reductions[] (first in C13): each reserved name written as a key of that object is found once (covered 53)
      ~ W00c RC-A reservedKeys ARC-8 answer-key.json ohip.openingReceivable (first in C13): each reserved name written as a key of that object is found once (covered 53)
      ~ W00c RC-A reservedKeys ARC-8 answer-key.json ohip.accruedReceivable (first in C13): each reserved name written as a key of that object is found once (covered 53)
      ~ W00c RC-A reservedKeys ARC-8 answer-key.json ohip.reduction (first in C13): each reserved name written as a key of that object is found once (covered 53)
      ~ W00c RC-A reservedKeys ARC-8 answer-key.json ohip.resubmission (first in C13): each reserved name written as a key of that object is found once (covered 53)
      ~ W00c RC-A reservedKeys ARC-8 answer-key.json ohip.revenueByServiceMonth[] (first in C13): each reserved name written as a key of that object is found once (covered 53)
      ~ W00c RC-A reservedKeys ARC-8 answer-key.json nonOhipIncome (first in C13): each reserved name written as a key of that object is found once (covered 53)
      ~ W00c RC-A reservedKeys ARC-8 answer-key.json nonOhipIncome.items[] (first in C13): each reserved name written as a key of that object is found once (covered 53)
      ~ W00c RC-A reservedKeys ARC-8 answer-key.json t2Inputs.schedule8.closingUcc[] (first in C14): each reserved name written as a key of that object is found once (covered 53)
      ~ W00c RC-A reservedKeys ARC-8 answer-key.json t2Inputs.losses (first in C14): each reserved name written as a key of that object is found once (covered 53)
      ~ W00c RC-A reservedKeys ARC-8 answer-key.json t2Inputs.losses.nonCapitalBroughtForward[] (first in C15): each reserved name written as a key of that object is found once (covered 53)
      ~ W00c RC-A reservedKeys ARC-8 answer-key.json prior_year.losses.nonCapital[] (first in C15): each reserved name written as a key of that object is found once (covered 53)
    w00c-load.test.ts
      ~ ARC-8 W00c every date is a real calendar date a transaction dated "2025-03-99" is refused, naming the field (covered 53)
      ~ ARC-8 W00c every date is a real calendar date a transaction dated "2025-02-30" is refused, naming the field (covered 53)
      ~ ARC-8 W00c every date is a real calendar date a transaction dated "2025-03" is refused, naming the field (covered 53)
      ~ ARC-8 W00c every date is a real calendar date a transaction dated "2025-3-05" is refused, naming the field (covered 53)
      ~ ARC-8 W00c every date is a real calendar date a transaction dated "25-03-05" is refused, naming the field (covered 53)
      ~ ARC-8 W00c every date is a real calendar date a transaction dated "" is refused, naming the field (covered 53)
      ~ ARC-8 W00c every date is a real calendar date an adjusting entry date and both fiscal year dates are refused the same way (covered 53)
      ~ ARC-8 W00c every date is a real calendar date the last day of a leap February is a date (covered 53)
      ~ ARC-8 W00c an account role is one of the four known a role outside the list is refused, naming the field (covered 53)
      ~ ARC-8 W00c account files are regular CSV files of their own subfolder file set to "" is refused with the account, the field and the folder (covered 53)
      ~ ARC-8 W00c account files are regular CSV files of their own subfolder file set to "accounts" is refused with the account, the field and the folder (covered 53)
      ~ ARC-8 W00c account files are regular CSV files of their own subfolder file set to "accounts/" is refused with the account, the field and the folder (covered 53)
      ~ ARC-8 W00c account files are regular CSV files of their own subfolder file set to "accounts/.csv" is refused with the account, the field and the folder (covered 53)
      ~ ARC-8 W00c account files are regular CSV files of their own subfolder file set to "accounts/x.txt" is refused with the account, the field and the folder (covered 53)
      ~ ARC-8 W00c account files are regular CSV files of their own subfolder file set to "accounts/sub/x.csv" is refused with the account, the field and the folder (covered 53)
      ~ ARC-8 W00c account files are regular CSV files of their own subfolder file set to "qbo/x.csv" is refused with the account, the field and the folder (covered 53)
      ~ ARC-8 W00c account files are regular CSV files of their own subfolder file set to "answer-key.json" is refused with the account, the field and the folder (covered 53)
      ~ ARC-8 W00c account files are regular CSV files of their own subfolder file set to "accountsx/x.csv" is refused with the account, the field and the folder (covered 53)
      ~ ARC-8 W00c account files are regular CSV files of their own subfolder qboFile set to "accounts/x.csv" is refused with the account, the field and the folder (covered 53)
      ~ ARC-8 W00c account files are regular CSV files of their own subfolder qboFile set to "qbo" is refused with the account, the field and the folder (covered 53)
      ~ ARC-8 W00c account files are regular CSV files of their own subfolder qboFile set to "qbo/a.txt" is refused with the account, the field and the folder (covered 53)
      ~ ARC-8 W00c account files are regular CSV files of their own subfolder a one-letter file name is a file name (covered 53)
      ~ ARC-8 W00c account files are regular CSV files of their own subfolder a directory named like a CSV is not a regular file (covered 53)
      ~ ARC-8 W00c account files are regular CSV files of their own subfolder a link out of the folder is still refused as leading out (covered 53)
      ~ ARC-8 W00c a client JSON file that is a directory or not JSON is a file issue answer-key.json replaced by a directory (covered 53)
      ~ ARC-8 W00c a client JSON file that is a directory or not JSON is a file issue onboarding.json replaced by a directory (covered 53)
      ~ ARC-8 W00c a client JSON file that is a directory or not JSON is a file issue answer-key.json that is not valid JSON (covered 53)
      ~ ARC-8 W00c a client JSON file that is a directory or not JSON is a file issue onboarding.json that is not valid JSON (covered 53)
      ~ ARC-8 W00c a client JSON file that is a directory or not JSON is a file issue both files broken give both issues (covered 19)
      ~ ARC-8 W00c a client JSON file that is a directory or not JSON is a file issue a missing onboarding.json is still a file issue (covered 53)
      ~ ARC-8 W00c a "(...)" qualifier on an onboarding source names a record of its key the real qualifier resolves (covered 53)
      ~ ARC-8 W00c a "(...)" qualifier on an onboarding source names a record of its key "prior_year_closing_balances (1200 Wrong)" is refused, naming the source (covered 53)
      ~ ARC-8 W00c a "(...)" qualifier on an onboarding source names a record of its key "prior_year_closing_balances (9999 Prepaid expenses)" is refused, naming the source (covered 53)
      ~ ARC-8 W00c a "(...)" qualifier on an onboarding source names a record of its key "prior_year_closing_balances (x)" is refused, naming the source (covered 53)
      ~ ARC-8 W00c a "(...)" qualifier on an onboarding source names a record of its key "prior_year_closing_balances ()" is refused, naming the source (covered 53)
      ~ ARC-8 W00c a "(...)" qualifier on an onboarding source names a record of its key "prior_year_closing_balances (1200)" is refused, naming the source (covered 53)
      ~ ARC-8 W00c a "(...)" qualifier on an onboarding source names a record of its key "nothing (1200 Prepaid expenses)" is refused, naming the source (covered 53)
      ~ ARC-8 W00c a "(...)" qualifier on an onboarding source names a record of its key "tenants (1200 Prepaid expenses)" is refused, naming the source (covered 53)
      ~ ARC-8 W00c a "(...)" qualifier on an onboarding source names a record of its key "prior_year_closing_balances (A200 Prepaid expenses)" is refused, naming the source (covered 53)
      ~ ARC-8 W00c a "(...)" qualifier on an onboarding source names a record of its key a qualifier on a key with no account list is refused (covered 53)
      ~ ARC-8 W00c a "(...)" qualifier on an onboarding source names a record of its key an answer id resolves whole (covered 53)
    w00c-survivors.test.ts
      ~ ARC-8 W00c an account file that is the folder above is refused as leading out a link to the parent folder is "leads out", not "not a regular file" (covered 53)
      ~ ARC-8 W00c the exact shape of a "(...)" qualifier on an onboarding source "prior_year_closing_balances(1200 Prepaid expenses)" resolves (covered 53)
      ~ ARC-8 W00c the exact shape of a "(...)" qualifier on an onboarding source "prior_year_closing_balances   (1200 Prepaid expenses)" resolves (covered 53)
      ~ ARC-8 W00c the exact shape of a "(...)" qualifier on an onboarding source "prior_year_closing_balances (1200 Prepaid expenses) " resolves (covered 53)
      ~ ARC-8 W00c the exact shape of a "(...)" qualifier on an onboarding source "prior_year_closing_balances (1200 Prepaid expenses)	" resolves (covered 53)
      ~ ARC-8 W00c the exact shape of a "(...)" qualifier on an onboarding source "first line\nprior_year_closing_balances (1200 Prepaid expenses)" is refused (covered 53)
      ~ ARC-8 W00c the exact shape of a "(...)" qualifier on an onboarding source "prior_year_closing_balances (1200 Prepaid expenses) and more" is refused (covered 53)
      ~ ARC-8 W00c the exact shape of a "(...)" qualifier on an onboarding source "prior_year_closing_balances (X1200 Prepaid expenses)" is refused (covered 53)
      ~ ARC-8 W00c the exact shape of a "(...)" qualifier on an onboarding source "prior_year_closing_balances (1200 Prepaid expenses\nmore)" is refused (covered 53)
      ~ ARC-8 W00c the exact shape of a "(...)" qualifier on an onboarding source "prior_year_closing_balances (1200 Prepaid expenses) (1200 Prepaid expenses)x" is refused (covered 53)
      ~ ARC-8 W00c the exact shape of a "(...)" qualifier on an onboarding source a qualifier on a key whose value is null is refused, not a crash (covered 53)
      ~ ARC-8 W00c the exact shape of a "(...)" qualifier on an onboarding source a qualifier on a key whose value is plain text, a number or a boolean is refused (covered 53)
      ✘ ARC-8 W00c the statement roll leaves a duplicate and a priorYear row out a clean duplicate pair with its waiver and marker gives no issue at all, roll included (covered 0)
      ✘ ARC-8 W00c the statement roll leaves a duplicate and a priorYear row out a priorYear row dated inside a listed month is not on that month's statement (covered 0)
      ✘ ARC-8 W00c a priorYear row is excused from "in no month" only when it is before the year and its month is marked a row dated after the year ends, in a marked month, is still in no month (covered 0)
      ✘ ARC-8 W00c a priorYear row is excused from "in no month" only when it is before the year and its month is marked a row dated on the first day of the year, in a month the account lacks, is still in no month (covered 0)
      ✘ ARC-8 W00c a priorYear row is excused from "in no month" only when it is before the year and its month is marked a row dated the day before the year, in a marked month, is excused (covered 0)
      ✘ ARC-8 W00c a repeated transaction id never lets a later row stand in for the first original a duplicate that matches the first row of a repeated id is not called a mismatch (covered 0)
      ✘ ARC-8 W00c a calendar date is the whole text, nothing before or after "x2025-03-05" is not a date (covered 0)
      ✘ ARC-8 W00c a calendar date is the whole text, nothing before or after "2025-03-05x" is not a date (covered 0)
      ✘ ARC-8 W00c a calendar date is the whole text, nothing before or after " 2025-03-05" is not a date (covered 0)
      ✘ ARC-8 W00c a calendar date is the whole text, nothing before or after "2025-03-05\n" is not a date (covered 0)
      ✘ ARC-8 W00c a calendar date is the whole text, nothing before or after "12025-03-05" is not a date (covered 0)
      ✘ ARC-8 W00c a calendar date is the whole text, nothing before or after a plain date is one (covered 0)
  model
    generate.test.ts
      ✘ checkRegeneration ARC-16 identical output is reported identical; ignored names are not compared; the temp folder is removed (covered 0)
      ✘ checkRegeneration ARC-16 changed, stale and missing files are listed, sorted, relative to the root (covered 0)
      ✘ checkRegeneration ARC-16 the list is sorted even when the missing file sorts before the stale one (covered 0)
      ✘ checkRegeneration ARC-16 a backslash in a name is written as a slash in the list (covered 0)
      ✘ checkRegeneration ARC-16 an explicit root is compared instead of the sample folder (covered 0)
      ✘ checkRegeneration ARC-16 a failing generator rejects and still removes the temp folder (covered 0)
    json-keys.acceptance.test.ts
      ✘ W00c RC5 the walk ARC-8 the walk finds statement balances, transactions and a first onboarding key to repeat (covered 0)
      ✓ W00c RC5 the walk END-9 C01 loads unchanged (equal keys in different objects are not repeats) (killed 3)
      ~ W00c RC5 the walk END-9 C02 loads unchanged (equal keys in different objects are not repeats) (covered 53)
      ~ W00c RC5 the walk END-9 C03 loads unchanged (equal keys in different objects are not repeats) (covered 53)
      ~ W00c RC5 the walk END-9 C04 loads unchanged (equal keys in different objects are not repeats) (covered 53)
      ~ W00c RC5 the walk END-9 C05 loads unchanged (equal keys in different objects are not repeats) (covered 53)
      ~ W00c RC5 the walk END-9 C06 loads unchanged (equal keys in different objects are not repeats) (covered 53)
      ~ W00c RC5 the walk END-9 C07 loads unchanged (equal keys in different objects are not repeats) (covered 53)
      ~ W00c RC5 the walk END-9 C08 loads unchanged (equal keys in different objects are not repeats) (covered 53)
      ~ W00c RC5 the walk END-9 C09 loads unchanged (equal keys in different objects are not repeats) (covered 53)
      ~ W00c RC5 the walk END-9 C10 loads unchanged (equal keys in different objects are not repeats) (covered 53)
      ~ W00c RC5 the walk END-9 C11 loads unchanged (equal keys in different objects are not repeats) (covered 53)
      ~ W00c RC5 the walk END-9 C12 loads unchanged (equal keys in different objects are not repeats) (covered 53)
      ~ W00c RC5 the walk END-9 C13 loads unchanged (equal keys in different objects are not repeats) (covered 53)
      ~ W00c RC5 the walk END-9 C14 loads unchanged (equal keys in different objects are not repeats) (covered 53)
      ~ W00c RC5 the walk END-9 C15 loads unchanged (equal keys in different objects are not repeats) (covered 53)
      ✓ W00c RC5 a repeated key in one object is refused (every folder) ARC-8 C01 with its first statementBalances key written twice (an empty decoy first) is refused with a 'file' issue naming answer-key.json and the key (killed 2)
      ~ W00c RC5 a repeated key in one object is refused (every folder) ARC-8 C02 with its first statementBalances key written twice (an empty decoy first) is refused with a 'file' issue naming answer-key.json and the key (covered 53)
      ~ W00c RC5 a repeated key in one object is refused (every folder) ARC-8 C03 with its first statementBalances key written twice (an empty decoy first) is refused with a 'file' issue naming answer-key.json and the key (covered 53)
      ~ W00c RC5 a repeated key in one object is refused (every folder) ARC-8 C04 with its first statementBalances key written twice (an empty decoy first) is refused with a 'file' issue naming answer-key.json and the key (covered 53)
      ~ W00c RC5 a repeated key in one object is refused (every folder) ARC-8 C05 with its first statementBalances key written twice (an empty decoy first) is refused with a 'file' issue naming answer-key.json and the key (covered 53)
      ~ W00c RC5 a repeated key in one object is refused (every folder) ARC-8 C06 with its first statementBalances key written twice (an empty decoy first) is refused with a 'file' issue naming answer-key.json and the key (covered 53)
      ~ W00c RC5 a repeated key in one object is refused (every folder) ARC-8 C07 with its first statementBalances key written twice (an empty decoy first) is refused with a 'file' issue naming answer-key.json and the key (covered 53)
      ~ W00c RC5 a repeated key in one object is refused (every folder) ARC-8 C08 with its first statementBalances key written twice (an empty decoy first) is refused with a 'file' issue naming answer-key.json and the key (covered 53)
      ~ W00c RC5 a repeated key in one object is refused (every folder) ARC-8 C09 with its first statementBalances key written twice (an empty decoy first) is refused with a 'file' issue naming answer-key.json and the key (covered 53)
      ~ W00c RC5 a repeated key in one object is refused (every folder) ARC-8 C10 with its first statementBalances key written twice (an empty decoy first) is refused with a 'file' issue naming answer-key.json and the key (covered 53)
      ~ W00c RC5 a repeated key in one object is refused (every folder) ARC-8 C11 with its first statementBalances key written twice (an empty decoy first) is refused with a 'file' issue naming answer-key.json and the key (covered 53)
      ~ W00c RC5 a repeated key in one object is refused (every folder) ARC-8 C13 with its first statementBalances key written twice (an empty decoy first) is refused with a 'file' issue naming answer-key.json and the key (covered 53)
      ~ W00c RC5 a repeated key in one object is refused (every folder) ARC-8 C14 with its first statementBalances key written twice (an empty decoy first) is refused with a 'file' issue naming answer-key.json and the key (covered 53)
      ~ W00c RC5 a repeated key in one object is refused (every folder) ARC-8 C15 with its first statementBalances key written twice (an empty decoy first) is refused with a 'file' issue naming answer-key.json and the key (covered 53)
      ~ W00c RC5 a repeated key in one object is refused (every folder) ARC-8 C01 with one transaction's amount written twice (a zero decoy first) is refused with a 'file' issue naming answer-key.json and amount (covered 53)
      ~ W00c RC5 a repeated key in one object is refused (every folder) ARC-8 C02 with one transaction's amount written twice (a zero decoy first) is refused with a 'file' issue naming answer-key.json and amount (covered 53)
      ~ W00c RC5 a repeated key in one object is refused (every folder) ARC-8 C03 with one transaction's amount written twice (a zero decoy first) is refused with a 'file' issue naming answer-key.json and amount (covered 53)
      ~ W00c RC5 a repeated key in one object is refused (every folder) ARC-8 C04 with one transaction's amount written twice (a zero decoy first) is refused with a 'file' issue naming answer-key.json and amount (covered 53)
      ~ W00c RC5 a repeated key in one object is refused (every folder) ARC-8 C05 with one transaction's amount written twice (a zero decoy first) is refused with a 'file' issue naming answer-key.json and amount (covered 53)
      ~ W00c RC5 a repeated key in one object is refused (every folder) ARC-8 C06 with one transaction's amount written twice (a zero decoy first) is refused with a 'file' issue naming answer-key.json and amount (covered 53)
      ~ W00c RC5 a repeated key in one object is refused (every folder) ARC-8 C07 with one transaction's amount written twice (a zero decoy first) is refused with a 'file' issue naming answer-key.json and amount (covered 53)
      ~ W00c RC5 a repeated key in one object is refused (every folder) ARC-8 C08 with one transaction's amount written twice (a zero decoy first) is refused with a 'file' issue naming answer-key.json and amount (covered 53)
      ~ W00c RC5 a repeated key in one object is refused (every folder) ARC-8 C09 with one transaction's amount written twice (a zero decoy first) is refused with a 'file' issue naming answer-key.json and amount (covered 53)
      ~ W00c RC5 a repeated key in one object is refused (every folder) ARC-8 C10 with one transaction's amount written twice (a zero decoy first) is refused with a 'file' issue naming answer-key.json and amount (covered 53)
      ~ W00c RC5 a repeated key in one object is refused (every folder) ARC-8 C11 with one transaction's amount written twice (a zero decoy first) is refused with a 'file' issue naming answer-key.json and amount (covered 53)
      ~ W00c RC5 a repeated key in one object is refused (every folder) ARC-8 C13 with one transaction's amount written twice (a zero decoy first) is refused with a 'file' issue naming answer-key.json and amount (covered 53)
      ~ W00c RC5 a repeated key in one object is refused (every folder) ARC-8 C14 with one transaction's amount written twice (a zero decoy first) is refused with a 'file' issue naming answer-key.json and amount (covered 53)
      ~ W00c RC5 a repeated key in one object is refused (every folder) ARC-8 C15 with one transaction's amount written twice (a zero decoy first) is refused with a 'file' issue naming answer-key.json and amount (covered 53)
      ~ W00c RC5 a repeated key in one object is refused (every folder) ARC-8 C01 with a repeated transaction key written with a unicode escape ("am\u006funt") is refused with a 'file' issue naming answer-key.json and amount (covered 53)
      ~ W00c RC5 a repeated key in one object is refused (every folder) ARC-8 C02 with a repeated transaction key written with a unicode escape ("am\u006funt") is refused with a 'file' issue naming answer-key.json and amount (covered 53)
      ~ W00c RC5 a repeated key in one object is refused (every folder) ARC-8 C03 with a repeated transaction key written with a unicode escape ("am\u006funt") is refused with a 'file' issue naming answer-key.json and amount (covered 53)
      ~ W00c RC5 a repeated key in one object is refused (every folder) ARC-8 C04 with a repeated transaction key written with a unicode escape ("am\u006funt") is refused with a 'file' issue naming answer-key.json and amount (covered 53)
      ~ W00c RC5 a repeated key in one object is refused (every folder) ARC-8 C05 with a repeated transaction key written with a unicode escape ("am\u006funt") is refused with a 'file' issue naming answer-key.json and amount (covered 53)
      ~ W00c RC5 a repeated key in one object is refused (every folder) ARC-8 C06 with a repeated transaction key written with a unicode escape ("am\u006funt") is refused with a 'file' issue naming answer-key.json and amount (covered 53)
      ~ W00c RC5 a repeated key in one object is refused (every folder) ARC-8 C07 with a repeated transaction key written with a unicode escape ("am\u006funt") is refused with a 'file' issue naming answer-key.json and amount (covered 53)
      ~ W00c RC5 a repeated key in one object is refused (every folder) ARC-8 C08 with a repeated transaction key written with a unicode escape ("am\u006funt") is refused with a 'file' issue naming answer-key.json and amount (covered 53)
      ~ W00c RC5 a repeated key in one object is refused (every folder) ARC-8 C09 with a repeated transaction key written with a unicode escape ("am\u006funt") is refused with a 'file' issue naming answer-key.json and amount (covered 53)
      ~ W00c RC5 a repeated key in one object is refused (every folder) ARC-8 C10 with a repeated transaction key written with a unicode escape ("am\u006funt") is refused with a 'file' issue naming answer-key.json and amount (covered 53)
      ~ W00c RC5 a repeated key in one object is refused (every folder) ARC-8 C11 with a repeated transaction key written with a unicode escape ("am\u006funt") is refused with a 'file' issue naming answer-key.json and amount (covered 53)
      ~ W00c RC5 a repeated key in one object is refused (every folder) ARC-8 C13 with a repeated transaction key written with a unicode escape ("am\u006funt") is refused with a 'file' issue naming answer-key.json and amount (covered 53)
      ~ W00c RC5 a repeated key in one object is refused (every folder) ARC-8 C14 with a repeated transaction key written with a unicode escape ("am\u006funt") is refused with a 'file' issue naming answer-key.json and amount (covered 53)
      ~ W00c RC5 a repeated key in one object is refused (every folder) ARC-8 C15 with a repeated transaction key written with a unicode escape ("am\u006funt") is refused with a 'file' issue naming answer-key.json and amount (covered 53)
      ~ W00c RC5 a repeated key in one object is refused (every folder) ARC-8 C01 with the first top-level key of onboarding.json written twice (an empty decoy first) is refused with a 'file' issue naming onboarding.json and the key (covered 53)
      ~ W00c RC5 a repeated key in one object is refused (every folder) ARC-8 C02 with the first top-level key of onboarding.json written twice (an empty decoy first) is refused with a 'file' issue naming onboarding.json and the key (covered 53)
      ~ W00c RC5 a repeated key in one object is refused (every folder) ARC-8 C03 with the first top-level key of onboarding.json written twice (an empty decoy first) is refused with a 'file' issue naming onboarding.json and the key (covered 53)
      ~ W00c RC5 a repeated key in one object is refused (every folder) ARC-8 C04 with the first top-level key of onboarding.json written twice (an empty decoy first) is refused with a 'file' issue naming onboarding.json and the key (covered 53)
      ~ W00c RC5 a repeated key in one object is refused (every folder) ARC-8 C05 with the first top-level key of onboarding.json written twice (an empty decoy first) is refused with a 'file' issue naming onboarding.json and the key (covered 53)
      ~ W00c RC5 a repeated key in one object is refused (every folder) ARC-8 C06 with the first top-level key of onboarding.json written twice (an empty decoy first) is refused with a 'file' issue naming onboarding.json and the key (covered 53)
      ~ W00c RC5 a repeated key in one object is refused (every folder) ARC-8 C07 with the first top-level key of onboarding.json written twice (an empty decoy first) is refused with a 'file' issue naming onboarding.json and the key (covered 53)
      ~ W00c RC5 a repeated key in one object is refused (every folder) ARC-8 C08 with the first top-level key of onboarding.json written twice (an empty decoy first) is refused with a 'file' issue naming onboarding.json and the key (covered 53)
      ~ W00c RC5 a repeated key in one object is refused (every folder) ARC-8 C09 with the first top-level key of onboarding.json written twice (an empty decoy first) is refused with a 'file' issue naming onboarding.json and the key (covered 53)
      ~ W00c RC5 a repeated key in one object is refused (every folder) ARC-8 C10 with the first top-level key of onboarding.json written twice (an empty decoy first) is refused with a 'file' issue naming onboarding.json and the key (covered 53)
      ~ W00c RC5 a repeated key in one object is refused (every folder) ARC-8 C11 with the first top-level key of onboarding.json written twice (an empty decoy first) is refused with a 'file' issue naming onboarding.json and the key (covered 53)
      ~ W00c RC5 a repeated key in one object is refused (every folder) ARC-8 C12 with the first top-level key of onboarding.json written twice (an empty decoy first) is refused with a 'file' issue naming onboarding.json and the key (covered 53)
      ~ W00c RC5 a repeated key in one object is refused (every folder) ARC-8 C13 with the first top-level key of onboarding.json written twice (an empty decoy first) is refused with a 'file' issue naming onboarding.json and the key (covered 53)
      ~ W00c RC5 a repeated key in one object is refused (every folder) ARC-8 C14 with the first top-level key of onboarding.json written twice (an empty decoy first) is refused with a 'file' issue naming onboarding.json and the key (covered 53)
      ~ W00c RC5 a repeated key in one object is refused (every folder) ARC-8 C15 with the first top-level key of onboarding.json written twice (an empty decoy first) is refused with a 'file' issue naming onboarding.json and the key (covered 53)
      ~ W00c RC5 text inside a string value is never a key (every folder with transactions) ARC-8 C01 with a description holding escaped quotes around a key name and a trailing backslash still loads (covered 53)
      ~ W00c RC5 text inside a string value is never a key (every folder with transactions) ARC-8 C02 with a description holding escaped quotes around a key name and a trailing backslash still loads (covered 53)
      ~ W00c RC5 text inside a string value is never a key (every folder with transactions) ARC-8 C03 with a description holding escaped quotes around a key name and a trailing backslash still loads (covered 53)
      ~ W00c RC5 text inside a string value is never a key (every folder with transactions) ARC-8 C04 with a description holding escaped quotes around a key name and a trailing backslash still loads (covered 53)
      ~ W00c RC5 text inside a string value is never a key (every folder with transactions) ARC-8 C05 with a description holding escaped quotes around a key name and a trailing backslash still loads (covered 53)
      ~ W00c RC5 text inside a string value is never a key (every folder with transactions) ARC-8 C06 with a description holding escaped quotes around a key name and a trailing backslash still loads (covered 53)
      ~ W00c RC5 text inside a string value is never a key (every folder with transactions) ARC-8 C07 with a description holding escaped quotes around a key name and a trailing backslash still loads (covered 53)
      ~ W00c RC5 text inside a string value is never a key (every folder with transactions) ARC-8 C08 with a description holding escaped quotes around a key name and a trailing backslash still loads (covered 53)
      ~ W00c RC5 text inside a string value is never a key (every folder with transactions) ARC-8 C09 with a description holding escaped quotes around a key name and a trailing backslash still loads (covered 53)
      ~ W00c RC5 text inside a string value is never a key (every folder with transactions) ARC-8 C10 with a description holding escaped quotes around a key name and a trailing backslash still loads (covered 53)
      ~ W00c RC5 text inside a string value is never a key (every folder with transactions) ARC-8 C11 with a description holding escaped quotes around a key name and a trailing backslash still loads (covered 53)
      ~ W00c RC5 text inside a string value is never a key (every folder with transactions) ARC-8 C13 with a description holding escaped quotes around a key name and a trailing backslash still loads (covered 53)
      ~ W00c RC5 text inside a string value is never a key (every folder with transactions) ARC-8 C14 with a description holding escaped quotes around a key name and a trailing backslash still loads (covered 53)
      ~ W00c RC5 text inside a string value is never a key (every folder with transactions) ARC-8 C15 with a description holding escaped quotes around a key name and a trailing backslash still loads (covered 53)
      ✘ W00c RC5 a repeated key at any depth is refused by the loader (spec review 3, gap 3: every folder, both files, one node per depth) ARC-8 the sample takes one node per depth present in each file of each folder, the root included (covered 0)
      ~ W00c RC5 a repeated key at any depth is refused by the loader (spec review 3, gap 3: every folder, both files, one node per depth) ARC-8 C01 answer-key.json at depth 0, the object at (root) written with its first key twice (a decoy first), is refused with a 'file' issue naming the file and the key (covered 53)
      ~ W00c RC5 a repeated key at any depth is refused by the loader (spec review 3, gap 3: every folder, both files, one node per depth) ARC-8 C01 answer-key.json at depth 1, the object at statementBalances written with its first key twice (a decoy first), is refused with a 'file' issue naming the file and the key (covered 53)
      ~ W00c RC5 a repeated key at any depth is refused by the loader (spec review 3, gap 3: every folder, both files, one node per depth) ARC-8 C01 answer-key.json at depth 2, the object at transactions.2 written with its first key twice (a decoy first), is refused with a 'file' issue naming the file and the key (covered 53)
      ~ W00c RC5 a repeated key at any depth is refused by the loader (spec review 3, gap 3: every folder, both files, one node per depth) ARC-8 C01 answer-key.json at depth 3, the object at statementBalances.CHQ.2 written with its first key twice (a decoy first), is refused with a 'file' issue naming the file and the key (covered 53)
      ~ W00c RC5 a repeated key at any depth is refused by the loader (spec review 3, gap 3: every folder, both files, one node per depth) ARC-8 C01 answer-key.json at depth 4, the object at transactions.940.post.1 written with its first key twice (a decoy first), is refused with a 'file' issue naming the file and the key (covered 53)
      ~ W00c RC5 a repeated key at any depth is refused by the loader (spec review 3, gap 3: every folder, both files, one node per depth) ARC-8 C01 answer-key.json at depth 5, the object at t2Inputs.schedule1.addBacks.0.source written with its first key twice (a decoy first), is refused with a 'file' issue naming the file and the key (covered 53)
      ~ W00c RC5 a repeated key at any depth is refused by the loader (spec review 3, gap 3: every folder, both files, one node per depth) ARC-8 C01 onboarding.json at depth 0, the object at (root) written with its first key twice (a decoy first), is refused with a 'file' issue naming the file and the key (covered 53)
      ~ W00c RC5 a repeated key at any depth is refused by the loader (spec review 3, gap 3: every folder, both files, one node per depth) ARC-8 C01 onboarding.json at depth 1, the object at hst written with its first key twice (a decoy first), is refused with a 'file' issue naming the file and the key (covered 53)
      ~ W00c RC5 a repeated key at any depth is refused by the loader (spec review 3, gap 3: every folder, both files, one node per depth) ARC-8 C01 onboarding.json at depth 2, the object at owners.0 written with its first key twice (a decoy first), is refused with a 'file' issue naming the file and the key (covered 53)
      ~ W00c RC5 a repeated key at any depth is refused by the loader (spec review 3, gap 3: every folder, both files, one node per depth) ARC-8 C01 onboarding.json at depth 3, the object at prior_year_closing_balances.accounts.1 written with its first key twice (a decoy first), is refused with a 'file' issue naming the file and the key (covered 53)
      ~ W00c RC5 a repeated key at any depth is refused by the loader (spec review 3, gap 3: every folder, both files, one node per depth) ARC-8 C02 answer-key.json at depth 0, the object at (root) written with its first key twice (a decoy first), is refused with a 'file' issue naming the file and the key (covered 53)
      ~ W00c RC5 a repeated key at any depth is refused by the loader (spec review 3, gap 3: every folder, both files, one node per depth) ARC-8 C02 answer-key.json at depth 1, the object at statementBalances written with its first key twice (a decoy first), is refused with a 'file' issue naming the file and the key (covered 53)
      ~ W00c RC5 a repeated key at any depth is refused by the loader (spec review 3, gap 3: every folder, both files, one node per depth) ARC-8 C02 answer-key.json at depth 2, the object at transactions.147 written with its first key twice (a decoy first), is refused with a 'file' issue naming the file and the key (covered 53)
      ~ W00c RC5 a repeated key at any depth is refused by the loader (spec review 3, gap 3: every folder, both files, one node per depth) ARC-8 C02 answer-key.json at depth 3, the object at statementBalances.CHQ.5 written with its first key twice (a decoy first), is refused with a 'file' issue naming the file and the key (covered 53)
      ~ W00c RC5 a repeated key at any depth is refused by the loader (spec review 3, gap 3: every folder, both files, one node per depth) ARC-8 C02 answer-key.json at depth 4, the object at trialBalance.adjusted.rows.20 written with its first key twice (a decoy first), is refused with a 'file' issue naming the file and the key (covered 53)
      ~ W00c RC5 a repeated key at any depth is refused by the loader (spec review 3, gap 3: every folder, both files, one node per depth) ARC-8 C02 answer-key.json at depth 5, the object at t2Inputs.schedule1.addBacks.0.source written with its first key twice (a decoy first), is refused with a 'file' issue naming the file and the key (covered 53)
      ~ W00c RC5 a repeated key at any depth is refused by the loader (spec review 3, gap 3: every folder, both files, one node per depth) ARC-8 C02 answer-key.json at depth 6, the object at t2Inputs.schedule8.classes.0.additions.0 written with its first key twice (a decoy first), is refused with a 'file' issue naming the file and the key (covered 53)
      ~ W00c RC5 a repeated key at any depth is refused by the loader (spec review 3, gap 3: every folder, both files, one node per depth) ARC-8 C02 onboarding.json at depth 0, the object at (root) written with its first key twice (a decoy first), is refused with a 'file' issue naming the file and the key (covered 53)
      ~ W00c RC5 a repeated key at any depth is refused by the loader (spec review 3, gap 3: every folder, both files, one node per depth) ARC-8 C02 onboarding.json at depth 1, the object at cra_record written with its first key twice (a decoy first), is refused with a 'file' issue naming the file and the key (covered 53)
      ~ W00c RC5 a repeated key at any depth is refused by the loader (spec review 3, gap 3: every folder, both files, one node per depth) ARC-8 C02 onboarding.json at depth 2, the object at owners.0 written with its first key twice (a decoy first), is refused with a 'file' issue naming the file and the key (covered 53)
      ~ W00c RC5 a repeated key at any depth is refused by the loader (spec review 3, gap 3: every folder, both files, one node per depth) ARC-8 C02 onboarding.json at depth 3, the object at loan.schedule.5 written with its first key twice (a decoy first), is refused with a 'file' issue naming the file and the key (covered 53)
      ~ W00c RC5 a repeated key at any depth is refused by the loader (spec review 3, gap 3: every folder, both files, one node per depth) ARC-8 C03 answer-key.json at depth 0, the object at (root) written with its first key twice (a decoy first), is refused with a 'file' issue naming the file and the key (covered 53)
      ~ W00c RC5 a repeated key at any depth is refused by the loader (spec review 3, gap 3: every folder, both files, one node per depth) ARC-8 C03 answer-key.json at depth 1, the object at hst written with its first key twice (a decoy first), is refused with a 'file' issue naming the file and the key (covered 53)
      ~ W00c RC5 a repeated key at any depth is refused by the loader (spec review 3, gap 3: every folder, both files, one node per depth) ARC-8 C03 answer-key.json at depth 2, the object at transactions.376 written with its first key twice (a decoy first), is refused with a 'file' issue naming the file and the key (covered 53)
      ~ W00c RC5 a repeated key at any depth is refused by the loader (spec review 3, gap 3: every folder, both files, one node per depth) ARC-8 C03 answer-key.json at depth 3, the object at transactions.19.payroll written with its first key twice (a decoy first), is refused with a 'file' issue naming the file and the key (covered 53)
      ~ W00c RC5 a repeated key at any depth is refused by the loader (spec review 3, gap 3: every folder, both files, one node per depth) ARC-8 C03 answer-key.json at depth 4, the object at t2Inputs.slips.T4.3 written with its first key twice (a decoy first), is refused with a 'file' issue naming the file and the key (covered 53)
      ~ W00c RC5 a repeated key at any depth is refused by the loader (spec review 3, gap 3: every folder, both files, one node per depth) ARC-8 C03 answer-key.json at depth 5, the object at t2Inputs.schedule1.addBacks.1.source written with its first key twice (a decoy first), is refused with a 'file' issue naming the file and the key (covered 53)
      ~ W00c RC5 a repeated key at any depth is refused by the loader (spec review 3, gap 3: every folder, both files, one node per depth) ARC-8 C03 answer-key.json at depth 6, the object at t2Inputs.schedule8.classes.1.additions.0 written with its first key twice (a decoy first), is refused with a 'file' issue naming the file and the key (covered 53)
      ~ W00c RC5 a repeated key at any depth is refused by the loader (spec review 3, gap 3: every folder, both files, one node per depth) ARC-8 C03 onboarding.json at depth 0, the object at (root) written with its first key twice (a decoy first), is refused with a 'file' issue naming the file and the key (covered 53)
      ~ W00c RC5 a repeated key at any depth is refused by the loader (spec review 3, gap 3: every folder, both files, one node per depth) ARC-8 C03 onboarding.json at depth 1, the object at owner_bonus written with its first key twice (a decoy first), is refused with a 'file' issue naming the file and the key (covered 53)
      ~ W00c RC5 a repeated key at any depth is refused by the loader (spec review 3, gap 3: every folder, both files, one node per depth) ARC-8 C03 onboarding.json at depth 2, the object at cra_program_accounts.1 written with its first key twice (a decoy first), is refused with a 'file' issue naming the file and the key (covered 53)
      ~ W00c RC5 a repeated key at any depth is refused by the loader (spec review 3, gap 3: every folder, both files, one node per depth) ARC-8 C03 onboarding.json at depth 3, the object at payroll.by_month.2 written with its first key twice (a decoy first), is refused with a 'file' issue naming the file and the key (covered 53)
      ~ W00c RC5 a repeated key at any depth is refused by the loader (spec review 3, gap 3: every folder, both files, one node per depth) ARC-8 C04 answer-key.json at depth 0, the object at (root) written with its first key twice (a decoy first), is refused with a 'file' issue naming the file and the key (covered 53)
      ~ W00c RC5 a repeated key at any depth is refused by the loader (spec review 3, gap 3: every folder, both files, one node per depth) ARC-8 C04 answer-key.json at depth 1, the object at statementBalances written with its first key twice (a decoy first), is refused with a 'file' issue naming the file and the key (covered 53)
      ~ W00c RC5 a repeated key at any depth is refused by the loader (spec review 3, gap 3: every folder, both files, one node per depth) ARC-8 C04 answer-key.json at depth 2, the object at transactions.6 written with its first key twice (a decoy first), is refused with a 'file' issue naming the file and the key (covered 53)
      ~ W00c RC5 a repeated key at any depth is refused by the loader (spec review 3, gap 3: every folder, both files, one node per depth) ARC-8 C04 answer-key.json at depth 3, the object at transactions.465.payroll written with its first key twice (a decoy first), is refused with a 'file' issue naming the file and the key (covered 53)
      ~ W00c RC5 a repeated key at any depth is refused by the loader (spec review 3, gap 3: every folder, both files, one node per depth) ARC-8 C04 answer-key.json at depth 4, the object at transactions.370.post.2 written with its first key twice (a decoy first), is refused with a 'file' issue naming the file and the key (covered 53)
      ~ W00c RC5 a repeated key at any depth is refused by the loader (spec review 3, gap 3: every folder, both files, one node per depth) ARC-8 C04 answer-key.json at depth 5, the object at t2Inputs.schedule1.addBacks.0.source written with its first key twice (a decoy first), is refused with a 'file' issue naming the file and the key (covered 53)
      ~ W00c RC5 a repeated key at any depth is refused by the loader (spec review 3, gap 3: every folder, both files, one node per depth) ARC-8 C04 answer-key.json at depth 6, the object at t2Inputs.schedule8.classes.0.additions.0 written with its first key twice (a decoy first), is refused with a 'file' issue naming the file and the key (covered 53)
      ~ W00c RC5 a repeated key at any depth is refused by the loader (spec review 3, gap 3: every folder, both files, one node per depth) ARC-8 C04 onboarding.json at depth 0, the object at (root) written with its first key twice (a decoy first), is refused with a 'file' issue naming the file and the key (covered 53)
      ~ W00c RC5 a repeated key at any depth is refused by the loader (spec review 3, gap 3: every folder, both files, one node per depth) ARC-8 C04 onboarding.json at depth 1, the object at hst written with its first key twice (a decoy first), is refused with a 'file' issue naming the file and the key (covered 53)
      ~ W00c RC5 a repeated key at any depth is refused by the loader (spec review 3, gap 3: every folder, both files, one node per depth) ARC-8 C04 onboarding.json at depth 2, the object at cra_program_accounts.0 written with its first key twice (a decoy first), is refused with a 'file' issue naming the file and the key (covered 53)
      ~ W00c RC5 a repeated key at any depth is refused by the loader (spec review 3, gap 3: every folder, both files, one node per depth) ARC-8 C04 onboarding.json at depth 3, the object at prior_year_closing_balances.ucc.0 written with its first key twice (a decoy first), is refused with a 'file' issue naming the file and the key (covered 53)
      ~ W00c RC5 a repeated key at any depth is refused by the loader (spec review 3, gap 3: every folder, both files, one node per depth) ARC-8 C05 answer-key.json at depth 0, the object at (root) written with its first key twice (a decoy first), is refused with a 'file' issue naming the file and the key (covered 53)
      ~ W00c RC5 a repeated key at any depth is refused by the loader (spec review 3, gap 3: every folder, both files, one node per depth) ARC-8 C05 answer-key.json at depth 1, the object at generator written with its first key twice (a decoy first), is refused with a 'file' issue naming the file and the key (covered 53)
      ~ W00c RC5 a repeated key at any depth is refused by the loader (spec review 3, gap 3: every folder, both files, one node per depth) ARC-8 C05 answer-key.json at depth 2, the object at transactions.2 written with its first key twice (a decoy first), is refused with a 'file' issue naming the file and the key (covered 53)
      ~ W00c RC5 a repeated key at any depth is refused by the loader (spec review 3, gap 3: every folder, both files, one node per depth) ARC-8 C05 answer-key.json at depth 3, the object at statementBalances.BRK.5 written with its first key twice (a decoy first), is refused with a 'file' issue naming the file and the key (covered 53)
      ~ W00c RC5 a repeated key at any depth is refused by the loader (spec review 3, gap 3: every folder, both files, one node per depth) ARC-8 C05 answer-key.json at depth 4, the object at transactions.21.post.1 written with its first key twice (a decoy first), is refused with a 'file' issue naming the file and the key (covered 53)
      ~ W00c RC5 a repeated key at any depth is refused by the loader (spec review 3, gap 3: every folder, both files, one node per depth) ARC-8 C05 answer-key.json at depth 5, the object at t2Inputs.schedule1.addBacks.0.source written with its first key twice (a decoy first), is refused with a 'file' issue naming the file and the key (covered 53)
      ~ W00c RC5 a repeated key at any depth is refused by the loader (spec review 3, gap 3: every folder, both files, one node per depth) ARC-8 C05 onboarding.json at depth 0, the object at (root) written with its first key twice (a decoy first), is refused with a 'file' issue naming the file and the key (covered 53)
      ~ W00c RC5 a repeated key at any depth is refused by the loader (spec review 3, gap 3: every folder, both files, one node per depth) ARC-8 C05 onboarding.json at depth 1, the object at staff written with its first key twice (a decoy first), is refused with a 'file' issue naming the file and the key (covered 53)
      ~ W00c RC5 a repeated key at any depth is refused by the loader (spec review 3, gap 3: every folder, both files, one node per depth) ARC-8 C05 onboarding.json at depth 2, the object at accounts_provided.0 written with its first key twice (a decoy first), is refused with a 'file' issue naming the file and the key (covered 53)
      ~ W00c RC5 a repeated key at any depth is refused by the loader (spec review 3, gap 3: every folder, both files, one node per depth) ARC-8 C05 onboarding.json at depth 3, the object at prior_year_closing_balances.accounts.3 written with its first key twice (a decoy first), is refused with a 'file' issue naming the file and the key (covered 53)
      ~ W00c RC5 a repeated key at any depth is refused by the loader (spec review 3, gap 3: every folder, both files, one node per depth) ARC-8 C06 answer-key.json at depth 0, the object at (root) written with its first key twice (a decoy first), is refused with a 'file' issue naming the file and the key (covered 53)
      ~ W00c RC5 a repeated key at any depth is refused by the loader (spec review 3, gap 3: every folder, both files, one node per depth) ARC-8 C06 answer-key.json at depth 1, the object at hst written with its first key twice (a decoy first), is refused with a 'file' issue naming the file and the key (covered 53)
      ~ W00c RC5 a repeated key at any depth is refused by the loader (spec review 3, gap 3: every folder, both files, one node per depth) ARC-8 C06 answer-key.json at depth 2, the object at fx.monthly written with its first key twice (a decoy first), is refused with a 'file' issue naming the file and the key (covered 53)
      ~ W00c RC5 a repeated key at any depth is refused by the loader (spec review 3, gap 3: every folder, both files, one node per depth) ARC-8 C06 answer-key.json at depth 3, the object at transactions.445.parts written with its first key twice (a decoy first), is refused with a 'file' issue naming the file and the key (covered 53)
      ~ W00c RC5 a repeated key at any depth is refused by the loader (spec review 3, gap 3: every folder, both files, one node per depth) ARC-8 C06 answer-key.json at depth 4, the object at transactions.36.post.2 written with its first key twice (a decoy first), is refused with a 'file' issue naming the file and the key (covered 53)
      ~ W00c RC5 a repeated key at any depth is refused by the loader (spec review 3, gap 3: every folder, both files, one node per depth) ARC-8 C06 onboarding.json at depth 0, the object at (root) written with its first key twice (a decoy first), is refused with a 'file' issue naming the file and the key (covered 53)
      ~ W00c RC5 a repeated key at any depth is refused by the loader (spec review 3, gap 3: every folder, both files, one node per depth) ARC-8 C06 onboarding.json at depth 1, the object at prior_year_closing_balances written with its first key twice (a decoy first), is refused with a 'file' issue naming the file and the key (covered 53)
      ~ W00c RC5 a repeated key at any depth is refused by the loader (spec review 3, gap 3: every folder, both files, one node per depth) ARC-8 C06 onboarding.json at depth 2, the object at cra_program_accounts.1 written with its first key twice (a decoy first), is refused with a 'file' issue naming the file and the key (covered 53)
      ~ W00c RC5 a repeated key at any depth is refused by the loader (spec review 3, gap 3: every folder, both files, one node per depth) ARC-8 C06 onboarding.json at depth 3, the object at prior_year_closing_balances.accounts.2 written with its first key twice (a decoy first), is refused with a 'file' issue naming the file and the key (covered 53)
      ~ W00c RC5 a repeated key at any depth is refused by the loader (spec review 3, gap 3: every folder, both files, one node per depth) ARC-8 C07 answer-key.json at depth 0, the object at (root) written with its first key twice (a decoy first), is refused with a 'file' issue naming the file and the key (covered 53)
      ~ W00c RC5 a repeated key at any depth is refused by the loader (spec review 3, gap 3: every folder, both files, one node per depth) ARC-8 C07 answer-key.json at depth 1, the object at generator written with its first key twice (a decoy first), is refused with a 'file' issue naming the file and the key (covered 53)
      ~ W00c RC5 a repeated key at any depth is refused by the loader (spec review 3, gap 3: every folder, both files, one node per depth) ARC-8 C07 answer-key.json at depth 2, the object at parties.7 written with its first key twice (a decoy first), is refused with a 'file' issue naming the file and the key (covered 53)
      ~ W00c RC5 a repeated key at any depth is refused by the loader (spec review 3, gap 3: every folder, both files, one node per depth) ARC-8 C07 answer-key.json at depth 3, the object at statementBalances.CHQ.10 written with its first key twice (a decoy first), is refused with a 'file' issue naming the file and the key (covered 53)
      ~ W00c RC5 a repeated key at any depth is refused by the loader (spec review 3, gap 3: every folder, both files, one node per depth) ARC-8 C07 answer-key.json at depth 4, the object at transactions.32.post.0 written with its first key twice (a decoy first), is refused with a 'file' issue naming the file and the key (covered 53)
      ~ W00c RC5 a repeated key at any depth is refused by the loader (spec review 3, gap 3: every folder, both files, one node per depth) ARC-8 C07 answer-key.json at depth 5, the object at t2Inputs.schedule1.addBacks.0.source written with its first key twice (a decoy first), is refused with a 'file' issue naming the file and the key (covered 53)
      ~ W00c RC5 a repeated key at any depth is refused by the loader (spec review 3, gap 3: every folder, both files, one node per depth) ARC-8 C07 answer-key.json at depth 6, the object at t2Inputs.schedule8.classes.0.additions.0 written with its first key twice (a decoy first), is refused with a 'file' issue naming the file and the key (covered 53)
      ~ W00c RC5 a repeated key at any depth is refused by the loader (spec review 3, gap 3: every folder, both files, one node per depth) ARC-8 C07 onboarding.json at depth 0, the object at (root) written with its first key twice (a decoy first), is refused with a 'file' issue naming the file and the key (covered 53)
      ~ W00c RC5 a repeated key at any depth is refused by the loader (spec review 3, gap 3: every folder, both files, one node per depth) ARC-8 C07 onboarding.json at depth 1, the object at staff written with its first key twice (a decoy first), is refused with a 'file' issue naming the file and the key (covered 53)
      ~ W00c RC5 a repeated key at any depth is refused by the loader (spec review 3, gap 3: every folder, both files, one node per depth) ARC-8 C07 onboarding.json at depth 2, the object at tenants.1 written with its first key twice (a decoy first), is refused with a 'file' issue naming the file and the key (covered 53)
      ~ W00c RC5 a repeated key at any depth is refused by the loader (spec review 3, gap 3: every folder, both files, one node per depth) ARC-8 C07 onboarding.json at depth 3, the object at prior_year_closing_balances.accounts.3 written with its first key twice (a decoy first), is refused with a 'file' issue naming the file and the key (covered 53)
      ~ W00c RC5 a repeated key at any depth is refused by the loader (spec review 3, gap 3: every folder, both files, one node per depth) ARC-8 C08 answer-key.json at depth 0, the object at (root) written with its first key twice (a decoy first), is refused with a 'file' issue naming the file and the key (covered 53)
      ~ W00c RC5 a repeated key at any depth is refused by the loader (spec review 3, gap 3: every folder, both files, one node per depth) ARC-8 C08 answer-key.json at depth 1, the object at trialBalance written with its first key twice (a decoy first), is refused with a 'file' issue naming the file and the key (covered 53)
      ~ W00c RC5 a repeated key at any depth is refused by the loader (spec review 3, gap 3: every folder, both files, one node per depth) ARC-8 C08 answer-key.json at depth 2, the object at transactions.1023 written with its first key twice (a decoy first), is refused with a 'file' issue naming the file and the key (covered 53)
      ~ W00c RC5 a repeated key at any depth is refused by the loader (spec review 3, gap 3: every folder, both files, one node per depth) ARC-8 C08 answer-key.json at depth 3, the object at flags.7.evidence written with its first key twice (a decoy first), is refused with a 'file' issue naming the file and the key (covered 53)
      ~ W00c RC5 a repeated key at any depth is refused by the loader (spec review 3, gap 3: every folder, both files, one node per depth) ARC-8 C08 answer-key.json at depth 4, the object at transactions.3.post.1 written with its first key twice (a decoy first), is refused with a 'file' issue naming the file and the key (covered 53)
      ~ W00c RC5 a repeated key at any depth is refused by the loader (spec review 3, gap 3: every folder, both files, one node per depth) ARC-8 C08 answer-key.json at depth 5, the object at t2Inputs.schedule1.addBacks.1.source written with its first key twice (a decoy first), is refused with a 'file' issue naming the file and the key (covered 53)
      ~ W00c RC5 a repeated key at any depth is refused by the loader (spec review 3, gap 3: every folder, both files, one node per depth) ARC-8 C08 answer-key.json at depth 6, the object at t2Inputs.schedule8.classes.0.additions.0 written with its first key twice (a decoy first), is refused with a 'file' issue naming the file and the key (covered 53)
      ~ W00c RC5 a repeated key at any depth is refused by the loader (spec review 3, gap 3: every folder, both files, one node per depth) ARC-8 C08 onboarding.json at depth 0, the object at (root) written with its first key twice (a decoy first), is refused with a 'file' issue naming the file and the key (covered 53)
      ~ W00c RC5 a repeated key at any depth is refused by the loader (spec review 3, gap 3: every folder, both files, one node per depth) ARC-8 C08 onboarding.json at depth 1, the object at fx written with its first key twice (a decoy first), is refused with a 'file' issue naming the file and the key (covered 53)
      ~ W00c RC5 a repeated key at any depth is refused by the loader (spec review 3, gap 3: every folder, both files, one node per depth) ARC-8 C08 onboarding.json at depth 2, the object at accounts_provided.0 written with its first key twice (a decoy first), is refused with a 'file' issue naming the file and the key (covered 53)
      ~ W00c RC5 a repeated key at any depth is refused by the loader (spec review 3, gap 3: every folder, both files, one node per depth) ARC-8 C08 onboarding.json at depth 3, the object at prior_year_closing_balances.accounts.10 written with its first key twice (a decoy first), is refused with a 'file' issue naming the file and the key (covered 53)
      ~ W00c RC5 a repeated key at any depth is refused by the loader (spec review 3, gap 3: every folder, both files, one node per depth) ARC-8 C09 answer-key.json at depth 0, the object at (root) written with its first key twice (a decoy first), is refused with a 'file' issue naming the file and the key (covered 53)
      ~ W00c RC5 a repeated key at any depth is refused by the loader (spec review 3, gap 3: every folder, both files, one node per depth) ARC-8 C09 answer-key.json at depth 1, the object at fiscalYear written with its first key twice (a decoy first), is refused with a 'file' issue naming the file and the key (covered 53)
      ~ W00c RC5 a repeated key at any depth is refused by the loader (spec review 3, gap 3: every folder, both files, one node per depth) ARC-8 C09 answer-key.json at depth 2, the object at transactions.333 written with its first key twice (a decoy first), is refused with a 'file' issue naming the file and the key (covered 53)
      ~ W00c RC5 a repeated key at any depth is refused by the loader (spec review 3, gap 3: every folder, both files, one node per depth) ARC-8 C09 answer-key.json at depth 3, the object at statementBalances.CHQ.1 written with its first key twice (a decoy first), is refused with a 'file' issue naming the file and the key (covered 53)
      ~ W00c RC5 a repeated key at any depth is refused by the loader (spec review 3, gap 3: every folder, both files, one node per depth) ARC-8 C09 answer-key.json at depth 4, the object at transactions.4.post.0 written with its first key twice (a decoy first), is refused with a 'file' issue naming the file and the key (covered 53)
      ~ W00c RC5 a repeated key at any depth is refused by the loader (spec review 3, gap 3: every folder, both files, one node per depth) ARC-8 C09 answer-key.json at depth 5, the object at t2Inputs.schedule1.addBacks.0.source written with its first key twice (a decoy first), is refused with a 'file' issue naming the file and the key (covered 53)
      ~ W00c RC5 a repeated key at any depth is refused by the loader (spec review 3, gap 3: every folder, both files, one node per depth) ARC-8 C09 answer-key.json at depth 6, the object at t2Inputs.schedule8.classes.1.additions.0 written with its first key twice (a decoy first), is refused with a 'file' issue naming the file and the key (covered 53)
      ~ W00c RC5 a repeated key at any depth is refused by the loader (spec review 3, gap 3: every folder, both files, one node per depth) ARC-8 C09 onboarding.json at depth 0, the object at (root) written with its first key twice (a decoy first), is refused with a 'file' issue naming the file and the key (covered 53)
      ~ W00c RC5 a repeated key at any depth is refused by the loader (spec review 3, gap 3: every folder, both files, one node per depth) ARC-8 C09 onboarding.json at depth 1, the object at prior_year_closing_balances written with its first key twice (a decoy first), is refused with a 'file' issue naming the file and the key (covered 53)
      ~ W00c RC5 a repeated key at any depth is refused by the loader (spec review 3, gap 3: every folder, both files, one node per depth) ARC-8 C09 onboarding.json at depth 2, the object at shareholder_loans.1 written with its first key twice (a decoy first), is refused with a 'file' issue naming the file and the key (covered 53)
      ~ W00c RC5 a repeated key at any depth is refused by the loader (spec review 3, gap 3: every folder, both files, one node per depth) ARC-8 C09 onboarding.json at depth 3, the object at shares.holders.0 written with its first key twice (a decoy first), is refused with a 'file' issue naming the file and the key (covered 53)
      ~ W00c RC5 a repeated key at any depth is refused by the loader (spec review 3, gap 3: every folder, both files, one node per depth) ARC-8 C10 answer-key.json at depth 0, the object at (root) written with its first key twice (a decoy first), is refused with a 'file' issue naming the file and the key (covered 53)
      ~ W00c RC5 a repeated key at any depth is refused by the loader (spec review 3, gap 3: every folder, both files, one node per depth) ARC-8 C10 answer-key.json at depth 1, the object at generator written with its first key twice (a decoy first), is refused with a 'file' issue naming the file and the key (covered 53)
      ~ W00c RC5 a repeated key at any depth is refused by the loader (spec review 3, gap 3: every folder, both files, one node per depth) ARC-8 C10 answer-key.json at depth 2, the object at transactions.222 written with its first key twice (a decoy first), is refused with a 'file' issue naming the file and the key (covered 53)
      ~ W00c RC5 a repeated key at any depth is refused by the loader (spec review 3, gap 3: every folder, both files, one node per depth) ARC-8 C10 answer-key.json at depth 3, the object at statementBalances.CHQ.1 written with its first key twice (a decoy first), is refused with a 'file' issue naming the file and the key (covered 53)
      ~ W00c RC5 a repeated key at any depth is refused by the loader (spec review 3, gap 3: every folder, both files, one node per depth) ARC-8 C10 answer-key.json at depth 4, the object at transactions.3.post.1 written with its first key twice (a decoy first), is refused with a 'file' issue naming the file and the key (covered 53)
      ~ W00c RC5 a repeated key at any depth is refused by the loader (spec review 3, gap 3: every folder, both files, one node per depth) ARC-8 C10 answer-key.json at depth 5, the object at t2Inputs.schedule1.addBacks.1.source written with its first key twice (a decoy first), is refused with a 'file' issue naming the file and the key (covered 53)
      ~ W00c RC5 a repeated key at any depth is refused by the loader (spec review 3, gap 3: every folder, both files, one node per depth) ARC-8 C10 answer-key.json at depth 6, the object at t2Inputs.schedule8.classes.0.additions.0 written with its first key twice (a decoy first), is refused with a 'file' issue naming the file and the key (covered 53)
      ~ W00c RC5 a repeated key at any depth is refused by the loader (spec review 3, gap 3: every folder, both files, one node per depth) ARC-8 C10 onboarding.json at depth 0, the object at (root) written with its first key twice (a decoy first), is refused with a 'file' issue naming the file and the key (covered 53)
      ~ W00c RC5 a repeated key at any depth is refused by the loader (spec review 3, gap 3: every folder, both files, one node per depth) ARC-8 C10 onboarding.json at depth 1, the object at staff written with its first key twice (a decoy first), is refused with a 'file' issue naming the file and the key (covered 53)
      ~ W00c RC5 a repeated key at any depth is refused by the loader (spec review 3, gap 3: every folder, both files, one node per depth) ARC-8 C10 onboarding.json at depth 2, the object at accounts_provided.1 written with its first key twice (a decoy first), is refused with a 'file' issue naming the file and the key (covered 53)
      ~ W00c RC5 a repeated key at any depth is refused by the loader (spec review 3, gap 3: every folder, both files, one node per depth) ARC-8 C10 onboarding.json at depth 3, the object at prior_year_closing_balances.accounts.1 written with its first key twice (a decoy first), is refused with a 'file' issue naming the file and the key (covered 53)
      ~ W00c RC5 a repeated key at any depth is refused by the loader (spec review 3, gap 3: every folder, both files, one node per depth) ARC-8 C11 answer-key.json at depth 0, the object at (root) written with its first key twice (a decoy first), is refused with a 'file' issue naming the file and the key (covered 53)
      ~ W00c RC5 a repeated key at any depth is refused by the loader (spec review 3, gap 3: every folder, both files, one node per depth) ARC-8 C11 answer-key.json at depth 1, the object at generator written with its first key twice (a decoy first), is refused with a 'file' issue naming the file and the key (covered 53)
      ~ W00c RC5 a repeated key at any depth is refused by the loader (spec review 3, gap 3: every folder, both files, one node per depth) ARC-8 C11 answer-key.json at depth 2, the object at transactions.211 written with its first key twice (a decoy first), is refused with a 'file' issue naming the file and the key (covered 53)
      ~ W00c RC5 a repeated key at any depth is refused by the loader (spec review 3, gap 3: every folder, both files, one node per depth) ARC-8 C11 answer-key.json at depth 3, the object at flags.1.evidence written with its first key twice (a decoy first), is refused with a 'file' issue naming the file and the key (covered 53)
      ~ W00c RC5 a repeated key at any depth is refused by the loader (spec review 3, gap 3: every folder, both files, one node per depth) ARC-8 C11 answer-key.json at depth 4, the object at transactions.0.post.0 written with its first key twice (a decoy first), is refused with a 'file' issue naming the file and the key (covered 53)
      ~ W00c RC5 a repeated key at any depth is refused by the loader (spec review 3, gap 3: every folder, both files, one node per depth) ARC-8 C11 answer-key.json at depth 5, the object at t2Inputs.schedule1.addBacks.0.source written with its first key twice (a decoy first), is refused with a 'file' issue naming the file and the key (covered 53)
      ~ W00c RC5 a repeated key at any depth is refused by the loader (spec review 3, gap 3: every folder, both files, one node per depth) ARC-8 C11 answer-key.json at depth 6, the object at t2Inputs.schedule8.classes.0.additions.0 written with its first key twice (a decoy first), is refused with a 'file' issue naming the file and the key (covered 53)
      ~ W00c RC5 a repeated key at any depth is refused by the loader (spec review 3, gap 3: every folder, both files, one node per depth) ARC-8 C11 onboarding.json at depth 0, the object at (root) written with its first key twice (a decoy first), is refused with a 'file' issue naming the file and the key (covered 53)
      ~ W00c RC5 a repeated key at any depth is refused by the loader (spec review 3, gap 3: every folder, both files, one node per depth) ARC-8 C11 onboarding.json at depth 1, the object at corporation written with its first key twice (a decoy first), is refused with a 'file' issue naming the file and the key (covered 53)
      ~ W00c RC5 a repeated key at any depth is refused by the loader (spec review 3, gap 3: every folder, both files, one node per depth) ARC-8 C11 onboarding.json at depth 2, the object at cra_program_accounts.1 written with its first key twice (a decoy first), is refused with a 'file' issue naming the file and the key (covered 53)
      ~ W00c RC5 a repeated key at any depth is refused by the loader (spec review 3, gap 3: every folder, both files, one node per depth) ARC-8 C11 onboarding.json at depth 3, the object at prior_year_closing_balances.accounts.9 written with its first key twice (a decoy first), is refused with a 'file' issue naming the file and the key (covered 53)
      ~ W00c RC5 a repeated key at any depth is refused by the loader (spec review 3, gap 3: every folder, both files, one node per depth) ARC-8 C12 answer-key.json at depth 0, the object at (root) written with its first key twice (a decoy first), is refused with a 'file' issue naming the file and the key (covered 53)
      ~ W00c RC5 a repeated key at any depth is refused by the loader (spec review 3, gap 3: every folder, both files, one node per depth) ARC-8 C12 answer-key.json at depth 1, the object at t2Inputs written with its first key twice (a decoy first), is refused with a 'file' issue naming the file and the key (covered 53)
      ~ W00c RC5 a repeated key at any depth is refused by the loader (spec review 3, gap 3: every folder, both files, one node per depth) ARC-8 C12 answer-key.json at depth 2, the object at adjustingEntries.0 written with its first key twice (a decoy first), is refused with a 'file' issue naming the file and the key (covered 53)
      ~ W00c RC5 a repeated key at any depth is refused by the loader (spec review 3, gap 3: every folder, both files, one node per depth) ARC-8 C12 answer-key.json at depth 3, the object at t2Inputs.lines.0 written with its first key twice (a decoy first), is refused with a 'file' issue naming the file and the key (covered 53)
      ~ W00c RC5 a repeated key at any depth is refused by the loader (spec review 3, gap 3: every folder, both files, one node per depth) ARC-8 C12 answer-key.json at depth 4, the object at t2Inputs.lines.0.source written with its first key twice (a decoy first), is refused with a 'file' issue naming the file and the key (covered 53)
      ~ W00c RC5 a repeated key at any depth is refused by the loader (spec review 3, gap 3: every folder, both files, one node per depth) ARC-8 C12 answer-key.json at depth 5, the object at trialBalance.unadjusted.rows.0.source written with its first key twice (a decoy first), is refused with a 'file' issue naming the file and the key (covered 53)
      ~ W00c RC5 a repeated key at any depth is refused by the loader (spec review 3, gap 3: every folder, both files, one node per depth) ARC-8 C12 onboarding.json at depth 0, the object at (root) written with its first key twice (a decoy first), is refused with a 'file' issue naming the file and the key (covered 53)
      ~ W00c RC5 a repeated key at any depth is refused by the loader (spec review 3, gap 3: every folder, both files, one node per depth) ARC-8 C12 onboarding.json at depth 1, the object at prior_year_closing_balances written with its first key twice (a decoy first), is refused with a 'file' issue naming the file and the key (covered 53)
      ~ W00c RC5 a repeated key at any depth is refused by the loader (spec review 3, gap 3: every folder, both files, one node per depth) ARC-8 C12 onboarding.json at depth 2, the object at owners.0 written with its first key twice (a decoy first), is refused with a 'file' issue naming the file and the key (covered 53)
      ~ W00c RC5 a repeated key at any depth is refused by the loader (spec review 3, gap 3: every folder, both files, one node per depth) ARC-8 C12 onboarding.json at depth 3, the object at prior_year_closing_balances.accounts.1 written with its first key twice (a decoy first), is refused with a 'file' issue naming the file and the key (covered 53)
      ~ W00c RC5 a repeated key at any depth is refused by the loader (spec review 3, gap 3: every folder, both files, one node per depth) ARC-8 C12 onboarding.json at depth 4, the object at prior_year_closing_balances.accounts.0.source written with its first key twice (a decoy first), is refused with a 'file' issue naming the file and the key (covered 53)
      ~ W00c RC5 a repeated key at any depth is refused by the loader (spec review 3, gap 3: every folder, both files, one node per depth) ARC-8 C13 answer-key.json at depth 0, the object at (root) written with its first key twice (a decoy first), is refused with a 'file' issue naming the file and the key (covered 53)
      ~ W00c RC5 a repeated key at any depth is refused by the loader (spec review 3, gap 3: every folder, both files, one node per depth) ARC-8 C13 answer-key.json at depth 1, the object at ohip written with its first key twice (a decoy first), is refused with a 'file' issue naming the file and the key (covered 53)
      ~ W00c RC5 a repeated key at any depth is refused by the loader (spec review 3, gap 3: every folder, both files, one node per depth) ARC-8 C13 answer-key.json at depth 2, the object at transactions.3 written with its first key twice (a decoy first), is refused with a 'file' issue naming the file and the key (covered 53)
      ~ W00c RC5 a repeated key at any depth is refused by the loader (spec review 3, gap 3: every folder, both files, one node per depth) ARC-8 C13 answer-key.json at depth 3, the object at flags.1.evidence written with its first key twice (a decoy first), is refused with a 'file' issue naming the file and the key (covered 53)
      ~ W00c RC5 a repeated key at any depth is refused by the loader (spec review 3, gap 3: every folder, both files, one node per depth) ARC-8 C13 answer-key.json at depth 4, the object at transactions.114.post.1 written with its first key twice (a decoy first), is refused with a 'file' issue naming the file and the key (covered 53)
      ~ W00c RC5 a repeated key at any depth is refused by the loader (spec review 3, gap 3: every folder, both files, one node per depth) ARC-8 C13 answer-key.json at depth 5, the object at ohip.raStatements.2.lines.0 written with its first key twice (a decoy first), is refused with a 'file' issue naming the file and the key (covered 53)
      ~ W00c RC5 a repeated key at any depth is refused by the loader (spec review 3, gap 3: every folder, both files, one node per depth) ARC-8 C13 answer-key.json at depth 6, the object at t2Inputs.schedule8.classes.0.additions.0 written with its first key twice (a decoy first), is refused with a 'file' issue naming the file and the key (covered 53)
      ~ W00c RC5 a repeated key at any depth is refused by the loader (spec review 3, gap 3: every folder, both files, one node per depth) ARC-8 C13 onboarding.json at depth 0, the object at (root) written with its first key twice (a decoy first), is refused with a 'file' issue naming the file and the key (covered 53)
      ~ W00c RC5 a repeated key at any depth is refused by the loader (spec review 3, gap 3: every folder, both files, one node per depth) ARC-8 C13 onboarding.json at depth 1, the object at hst written with its first key twice (a decoy first), is refused with a 'file' issue naming the file and the key (covered 53)
      ~ W00c RC5 a repeated key at any depth is refused by the loader (spec review 3, gap 3: every folder, both files, one node per depth) ARC-8 C13 onboarding.json at depth 2, the object at cra_program_accounts.0 written with its first key twice (a decoy first), is refused with a 'file' issue naming the file and the key (covered 53)
      ~ W00c RC5 a repeated key at any depth is refused by the loader (spec review 3, gap 3: every folder, both files, one node per depth) ARC-8 C13 onboarding.json at depth 3, the object at payroll.by_month.12 written with its first key twice (a decoy first), is refused with a 'file' issue naming the file and the key (covered 53)
      ~ W00c RC5 a repeated key at any depth is refused by the loader (spec review 3, gap 3: every folder, both files, one node per depth) ARC-8 C14 answer-key.json at depth 0, the object at (root) written with its first key twice (a decoy first), is refused with a 'file' issue naming the file and the key (covered 53)
      ~ W00c RC5 a repeated key at any depth is refused by the loader (spec review 3, gap 3: every folder, both files, one node per depth) ARC-8 C14 answer-key.json at depth 1, the object at t2Inputs written with its first key twice (a decoy first), is refused with a 'file' issue naming the file and the key (covered 53)
      ~ W00c RC5 a repeated key at any depth is refused by the loader (spec review 3, gap 3: every folder, both files, one node per depth) ARC-8 C14 answer-key.json at depth 2, the object at transactions.3 written with its first key twice (a decoy first), is refused with a 'file' issue naming the file and the key (covered 53)
      ~ W00c RC5 a repeated key at any depth is refused by the loader (spec review 3, gap 3: every folder, both files, one node per depth) ARC-8 C14 answer-key.json at depth 3, the object at flags.6.evidence written with its first key twice (a decoy first), is refused with a 'file' issue naming the file and the key (covered 53)
      ~ W00c RC5 a repeated key at any depth is refused by the loader (spec review 3, gap 3: every folder, both files, one node per depth) ARC-8 C14 answer-key.json at depth 4, the object at transactions.59.post.0 written with its first key twice (a decoy first), is refused with a 'file' issue naming the file and the key (covered 53)
      ~ W00c RC5 a repeated key at any depth is refused by the loader (spec review 3, gap 3: every folder, both files, one node per depth) ARC-8 C14 answer-key.json at depth 5, the object at t2Inputs.schedule1.addBacks.0.source written with its first key twice (a decoy first), is refused with a 'file' issue naming the file and the key (covered 53)
      ~ W00c RC5 a repeated key at any depth is refused by the loader (spec review 3, gap 3: every folder, both files, one node per depth) ARC-8 C14 answer-key.json at depth 6, the object at t2Inputs.schedule8.classes.0.additions.0 written with its first key twice (a decoy first), is refused with a 'file' issue naming the file and the key (covered 53)
      ~ W00c RC5 a repeated key at any depth is refused by the loader (spec review 3, gap 3: every folder, both files, one node per depth) ARC-8 C14 onboarding.json at depth 0, the object at (root) written with its first key twice (a decoy first), is refused with a 'file' issue naming the file and the key (covered 53)
      ~ W00c RC5 a repeated key at any depth is refused by the loader (spec review 3, gap 3: every folder, both files, one node per depth) ARC-8 C14 onboarding.json at depth 1, the object at hst written with its first key twice (a decoy first), is refused with a 'file' issue naming the file and the key (covered 53)
      ~ W00c RC5 a repeated key at any depth is refused by the loader (spec review 3, gap 3: every folder, both files, one node per depth) ARC-8 C14 onboarding.json at depth 2, the object at owners.0 written with its first key twice (a decoy first), is refused with a 'file' issue naming the file and the key (covered 53)
      ~ W00c RC5 a repeated key at any depth is refused by the loader (spec review 3, gap 3: every folder, both files, one node per depth) ARC-8 C14 onboarding.json at depth 3, the object at prior_year_closing_balances.accounts.0 written with its first key twice (a decoy first), is refused with a 'file' issue naming the file and the key (covered 53)
      ~ W00c RC5 a repeated key at any depth is refused by the loader (spec review 3, gap 3: every folder, both files, one node per depth) ARC-8 C15 answer-key.json at depth 0, the object at (root) written with its first key twice (a decoy first), is refused with a 'file' issue naming the file and the key (covered 53)
      ~ W00c RC5 a repeated key at any depth is refused by the loader (spec review 3, gap 3: every folder, both files, one node per depth) ARC-8 C15 answer-key.json at depth 1, the object at fiscalYear written with its first key twice (a decoy first), is refused with a 'file' issue naming the file and the key (covered 53)
      ~ W00c RC5 a repeated key at any depth is refused by the loader (spec review 3, gap 3: every folder, both files, one node per depth) ARC-8 C15 answer-key.json at depth 2, the object at parties.12 written with its first key twice (a decoy first), is refused with a 'file' issue naming the file and the key (covered 53)
      ~ W00c RC5 a repeated key at any depth is refused by the loader (spec review 3, gap 3: every folder, both files, one node per depth) ARC-8 C15 answer-key.json at depth 3, the object at statementBalances.CHQ.1 written with its first key twice (a decoy first), is refused with a 'file' issue naming the file and the key (covered 53)
      ~ W00c RC5 a repeated key at any depth is refused by the loader (spec review 3, gap 3: every folder, both files, one node per depth) ARC-8 C15 answer-key.json at depth 4, the object at transactions.88.post.0 written with its first key twice (a decoy first), is refused with a 'file' issue naming the file and the key (covered 53)
      ~ W00c RC5 a repeated key at any depth is refused by the loader (spec review 3, gap 3: every folder, both files, one node per depth) ARC-8 C15 answer-key.json at depth 5, the object at t2Inputs.schedule1.addBacks.0.source written with its first key twice (a decoy first), is refused with a 'file' issue naming the file and the key (covered 53)
      ~ W00c RC5 a repeated key at any depth is refused by the loader (spec review 3, gap 3: every folder, both files, one node per depth) ARC-8 C15 onboarding.json at depth 0, the object at (root) written with its first key twice (a decoy first), is refused with a 'file' issue naming the file and the key (covered 53)
      ~ W00c RC5 a repeated key at any depth is refused by the loader (spec review 3, gap 3: every folder, both files, one node per depth) ARC-8 C15 onboarding.json at depth 1, the object at corporation written with its first key twice (a decoy first), is refused with a 'file' issue naming the file and the key (covered 53)
      ~ W00c RC5 a repeated key at any depth is refused by the loader (spec review 3, gap 3: every folder, both files, one node per depth) ARC-8 C15 onboarding.json at depth 2, the object at engagements.1 written with its first key twice (a decoy first), is refused with a 'file' issue naming the file and the key (covered 53)
      ~ W00c RC5 a repeated key at any depth is refused by the loader (spec review 3, gap 3: every folder, both files, one node per depth) ARC-8 C15 onboarding.json at depth 3, the object at prior_year_closing_balances.accounts.5 written with its first key twice (a decoy first), is refused with a 'file' issue naming the file and the key (covered 53)
    kinds-faults.acceptance.test.ts
      ✘ W00 kinds register (card check 6) END-9 listKinds returns K01 to K13 in order with the starting sample clients blueprint 00 names (covered 0)
      ✘ W00 kinds register (card check 6) END-9 a kind is "built" only when its folder exists, otherwise "not built" (covered 0)
      ✘ W00 kinds register (card check 6) END-9 asking for a kind that is not built fails with "not built", never skips or returns a stub (covered 0)
      ✘ W00 kinds register (card check 6) END-9 an id outside K01 to K13 is refused, naming the id (covered 0)
      ✘ W00 fault catalogue (card check 7) ARC-8 every flag in the C01 answer key is in the fault catalogue with a non-empty expected result (covered 0)
      ✘ W00 fault catalogue (card check 7) ARC-8 every flag in the C02 answer key is in the fault catalogue with a non-empty expected result (covered 0)
      ✘ W00 fault catalogue (card check 7) ARC-8 every flag in the C03 answer key is in the fault catalogue with a non-empty expected result (covered 0)
      ✘ W00 fault catalogue (card check 7) ARC-8 every flag in the C04 answer key is in the fault catalogue with a non-empty expected result (covered 0)
      ✘ W00 fault catalogue (card check 7) ARC-8 every flag in the C05 answer key is in the fault catalogue with a non-empty expected result (covered 0)
      ✘ W00 fault catalogue (card check 7) ARC-8 every flag in the C06 answer key is in the fault catalogue with a non-empty expected result (covered 0)
      ✘ W00 fault catalogue (card check 7) ARC-8 every flag in the C07 answer key is in the fault catalogue with a non-empty expected result (covered 0)
      ✘ W00 fault catalogue (card check 7) ARC-8 every flag in the C08 answer key is in the fault catalogue with a non-empty expected result (covered 0)
      ✘ W00 fault catalogue (card check 7) ARC-8 every flag in the C09 answer key is in the fault catalogue with a non-empty expected result (covered 0)
      ✘ W00 fault catalogue (card check 7) ARC-8 every flag in the C10 answer key is in the fault catalogue with a non-empty expected result (covered 0)
      ✘ W00 fault catalogue (card check 7) ARC-8 every flag in the C11 answer key is in the fault catalogue with a non-empty expected result (covered 0)
      ✘ W00 fault catalogue (card check 7) ARC-8 every flag in the C12 answer key is in the fault catalogue with a non-empty expected result (covered 0)
      ✘ W00 fault catalogue (card check 7) ARC-8 every flag in the C13 answer key is in the fault catalogue with a non-empty expected result (covered 0)
      ✘ W00 fault catalogue (card check 7) ARC-8 every flag in the C14 answer key is in the fault catalogue with a non-empty expected result (covered 0)
      ✘ W00 fault catalogue (card check 7) ARC-8 every flag in the C15 answer key is in the fault catalogue with a non-empty expected result (covered 0)
      ✘ W00 fault catalogue (card check 7) ARC-8 the catalogue names no flag a sample client does not have, and every entry has an owner and a unique id (covered 0)
      ✘ W00 fault catalogue (card check 7) ARC-8 the catalogue holds the roll waivers by client, account and month: exactly C10 CHQ 2025-03 and 2025-05 (covered 0)
      ✘ W00 fault catalogue (card check 7) ARC-8 the catalogue is hand-written: testworld/model/faults.ts never reads the answer keys or the loader (covered 0)
    kinds.test.ts
      ✘ listKinds END-9 lists the thirteen kinds in order with the blueprint start points (covered 0)
      ✘ listKinds END-9 a kind is built exactly when its own folder testworld/kinds/<id> exists (covered 0)
      ✘ loadKind END-9 a built kind loads with its entry and its folder (covered 0)
      ✘ loadKind END-9 loading one built kind does not pick another kind (covered 0)
      ✘ loadKind END-9 a kind with no folder throws "not built" with its id and folder text (covered 0)
      ✘ loadKind END-9 an id outside K01 to K13 throws naming the id (covered 0)
    links.acceptance.test.ts
      ✘ W00c RC4 the walk ARC-8 the walk finds account files under accounts/ and qbo/ in every folder with accounts (covered 0)
      ✓ W00c RC4 an account file is checked where it resolves (every account of every folder) ARC-8 C01 CHQ file set to accounts/zz-(Test).csv, a link to ../answer-key.json, is refused with a 'file' issue naming the account and the field (killed 1)
      ~ W00c RC4 an account file is checked where it resolves (every account of every folder) ARC-8 C01 BCD file set to accounts/zz-(Test).csv, a link to ../answer-key.json, is refused with a 'file' issue naming the account and the field (covered 53)
      ~ W00c RC4 an account file is checked where it resolves (every account of every folder) ARC-8 C01 PCD file set to accounts/zz-(Test).csv, a link to ../answer-key.json, is refused with a 'file' issue naming the account and the field (covered 53)
      ~ W00c RC4 an account file is checked where it resolves (every account of every folder) ARC-8 C02 CHQ file set to accounts/zz-(Test).csv, a link to ../answer-key.json, is refused with a 'file' issue naming the account and the field (covered 53)
      ~ W00c RC4 an account file is checked where it resolves (every account of every folder) ARC-8 C02 BCD file set to accounts/zz-(Test).csv, a link to ../answer-key.json, is refused with a 'file' issue naming the account and the field (covered 53)
      ~ W00c RC4 an account file is checked where it resolves (every account of every folder) ARC-8 C03 CHQ file set to accounts/zz-(Test).csv, a link to ../answer-key.json, is refused with a 'file' issue naming the account and the field (covered 53)
      ~ W00c RC4 an account file is checked where it resolves (every account of every folder) ARC-8 C03 BCD file set to accounts/zz-(Test).csv, a link to ../answer-key.json, is refused with a 'file' issue naming the account and the field (covered 53)
      ~ W00c RC4 an account file is checked where it resolves (every account of every folder) ARC-8 C04 CHQ file set to accounts/zz-(Test).csv, a link to ../answer-key.json, is refused with a 'file' issue naming the account and the field (covered 53)
      ~ W00c RC4 an account file is checked where it resolves (every account of every folder) ARC-8 C04 BCD file set to accounts/zz-(Test).csv, a link to ../answer-key.json, is refused with a 'file' issue naming the account and the field (covered 53)
      ~ W00c RC4 an account file is checked where it resolves (every account of every folder) ARC-8 C05 CHQ file set to accounts/zz-(Test).csv, a link to ../answer-key.json, is refused with a 'file' issue naming the account and the field (covered 53)
      ~ W00c RC4 an account file is checked where it resolves (every account of every folder) ARC-8 C05 BRK file set to accounts/zz-(Test).csv, a link to ../answer-key.json, is refused with a 'file' issue naming the account and the field (covered 53)
      ~ W00c RC4 an account file is checked where it resolves (every account of every folder) ARC-8 C06 CHQ file set to accounts/zz-(Test).csv, a link to ../answer-key.json, is refused with a 'file' issue naming the account and the field (covered 53)
      ~ W00c RC4 an account file is checked where it resolves (every account of every folder) ARC-8 C06 USD file set to accounts/zz-(Test).csv, a link to ../answer-key.json, is refused with a 'file' issue naming the account and the field (covered 53)
      ~ W00c RC4 an account file is checked where it resolves (every account of every folder) ARC-8 C06 BCD file set to accounts/zz-(Test).csv, a link to ../answer-key.json, is refused with a 'file' issue naming the account and the field (covered 53)
      ~ W00c RC4 an account file is checked where it resolves (every account of every folder) ARC-8 C07 CHQ file set to accounts/zz-(Test).csv, a link to ../answer-key.json, is refused with a 'file' issue naming the account and the field (covered 53)
      ~ W00c RC4 an account file is checked where it resolves (every account of every folder) ARC-8 C08 CHQ file set to accounts/zz-(Test).csv, a link to ../answer-key.json, is refused with a 'file' issue naming the account and the field (covered 53)
      ~ W00c RC4 an account file is checked where it resolves (every account of every folder) ARC-8 C08 USD file set to accounts/zz-(Test).csv, a link to ../answer-key.json, is refused with a 'file' issue naming the account and the field (covered 53)
      ~ W00c RC4 an account file is checked where it resolves (every account of every folder) ARC-8 C08 BCD file set to accounts/zz-(Test).csv, a link to ../answer-key.json, is refused with a 'file' issue naming the account and the field (covered 53)
      ~ W00c RC4 an account file is checked where it resolves (every account of every folder) ARC-8 C08 PCD file set to accounts/zz-(Test).csv, a link to ../answer-key.json, is refused with a 'file' issue naming the account and the field (covered 53)
      ~ W00c RC4 an account file is checked where it resolves (every account of every folder) ARC-8 C09 CHQ file set to accounts/zz-(Test).csv, a link to ../answer-key.json, is refused with a 'file' issue naming the account and the field (covered 53)
      ~ W00c RC4 an account file is checked where it resolves (every account of every folder) ARC-8 C09 BCD file set to accounts/zz-(Test).csv, a link to ../answer-key.json, is refused with a 'file' issue naming the account and the field (covered 53)
      ~ W00c RC4 an account file is checked where it resolves (every account of every folder) ARC-8 C10 CHQ file set to accounts/zz-(Test).csv, a link to ../answer-key.json, is refused with a 'file' issue naming the account and the field (covered 53)
      ~ W00c RC4 an account file is checked where it resolves (every account of every folder) ARC-8 C10 BCD file set to accounts/zz-(Test).csv, a link to ../answer-key.json, is refused with a 'file' issue naming the account and the field (covered 53)
      ~ W00c RC4 an account file is checked where it resolves (every account of every folder) ARC-8 C11 CHQ file set to accounts/zz-(Test).csv, a link to ../answer-key.json, is refused with a 'file' issue naming the account and the field (covered 53)
      ~ W00c RC4 an account file is checked where it resolves (every account of every folder) ARC-8 C11 BCD file set to accounts/zz-(Test).csv, a link to ../answer-key.json, is refused with a 'file' issue naming the account and the field (covered 53)
      ~ W00c RC4 an account file is checked where it resolves (every account of every folder) ARC-8 C13 CHQ file set to accounts/zz-(Test).csv, a link to ../answer-key.json, is refused with a 'file' issue naming the account and the field (covered 53)
      ~ W00c RC4 an account file is checked where it resolves (every account of every folder) ARC-8 C13 BCD file set to accounts/zz-(Test).csv, a link to ../answer-key.json, is refused with a 'file' issue naming the account and the field (covered 53)
      ~ W00c RC4 an account file is checked where it resolves (every account of every folder) ARC-8 C14 CHQ file set to accounts/zz-(Test).csv, a link to ../answer-key.json, is refused with a 'file' issue naming the account and the field (covered 53)
      ~ W00c RC4 an account file is checked where it resolves (every account of every folder) ARC-8 C14 BCD file set to accounts/zz-(Test).csv, a link to ../answer-key.json, is refused with a 'file' issue naming the account and the field (covered 53)
      ~ W00c RC4 an account file is checked where it resolves (every account of every folder) ARC-8 C15 CHQ file set to accounts/zz-(Test).csv, a link to ../answer-key.json, is refused with a 'file' issue naming the account and the field (covered 53)
      ~ W00c RC4 an account file is checked where it resolves (every account of every folder) ARC-8 C15 BCD file set to accounts/zz-(Test).csv, a link to ../answer-key.json, is refused with a 'file' issue naming the account and the field (covered 53)
      ~ W00c RC4 an account file is checked where it resolves (every account of every folder) ARC-8 C01 CHQ file set to accounts/x-(Test).csv, a link to its own qbo CSV, is refused with a 'file' issue naming the account and the field (covered 53)
      ~ W00c RC4 an account file is checked where it resolves (every account of every folder) ARC-8 C01 BCD file set to accounts/x-(Test).csv, a link to its own qbo CSV, is refused with a 'file' issue naming the account and the field (covered 53)
      ~ W00c RC4 an account file is checked where it resolves (every account of every folder) ARC-8 C01 PCD file set to accounts/x-(Test).csv, a link to its own qbo CSV, is refused with a 'file' issue naming the account and the field (covered 53)
      ~ W00c RC4 an account file is checked where it resolves (every account of every folder) ARC-8 C02 CHQ file set to accounts/x-(Test).csv, a link to its own qbo CSV, is refused with a 'file' issue naming the account and the field (covered 53)
      ~ W00c RC4 an account file is checked where it resolves (every account of every folder) ARC-8 C02 BCD file set to accounts/x-(Test).csv, a link to its own qbo CSV, is refused with a 'file' issue naming the account and the field (covered 53)
      ~ W00c RC4 an account file is checked where it resolves (every account of every folder) ARC-8 C03 CHQ file set to accounts/x-(Test).csv, a link to its own qbo CSV, is refused with a 'file' issue naming the account and the field (covered 53)
      ~ W00c RC4 an account file is checked where it resolves (every account of every folder) ARC-8 C03 BCD file set to accounts/x-(Test).csv, a link to its own qbo CSV, is refused with a 'file' issue naming the account and the field (covered 53)
      ~ W00c RC4 an account file is checked where it resolves (every account of every folder) ARC-8 C04 CHQ file set to accounts/x-(Test).csv, a link to its own qbo CSV, is refused with a 'file' issue naming the account and the field (covered 53)
      ~ W00c RC4 an account file is checked where it resolves (every account of every folder) ARC-8 C04 BCD file set to accounts/x-(Test).csv, a link to its own qbo CSV, is refused with a 'file' issue naming the account and the field (covered 53)
      ~ W00c RC4 an account file is checked where it resolves (every account of every folder) ARC-8 C05 CHQ file set to accounts/x-(Test).csv, a link to its own qbo CSV, is refused with a 'file' issue naming the account and the field (covered 53)
      ~ W00c RC4 an account file is checked where it resolves (every account of every folder) ARC-8 C05 BRK file set to accounts/x-(Test).csv, a link to its own qbo CSV, is refused with a 'file' issue naming the account and the field (covered 53)
      ~ W00c RC4 an account file is checked where it resolves (every account of every folder) ARC-8 C06 CHQ file set to accounts/x-(Test).csv, a link to its own qbo CSV, is refused with a 'file' issue naming the account and the field (covered 53)
      ~ W00c RC4 an account file is checked where it resolves (every account of every folder) ARC-8 C06 USD file set to accounts/x-(Test).csv, a link to its own qbo CSV, is refused with a 'file' issue naming the account and the field (covered 53)
      ~ W00c RC4 an account file is checked where it resolves (every account of every folder) ARC-8 C06 BCD file set to accounts/x-(Test).csv, a link to its own qbo CSV, is refused with a 'file' issue naming the account and the field (covered 53)
      ~ W00c RC4 an account file is checked where it resolves (every account of every folder) ARC-8 C07 CHQ file set to accounts/x-(Test).csv, a link to its own qbo CSV, is refused with a 'file' issue naming the account and the field (covered 53)
      ~ W00c RC4 an account file is checked where it resolves (every account of every folder) ARC-8 C08 CHQ file set to accounts/x-(Test).csv, a link to its own qbo CSV, is refused with a 'file' issue naming the account and the field (covered 53)
      ~ W00c RC4 an account file is checked where it resolves (every account of every folder) ARC-8 C08 USD file set to accounts/x-(Test).csv, a link to its own qbo CSV, is refused with a 'file' issue naming the account and the field (covered 53)
      ~ W00c RC4 an account file is checked where it resolves (every account of every folder) ARC-8 C08 BCD file set to accounts/x-(Test).csv, a link to its own qbo CSV, is refused with a 'file' issue naming the account and the field (covered 53)
      ~ W00c RC4 an account file is checked where it resolves (every account of every folder) ARC-8 C08 PCD file set to accounts/x-(Test).csv, a link to its own qbo CSV, is refused with a 'file' issue naming the account and the field (covered 53)
      ~ W00c RC4 an account file is checked where it resolves (every account of every folder) ARC-8 C09 CHQ file set to accounts/x-(Test).csv, a link to its own qbo CSV, is refused with a 'file' issue naming the account and the field (covered 53)
      ~ W00c RC4 an account file is checked where it resolves (every account of every folder) ARC-8 C09 BCD file set to accounts/x-(Test).csv, a link to its own qbo CSV, is refused with a 'file' issue naming the account and the field (covered 53)
      ~ W00c RC4 an account file is checked where it resolves (every account of every folder) ARC-8 C10 CHQ file set to accounts/x-(Test).csv, a link to its own qbo CSV, is refused with a 'file' issue naming the account and the field (covered 53)
      ~ W00c RC4 an account file is checked where it resolves (every account of every folder) ARC-8 C10 BCD file set to accounts/x-(Test).csv, a link to its own qbo CSV, is refused with a 'file' issue naming the account and the field (covered 53)
      ~ W00c RC4 an account file is checked where it resolves (every account of every folder) ARC-8 C11 CHQ file set to accounts/x-(Test).csv, a link to its own qbo CSV, is refused with a 'file' issue naming the account and the field (covered 53)
      ~ W00c RC4 an account file is checked where it resolves (every account of every folder) ARC-8 C11 BCD file set to accounts/x-(Test).csv, a link to its own qbo CSV, is refused with a 'file' issue naming the account and the field (covered 53)
      ~ W00c RC4 an account file is checked where it resolves (every account of every folder) ARC-8 C13 CHQ file set to accounts/x-(Test).csv, a link to its own qbo CSV, is refused with a 'file' issue naming the account and the field (covered 53)
      ~ W00c RC4 an account file is checked where it resolves (every account of every folder) ARC-8 C13 BCD file set to accounts/x-(Test).csv, a link to its own qbo CSV, is refused with a 'file' issue naming the account and the field (covered 53)
      ~ W00c RC4 an account file is checked where it resolves (every account of every folder) ARC-8 C14 CHQ file set to accounts/x-(Test).csv, a link to its own qbo CSV, is refused with a 'file' issue naming the account and the field (covered 53)
      ~ W00c RC4 an account file is checked where it resolves (every account of every folder) ARC-8 C14 BCD file set to accounts/x-(Test).csv, a link to its own qbo CSV, is refused with a 'file' issue naming the account and the field (covered 53)
      ~ W00c RC4 an account file is checked where it resolves (every account of every folder) ARC-8 C15 CHQ file set to accounts/x-(Test).csv, a link to its own qbo CSV, is refused with a 'file' issue naming the account and the field (covered 53)
      ~ W00c RC4 an account file is checked where it resolves (every account of every folder) ARC-8 C15 BCD file set to accounts/x-(Test).csv, a link to its own qbo CSV, is refused with a 'file' issue naming the account and the field (covered 53)
      ~ W00c RC4 an account file is checked where it resolves (every account of every folder) ARC-8 C01 CHQ qboFile set to qbo/x-(Test).csv, a link to its own accounts CSV, is refused with a 'file' issue naming the account and the field (covered 53)
      ~ W00c RC4 an account file is checked where it resolves (every account of every folder) ARC-8 C01 BCD qboFile set to qbo/x-(Test).csv, a link to its own accounts CSV, is refused with a 'file' issue naming the account and the field (covered 53)
      ~ W00c RC4 an account file is checked where it resolves (every account of every folder) ARC-8 C01 PCD qboFile set to qbo/x-(Test).csv, a link to its own accounts CSV, is refused with a 'file' issue naming the account and the field (covered 53)
      ~ W00c RC4 an account file is checked where it resolves (every account of every folder) ARC-8 C02 CHQ qboFile set to qbo/x-(Test).csv, a link to its own accounts CSV, is refused with a 'file' issue naming the account and the field (covered 53)
      ~ W00c RC4 an account file is checked where it resolves (every account of every folder) ARC-8 C02 BCD qboFile set to qbo/x-(Test).csv, a link to its own accounts CSV, is refused with a 'file' issue naming the account and the field (covered 53)
      ~ W00c RC4 an account file is checked where it resolves (every account of every folder) ARC-8 C03 CHQ qboFile set to qbo/x-(Test).csv, a link to its own accounts CSV, is refused with a 'file' issue naming the account and the field (covered 53)
      ~ W00c RC4 an account file is checked where it resolves (every account of every folder) ARC-8 C03 BCD qboFile set to qbo/x-(Test).csv, a link to its own accounts CSV, is refused with a 'file' issue naming the account and the field (covered 53)
      ~ W00c RC4 an account file is checked where it resolves (every account of every folder) ARC-8 C04 CHQ qboFile set to qbo/x-(Test).csv, a link to its own accounts CSV, is refused with a 'file' issue naming the account and the field (covered 53)
      ~ W00c RC4 an account file is checked where it resolves (every account of every folder) ARC-8 C04 BCD qboFile set to qbo/x-(Test).csv, a link to its own accounts CSV, is refused with a 'file' issue naming the account and the field (covered 53)
      ~ W00c RC4 an account file is checked where it resolves (every account of every folder) ARC-8 C05 CHQ qboFile set to qbo/x-(Test).csv, a link to its own accounts CSV, is refused with a 'file' issue naming the account and the field (covered 53)
      ~ W00c RC4 an account file is checked where it resolves (every account of every folder) ARC-8 C05 BRK qboFile set to qbo/x-(Test).csv, a link to its own accounts CSV, is refused with a 'file' issue naming the account and the field (covered 53)
      ~ W00c RC4 an account file is checked where it resolves (every account of every folder) ARC-8 C06 CHQ qboFile set to qbo/x-(Test).csv, a link to its own accounts CSV, is refused with a 'file' issue naming the account and the field (covered 53)
      ~ W00c RC4 an account file is checked where it resolves (every account of every folder) ARC-8 C06 USD qboFile set to qbo/x-(Test).csv, a link to its own accounts CSV, is refused with a 'file' issue naming the account and the field (covered 53)
      ~ W00c RC4 an account file is checked where it resolves (every account of every folder) ARC-8 C06 BCD qboFile set to qbo/x-(Test).csv, a link to its own accounts CSV, is refused with a 'file' issue naming the account and the field (covered 53)
      ~ W00c RC4 an account file is checked where it resolves (every account of every folder) ARC-8 C07 CHQ qboFile set to qbo/x-(Test).csv, a link to its own accounts CSV, is refused with a 'file' issue naming the account and the field (covered 53)
      ~ W00c RC4 an account file is checked where it resolves (every account of every folder) ARC-8 C08 CHQ qboFile set to qbo/x-(Test).csv, a link to its own accounts CSV, is refused with a 'file' issue naming the account and the field (covered 53)
      ~ W00c RC4 an account file is checked where it resolves (every account of every folder) ARC-8 C08 USD qboFile set to qbo/x-(Test).csv, a link to its own accounts CSV, is refused with a 'file' issue naming the account and the field (covered 53)
      ~ W00c RC4 an account file is checked where it resolves (every account of every folder) ARC-8 C08 BCD qboFile set to qbo/x-(Test).csv, a link to its own accounts CSV, is refused with a 'file' issue naming the account and the field (covered 53)
      ~ W00c RC4 an account file is checked where it resolves (every account of every folder) ARC-8 C08 PCD qboFile set to qbo/x-(Test).csv, a link to its own accounts CSV, is refused with a 'file' issue naming the account and the field (covered 53)
      ~ W00c RC4 an account file is checked where it resolves (every account of every folder) ARC-8 C09 CHQ qboFile set to qbo/x-(Test).csv, a link to its own accounts CSV, is refused with a 'file' issue naming the account and the field (covered 53)
      ~ W00c RC4 an account file is checked where it resolves (every account of every folder) ARC-8 C09 BCD qboFile set to qbo/x-(Test).csv, a link to its own accounts CSV, is refused with a 'file' issue naming the account and the field (covered 53)
      ~ W00c RC4 an account file is checked where it resolves (every account of every folder) ARC-8 C10 CHQ qboFile set to qbo/x-(Test).csv, a link to its own accounts CSV, is refused with a 'file' issue naming the account and the field (covered 53)
      ~ W00c RC4 an account file is checked where it resolves (every account of every folder) ARC-8 C10 BCD qboFile set to qbo/x-(Test).csv, a link to its own accounts CSV, is refused with a 'file' issue naming the account and the field (covered 53)
      ~ W00c RC4 an account file is checked where it resolves (every account of every folder) ARC-8 C11 CHQ qboFile set to qbo/x-(Test).csv, a link to its own accounts CSV, is refused with a 'file' issue naming the account and the field (covered 53)
      ~ W00c RC4 an account file is checked where it resolves (every account of every folder) ARC-8 C11 BCD qboFile set to qbo/x-(Test).csv, a link to its own accounts CSV, is refused with a 'file' issue naming the account and the field (covered 53)
      ~ W00c RC4 an account file is checked where it resolves (every account of every folder) ARC-8 C13 CHQ qboFile set to qbo/x-(Test).csv, a link to its own accounts CSV, is refused with a 'file' issue naming the account and the field (covered 53)
      ~ W00c RC4 an account file is checked where it resolves (every account of every folder) ARC-8 C13 BCD qboFile set to qbo/x-(Test).csv, a link to its own accounts CSV, is refused with a 'file' issue naming the account and the field (covered 53)
      ~ W00c RC4 an account file is checked where it resolves (every account of every folder) ARC-8 C14 CHQ qboFile set to qbo/x-(Test).csv, a link to its own accounts CSV, is refused with a 'file' issue naming the account and the field (covered 53)
      ~ W00c RC4 an account file is checked where it resolves (every account of every folder) ARC-8 C14 BCD qboFile set to qbo/x-(Test).csv, a link to its own accounts CSV, is refused with a 'file' issue naming the account and the field (covered 53)
      ~ W00c RC4 an account file is checked where it resolves (every account of every folder) ARC-8 C15 CHQ qboFile set to qbo/x-(Test).csv, a link to its own accounts CSV, is refused with a 'file' issue naming the account and the field (covered 53)
      ~ W00c RC4 an account file is checked where it resolves (every account of every folder) ARC-8 C15 BCD qboFile set to qbo/x-(Test).csv, a link to its own accounts CSV, is refused with a 'file' issue naming the account and the field (covered 53)
      ~ W00c RC4 an account file is checked where it resolves (every account of every folder) ARC-8 C01 CHQ file set to accounts/inside-(Test).csv, a link to its own CSV in the same folder, still loads (covered 53)
      ~ W00c RC4 an account file is checked where it resolves (every account of every folder) ARC-8 C01 BCD file set to accounts/inside-(Test).csv, a link to its own CSV in the same folder, still loads (covered 53)
      ~ W00c RC4 an account file is checked where it resolves (every account of every folder) ARC-8 C01 PCD file set to accounts/inside-(Test).csv, a link to its own CSV in the same folder, still loads (covered 53)
      ~ W00c RC4 an account file is checked where it resolves (every account of every folder) ARC-8 C02 CHQ file set to accounts/inside-(Test).csv, a link to its own CSV in the same folder, still loads (covered 53)
      ~ W00c RC4 an account file is checked where it resolves (every account of every folder) ARC-8 C02 BCD file set to accounts/inside-(Test).csv, a link to its own CSV in the same folder, still loads (covered 53)
      ~ W00c RC4 an account file is checked where it resolves (every account of every folder) ARC-8 C03 CHQ file set to accounts/inside-(Test).csv, a link to its own CSV in the same folder, still loads (covered 53)
      ~ W00c RC4 an account file is checked where it resolves (every account of every folder) ARC-8 C03 BCD file set to accounts/inside-(Test).csv, a link to its own CSV in the same folder, still loads (covered 53)
      ~ W00c RC4 an account file is checked where it resolves (every account of every folder) ARC-8 C04 CHQ file set to accounts/inside-(Test).csv, a link to its own CSV in the same folder, still loads (covered 53)
      ~ W00c RC4 an account file is checked where it resolves (every account of every folder) ARC-8 C04 BCD file set to accounts/inside-(Test).csv, a link to its own CSV in the same folder, still loads (covered 53)
      ~ W00c RC4 an account file is checked where it resolves (every account of every folder) ARC-8 C05 CHQ file set to accounts/inside-(Test).csv, a link to its own CSV in the same folder, still loads (covered 53)
      ~ W00c RC4 an account file is checked where it resolves (every account of every folder) ARC-8 C05 BRK file set to accounts/inside-(Test).csv, a link to its own CSV in the same folder, still loads (covered 53)
      ~ W00c RC4 an account file is checked where it resolves (every account of every folder) ARC-8 C06 CHQ file set to accounts/inside-(Test).csv, a link to its own CSV in the same folder, still loads (covered 53)
      ~ W00c RC4 an account file is checked where it resolves (every account of every folder) ARC-8 C06 USD file set to accounts/inside-(Test).csv, a link to its own CSV in the same folder, still loads (covered 53)
      ~ W00c RC4 an account file is checked where it resolves (every account of every folder) ARC-8 C06 BCD file set to accounts/inside-(Test).csv, a link to its own CSV in the same folder, still loads (covered 53)
      ~ W00c RC4 an account file is checked where it resolves (every account of every folder) ARC-8 C07 CHQ file set to accounts/inside-(Test).csv, a link to its own CSV in the same folder, still loads (covered 53)
      ~ W00c RC4 an account file is checked where it resolves (every account of every folder) ARC-8 C08 CHQ file set to accounts/inside-(Test).csv, a link to its own CSV in the same folder, still loads (covered 53)
      ~ W00c RC4 an account file is checked where it resolves (every account of every folder) ARC-8 C08 USD file set to accounts/inside-(Test).csv, a link to its own CSV in the same folder, still loads (covered 53)
      ~ W00c RC4 an account file is checked where it resolves (every account of every folder) ARC-8 C08 BCD file set to accounts/inside-(Test).csv, a link to its own CSV in the same folder, still loads (covered 53)
      ~ W00c RC4 an account file is checked where it resolves (every account of every folder) ARC-8 C08 PCD file set to accounts/inside-(Test).csv, a link to its own CSV in the same folder, still loads (covered 53)
      ~ W00c RC4 an account file is checked where it resolves (every account of every folder) ARC-8 C09 CHQ file set to accounts/inside-(Test).csv, a link to its own CSV in the same folder, still loads (covered 53)
      ~ W00c RC4 an account file is checked where it resolves (every account of every folder) ARC-8 C09 BCD file set to accounts/inside-(Test).csv, a link to its own CSV in the same folder, still loads (covered 53)
      ~ W00c RC4 an account file is checked where it resolves (every account of every folder) ARC-8 C10 CHQ file set to accounts/inside-(Test).csv, a link to its own CSV in the same folder, still loads (covered 53)
      ~ W00c RC4 an account file is checked where it resolves (every account of every folder) ARC-8 C10 BCD file set to accounts/inside-(Test).csv, a link to its own CSV in the same folder, still loads (covered 53)
      ~ W00c RC4 an account file is checked where it resolves (every account of every folder) ARC-8 C11 CHQ file set to accounts/inside-(Test).csv, a link to its own CSV in the same folder, still loads (covered 53)
      ~ W00c RC4 an account file is checked where it resolves (every account of every folder) ARC-8 C11 BCD file set to accounts/inside-(Test).csv, a link to its own CSV in the same folder, still loads (covered 53)
      ~ W00c RC4 an account file is checked where it resolves (every account of every folder) ARC-8 C13 CHQ file set to accounts/inside-(Test).csv, a link to its own CSV in the same folder, still loads (covered 53)
      ~ W00c RC4 an account file is checked where it resolves (every account of every folder) ARC-8 C13 BCD file set to accounts/inside-(Test).csv, a link to its own CSV in the same folder, still loads (covered 53)
      ~ W00c RC4 an account file is checked where it resolves (every account of every folder) ARC-8 C14 CHQ file set to accounts/inside-(Test).csv, a link to its own CSV in the same folder, still loads (covered 53)
      ~ W00c RC4 an account file is checked where it resolves (every account of every folder) ARC-8 C14 BCD file set to accounts/inside-(Test).csv, a link to its own CSV in the same folder, still loads (covered 53)
      ~ W00c RC4 an account file is checked where it resolves (every account of every folder) ARC-8 C15 CHQ file set to accounts/inside-(Test).csv, a link to its own CSV in the same folder, still loads (covered 53)
      ~ W00c RC4 an account file is checked where it resolves (every account of every folder) ARC-8 C15 BCD file set to accounts/inside-(Test).csv, a link to its own CSV in the same folder, still loads (covered 53)
      ~ W00c RC4 a subfolder that is itself a link is refused for every account file in it (every folder with accounts) ARC-8 C01 with accounts/ a link to a renamed copy of itself is refused with a 'file' issue for every account, naming the field (covered 53)
      ~ W00c RC4 a subfolder that is itself a link is refused for every account file in it (every folder with accounts) ARC-8 C01 with qbo/ a link to a renamed copy of itself is refused with a 'file' issue for every account, naming the field (covered 53)
      ~ W00c RC4 a subfolder that is itself a link is refused for every account file in it (every folder with accounts) ARC-8 C02 with accounts/ a link to a renamed copy of itself is refused with a 'file' issue for every account, naming the field (covered 53)
      ~ W00c RC4 a subfolder that is itself a link is refused for every account file in it (every folder with accounts) ARC-8 C02 with qbo/ a link to a renamed copy of itself is refused with a 'file' issue for every account, naming the field (covered 53)
      ~ W00c RC4 a subfolder that is itself a link is refused for every account file in it (every folder with accounts) ARC-8 C03 with accounts/ a link to a renamed copy of itself is refused with a 'file' issue for every account, naming the field (covered 53)
      ~ W00c RC4 a subfolder that is itself a link is refused for every account file in it (every folder with accounts) ARC-8 C03 with qbo/ a link to a renamed copy of itself is refused with a 'file' issue for every account, naming the field (covered 53)
      ~ W00c RC4 a subfolder that is itself a link is refused for every account file in it (every folder with accounts) ARC-8 C04 with accounts/ a link to a renamed copy of itself is refused with a 'file' issue for every account, naming the field (covered 53)
      ~ W00c RC4 a subfolder that is itself a link is refused for every account file in it (every folder with accounts) ARC-8 C04 with qbo/ a link to a renamed copy of itself is refused with a 'file' issue for every account, naming the field (covered 53)
      ~ W00c RC4 a subfolder that is itself a link is refused for every account file in it (every folder with accounts) ARC-8 C05 with accounts/ a link to a renamed copy of itself is refused with a 'file' issue for every account, naming the field (covered 53)
      ~ W00c RC4 a subfolder that is itself a link is refused for every account file in it (every folder with accounts) ARC-8 C05 with qbo/ a link to a renamed copy of itself is refused with a 'file' issue for every account, naming the field (covered 53)
      ~ W00c RC4 a subfolder that is itself a link is refused for every account file in it (every folder with accounts) ARC-8 C06 with accounts/ a link to a renamed copy of itself is refused with a 'file' issue for every account, naming the field (covered 53)
      ~ W00c RC4 a subfolder that is itself a link is refused for every account file in it (every folder with accounts) ARC-8 C06 with qbo/ a link to a renamed copy of itself is refused with a 'file' issue for every account, naming the field (covered 53)
      ~ W00c RC4 a subfolder that is itself a link is refused for every account file in it (every folder with accounts) ARC-8 C07 with accounts/ a link to a renamed copy of itself is refused with a 'file' issue for every account, naming the field (covered 53)
      ~ W00c RC4 a subfolder that is itself a link is refused for every account file in it (every folder with accounts) ARC-8 C07 with qbo/ a link to a renamed copy of itself is refused with a 'file' issue for every account, naming the field (covered 53)
      ~ W00c RC4 a subfolder that is itself a link is refused for every account file in it (every folder with accounts) ARC-8 C08 with accounts/ a link to a renamed copy of itself is refused with a 'file' issue for every account, naming the field (covered 53)
      ~ W00c RC4 a subfolder that is itself a link is refused for every account file in it (every folder with accounts) ARC-8 C08 with qbo/ a link to a renamed copy of itself is refused with a 'file' issue for every account, naming the field (covered 53)
      ~ W00c RC4 a subfolder that is itself a link is refused for every account file in it (every folder with accounts) ARC-8 C09 with accounts/ a link to a renamed copy of itself is refused with a 'file' issue for every account, naming the field (covered 53)
      ~ W00c RC4 a subfolder that is itself a link is refused for every account file in it (every folder with accounts) ARC-8 C09 with qbo/ a link to a renamed copy of itself is refused with a 'file' issue for every account, naming the field (covered 53)
      ~ W00c RC4 a subfolder that is itself a link is refused for every account file in it (every folder with accounts) ARC-8 C10 with accounts/ a link to a renamed copy of itself is refused with a 'file' issue for every account, naming the field (covered 53)
      ~ W00c RC4 a subfolder that is itself a link is refused for every account file in it (every folder with accounts) ARC-8 C10 with qbo/ a link to a renamed copy of itself is refused with a 'file' issue for every account, naming the field (covered 53)
      ~ W00c RC4 a subfolder that is itself a link is refused for every account file in it (every folder with accounts) ARC-8 C11 with accounts/ a link to a renamed copy of itself is refused with a 'file' issue for every account, naming the field (covered 53)
      ~ W00c RC4 a subfolder that is itself a link is refused for every account file in it (every folder with accounts) ARC-8 C11 with qbo/ a link to a renamed copy of itself is refused with a 'file' issue for every account, naming the field (covered 53)
      ~ W00c RC4 a subfolder that is itself a link is refused for every account file in it (every folder with accounts) ARC-8 C13 with accounts/ a link to a renamed copy of itself is refused with a 'file' issue for every account, naming the field (covered 53)
      ~ W00c RC4 a subfolder that is itself a link is refused for every account file in it (every folder with accounts) ARC-8 C13 with qbo/ a link to a renamed copy of itself is refused with a 'file' issue for every account, naming the field (covered 53)
      ~ W00c RC4 a subfolder that is itself a link is refused for every account file in it (every folder with accounts) ARC-8 C14 with accounts/ a link to a renamed copy of itself is refused with a 'file' issue for every account, naming the field (covered 53)
      ~ W00c RC4 a subfolder that is itself a link is refused for every account file in it (every folder with accounts) ARC-8 C14 with qbo/ a link to a renamed copy of itself is refused with a 'file' issue for every account, naming the field (covered 53)
      ~ W00c RC4 a subfolder that is itself a link is refused for every account file in it (every folder with accounts) ARC-8 C15 with accounts/ a link to a renamed copy of itself is refused with a 'file' issue for every account, naming the field (covered 53)
      ~ W00c RC4 a subfolder that is itself a link is refused for every account file in it (every folder with accounts) ARC-8 C15 with qbo/ a link to a renamed copy of itself is refused with a 'file' issue for every account, naming the field (covered 53)
      ~ W00c RC4 the client JSON files are regular files, never links (every folder) ARC-8 C01 with answer-key.json a link to a byte-for-byte copy outside the folder is refused with a 'file' issue naming the file (covered 53)
      ~ W00c RC4 the client JSON files are regular files, never links (every folder) ARC-8 C01 with onboarding.json a link to a byte-for-byte copy outside the folder is refused with a 'file' issue naming the file (covered 53)
      ~ W00c RC4 the client JSON files are regular files, never links (every folder) ARC-8 C02 with answer-key.json a link to a byte-for-byte copy outside the folder is refused with a 'file' issue naming the file (covered 53)
      ~ W00c RC4 the client JSON files are regular files, never links (every folder) ARC-8 C02 with onboarding.json a link to a byte-for-byte copy outside the folder is refused with a 'file' issue naming the file (covered 53)
      ~ W00c RC4 the client JSON files are regular files, never links (every folder) ARC-8 C03 with answer-key.json a link to a byte-for-byte copy outside the folder is refused with a 'file' issue naming the file (covered 53)
      ~ W00c RC4 the client JSON files are regular files, never links (every folder) ARC-8 C03 with onboarding.json a link to a byte-for-byte copy outside the folder is refused with a 'file' issue naming the file (covered 53)
      ~ W00c RC4 the client JSON files are regular files, never links (every folder) ARC-8 C04 with answer-key.json a link to a byte-for-byte copy outside the folder is refused with a 'file' issue naming the file (covered 53)
      ~ W00c RC4 the client JSON files are regular files, never links (every folder) ARC-8 C04 with onboarding.json a link to a byte-for-byte copy outside the folder is refused with a 'file' issue naming the file (covered 53)
      ~ W00c RC4 the client JSON files are regular files, never links (every folder) ARC-8 C05 with answer-key.json a link to a byte-for-byte copy outside the folder is refused with a 'file' issue naming the file (covered 53)
      ~ W00c RC4 the client JSON files are regular files, never links (every folder) ARC-8 C05 with onboarding.json a link to a byte-for-byte copy outside the folder is refused with a 'file' issue naming the file (covered 53)
      ~ W00c RC4 the client JSON files are regular files, never links (every folder) ARC-8 C06 with answer-key.json a link to a byte-for-byte copy outside the folder is refused with a 'file' issue naming the file (covered 53)
      ~ W00c RC4 the client JSON files are regular files, never links (every folder) ARC-8 C06 with onboarding.json a link to a byte-for-byte copy outside the folder is refused with a 'file' issue naming the file (covered 53)
      ~ W00c RC4 the client JSON files are regular files, never links (every folder) ARC-8 C07 with answer-key.json a link to a byte-for-byte copy outside the folder is refused with a 'file' issue naming the file (covered 53)
      ~ W00c RC4 the client JSON files are regular files, never links (every folder) ARC-8 C07 with onboarding.json a link to a byte-for-byte copy outside the folder is refused with a 'file' issue naming the file (covered 53)
      ~ W00c RC4 the client JSON files are regular files, never links (every folder) ARC-8 C08 with answer-key.json a link to a byte-for-byte copy outside the folder is refused with a 'file' issue naming the file (covered 53)
      ~ W00c RC4 the client JSON files are regular files, never links (every folder) ARC-8 C08 with onboarding.json a link to a byte-for-byte copy outside the folder is refused with a 'file' issue naming the file (covered 53)
      ~ W00c RC4 the client JSON files are regular files, never links (every folder) ARC-8 C09 with answer-key.json a link to a byte-for-byte copy outside the folder is refused with a 'file' issue naming the file (covered 53)
      ~ W00c RC4 the client JSON files are regular files, never links (every folder) ARC-8 C09 with onboarding.json a link to a byte-for-byte copy outside the folder is refused with a 'file' issue naming the file (covered 53)
      ~ W00c RC4 the client JSON files are regular files, never links (every folder) ARC-8 C10 with answer-key.json a link to a byte-for-byte copy outside the folder is refused with a 'file' issue naming the file (covered 53)
      ~ W00c RC4 the client JSON files are regular files, never links (every folder) ARC-8 C10 with onboarding.json a link to a byte-for-byte copy outside the folder is refused with a 'file' issue naming the file (covered 53)
      ~ W00c RC4 the client JSON files are regular files, never links (every folder) ARC-8 C11 with answer-key.json a link to a byte-for-byte copy outside the folder is refused with a 'file' issue naming the file (covered 53)
      ~ W00c RC4 the client JSON files are regular files, never links (every folder) ARC-8 C11 with onboarding.json a link to a byte-for-byte copy outside the folder is refused with a 'file' issue naming the file (covered 53)
      ~ W00c RC4 the client JSON files are regular files, never links (every folder) ARC-8 C12 with answer-key.json a link to a byte-for-byte copy outside the folder is refused with a 'file' issue naming the file (covered 53)
      ~ W00c RC4 the client JSON files are regular files, never links (every folder) ARC-8 C12 with onboarding.json a link to a byte-for-byte copy outside the folder is refused with a 'file' issue naming the file (covered 53)
      ~ W00c RC4 the client JSON files are regular files, never links (every folder) ARC-8 C13 with answer-key.json a link to a byte-for-byte copy outside the folder is refused with a 'file' issue naming the file (covered 53)
      ~ W00c RC4 the client JSON files are regular files, never links (every folder) ARC-8 C13 with onboarding.json a link to a byte-for-byte copy outside the folder is refused with a 'file' issue naming the file (covered 53)
      ~ W00c RC4 the client JSON files are regular files, never links (every folder) ARC-8 C14 with answer-key.json a link to a byte-for-byte copy outside the folder is refused with a 'file' issue naming the file (covered 53)
      ~ W00c RC4 the client JSON files are regular files, never links (every folder) ARC-8 C14 with onboarding.json a link to a byte-for-byte copy outside the folder is refused with a 'file' issue naming the file (covered 53)
      ~ W00c RC4 the client JSON files are regular files, never links (every folder) ARC-8 C15 with answer-key.json a link to a byte-for-byte copy outside the folder is refused with a 'file' issue naming the file (covered 53)
      ~ W00c RC4 the client JSON files are regular files, never links (every folder) ARC-8 C15 with onboarding.json a link to a byte-for-byte copy outside the folder is refused with a 'file' issue naming the file (covered 53)
      ~ W00c RC4 the client JSON files are regular files, never links (every folder) END-9 C01 loads unchanged (no link anywhere in the sample folders) (covered 53)
      ~ W00c RC4 the client JSON files are regular files, never links (every folder) END-9 C02 loads unchanged (no link anywhere in the sample folders) (covered 53)
      ~ W00c RC4 the client JSON files are regular files, never links (every folder) END-9 C03 loads unchanged (no link anywhere in the sample folders) (covered 53)
      ~ W00c RC4 the client JSON files are regular files, never links (every folder) END-9 C04 loads unchanged (no link anywhere in the sample folders) (covered 53)
      ~ W00c RC4 the client JSON files are regular files, never links (every folder) END-9 C05 loads unchanged (no link anywhere in the sample folders) (covered 53)
      ~ W00c RC4 the client JSON files are regular files, never links (every folder) END-9 C06 loads unchanged (no link anywhere in the sample folders) (covered 53)
      ~ W00c RC4 the client JSON files are regular files, never links (every folder) END-9 C07 loads unchanged (no link anywhere in the sample folders) (covered 53)
      ~ W00c RC4 the client JSON files are regular files, never links (every folder) END-9 C08 loads unchanged (no link anywhere in the sample folders) (covered 53)
      ~ W00c RC4 the client JSON files are regular files, never links (every folder) END-9 C09 loads unchanged (no link anywhere in the sample folders) (covered 53)
      ~ W00c RC4 the client JSON files are regular files, never links (every folder) END-9 C10 loads unchanged (no link anywhere in the sample folders) (covered 53)
      ~ W00c RC4 the client JSON files are regular files, never links (every folder) END-9 C11 loads unchanged (no link anywhere in the sample folders) (covered 53)
      ~ W00c RC4 the client JSON files are regular files, never links (every folder) END-9 C12 loads unchanged (no link anywhere in the sample folders) (covered 53)
      ~ W00c RC4 the client JSON files are regular files, never links (every folder) END-9 C13 loads unchanged (no link anywhere in the sample folders) (covered 53)
      ~ W00c RC4 the client JSON files are regular files, never links (every folder) END-9 C14 loads unchanged (no link anywhere in the sample folders) (covered 53)
      ~ W00c RC4 the client JSON files are regular files, never links (every folder) END-9 C15 loads unchanged (no link anywhere in the sample folders) (covered 53)
      ✘ W00c RC4 a client folder that is itself a link is refused (spec review 3, gap 2: every folder) ARC-8 C01 with its client folder a link to a renamed copy beside it is not listed by clientFolders, and its load is refused with a 'file' issue naming the folder (covered 0)
      ✘ W00c RC4 a client folder that is itself a link is refused (spec review 3, gap 2: every folder) ARC-8 C02 with its client folder a link to a renamed copy beside it is not listed by clientFolders, and its load is refused with a 'file' issue naming the folder (covered 0)
      ✘ W00c RC4 a client folder that is itself a link is refused (spec review 3, gap 2: every folder) ARC-8 C03 with its client folder a link to a renamed copy beside it is not listed by clientFolders, and its load is refused with a 'file' issue naming the folder (covered 0)
      ✘ W00c RC4 a client folder that is itself a link is refused (spec review 3, gap 2: every folder) ARC-8 C04 with its client folder a link to a renamed copy beside it is not listed by clientFolders, and its load is refused with a 'file' issue naming the folder (covered 0)
      ✘ W00c RC4 a client folder that is itself a link is refused (spec review 3, gap 2: every folder) ARC-8 C05 with its client folder a link to a renamed copy beside it is not listed by clientFolders, and its load is refused with a 'file' issue naming the folder (covered 0)
      ✘ W00c RC4 a client folder that is itself a link is refused (spec review 3, gap 2: every folder) ARC-8 C06 with its client folder a link to a renamed copy beside it is not listed by clientFolders, and its load is refused with a 'file' issue naming the folder (covered 0)
      ✘ W00c RC4 a client folder that is itself a link is refused (spec review 3, gap 2: every folder) ARC-8 C07 with its client folder a link to a renamed copy beside it is not listed by clientFolders, and its load is refused with a 'file' issue naming the folder (covered 0)
      ✘ W00c RC4 a client folder that is itself a link is refused (spec review 3, gap 2: every folder) ARC-8 C08 with its client folder a link to a renamed copy beside it is not listed by clientFolders, and its load is refused with a 'file' issue naming the folder (covered 0)
      ✘ W00c RC4 a client folder that is itself a link is refused (spec review 3, gap 2: every folder) ARC-8 C09 with its client folder a link to a renamed copy beside it is not listed by clientFolders, and its load is refused with a 'file' issue naming the folder (covered 0)
      ✘ W00c RC4 a client folder that is itself a link is refused (spec review 3, gap 2: every folder) ARC-8 C10 with its client folder a link to a renamed copy beside it is not listed by clientFolders, and its load is refused with a 'file' issue naming the folder (covered 0)
      ✘ W00c RC4 a client folder that is itself a link is refused (spec review 3, gap 2: every folder) ARC-8 C11 with its client folder a link to a renamed copy beside it is not listed by clientFolders, and its load is refused with a 'file' issue naming the folder (covered 0)
      ✘ W00c RC4 a client folder that is itself a link is refused (spec review 3, gap 2: every folder) ARC-8 C12 with its client folder a link to a renamed copy beside it is not listed by clientFolders, and its load is refused with a 'file' issue naming the folder (covered 0)
      ✘ W00c RC4 a client folder that is itself a link is refused (spec review 3, gap 2: every folder) ARC-8 C13 with its client folder a link to a renamed copy beside it is not listed by clientFolders, and its load is refused with a 'file' issue naming the folder (covered 0)
      ✘ W00c RC4 a client folder that is itself a link is refused (spec review 3, gap 2: every folder) ARC-8 C14 with its client folder a link to a renamed copy beside it is not listed by clientFolders, and its load is refused with a 'file' issue naming the folder (covered 0)
      ✘ W00c RC4 a client folder that is itself a link is refused (spec review 3, gap 2: every folder) ARC-8 C15 with its client folder a link to a renamed copy beside it is not listed by clientFolders, and its load is refused with a 'file' issue naming the folder (covered 0)
      ~ W00c RC4 a client folder that is itself a link is refused (spec review 3, gap 2: every folder) END-9 with C01 a linked client folder, every other folder still loads (covered 53)
      ~ W00c RC4 a client folder that is itself a link is refused (spec review 3, gap 2: every folder) END-9 with C02 a linked client folder, every other folder still loads (covered 53)
      ~ W00c RC4 a client folder that is itself a link is refused (spec review 3, gap 2: every folder) END-9 with C03 a linked client folder, every other folder still loads (covered 53)
      ~ W00c RC4 a client folder that is itself a link is refused (spec review 3, gap 2: every folder) END-9 with C04 a linked client folder, every other folder still loads (covered 53)
      ~ W00c RC4 a client folder that is itself a link is refused (spec review 3, gap 2: every folder) END-9 with C05 a linked client folder, every other folder still loads (covered 53)
      ~ W00c RC4 a client folder that is itself a link is refused (spec review 3, gap 2: every folder) END-9 with C06 a linked client folder, every other folder still loads (covered 53)
      ~ W00c RC4 a client folder that is itself a link is refused (spec review 3, gap 2: every folder) END-9 with C07 a linked client folder, every other folder still loads (covered 53)
      ~ W00c RC4 a client folder that is itself a link is refused (spec review 3, gap 2: every folder) END-9 with C08 a linked client folder, every other folder still loads (covered 53)
      ~ W00c RC4 a client folder that is itself a link is refused (spec review 3, gap 2: every folder) END-9 with C09 a linked client folder, every other folder still loads (covered 53)
      ~ W00c RC4 a client folder that is itself a link is refused (spec review 3, gap 2: every folder) END-9 with C10 a linked client folder, every other folder still loads (covered 53)
      ~ W00c RC4 a client folder that is itself a link is refused (spec review 3, gap 2: every folder) END-9 with C11 a linked client folder, every other folder still loads (covered 53)
      ~ W00c RC4 a client folder that is itself a link is refused (spec review 3, gap 2: every folder) END-9 with C12 a linked client folder, every other folder still loads (covered 53)
      ~ W00c RC4 a client folder that is itself a link is refused (spec review 3, gap 2: every folder) END-9 with C13 a linked client folder, every other folder still loads (covered 53)
      ~ W00c RC4 a client folder that is itself a link is refused (spec review 3, gap 2: every folder) END-9 with C14 a linked client folder, every other folder still loads (covered 53)
      ~ W00c RC4 a client folder that is itself a link is refused (spec review 3, gap 2: every folder) END-9 with C15 a linked client folder, every other folder still loads (covered 53)

[Survived] EqualityOperator
testworld/clients/json-keys.ts:10:10
-     while (i < text.length && text[i] !== '"') i += text[i] === '\\' ? 2 : 1
+     while (i <= text.length && text[i] !== '"') i += text[i] === '\\' ? 2 : 1
Tests ran:
    ARC-13 money fields read as cents from their text ARC-13 a one-decimal too many amount is refused with the record, the field and the reason
    ARC-13 money fields read as cents from their text ARC-13 a bad amount on a line with no id names the file and the field only
    ARC-13 money fields read as cents from their text ARC-13 a number that only looks like money (wrong holder, other key) is left alone
  and 699 more tests!


[Survived] ConditionalExpression
testworld/clients/json-keys.ts:10:10
-     while (i < text.length && text[i] !== '"') i += text[i] === '\\' ? 2 : 1
+     while (true && text[i] !== '"') i += text[i] === '\\' ? 2 : 1
Tests ran:
    ARC-13 money fields read as cents from their text ARC-13 a one-decimal too many amount is refused with the record, the field and the reason
    ARC-13 money fields read as cents from their text ARC-13 a bad amount on a line with no id names the file and the field only
    ARC-13 money fields read as cents from their text ARC-13 a number that only looks like money (wrong holder, other key) is left alone
  and 699 more tests!


[Survived] ConditionalExpression
testworld/clients/json-keys.ts:10:51
-     while (i < text.length && text[i] !== '"') i += text[i] === '\\' ? 2 : 1
+     while (i < text.length && text[i] !== '"') i += false ? 2 : 1
Tests ran:
    ARC-13 money fields read as cents from their text ARC-13 a one-decimal too many amount is refused with the record, the field and the reason
    ARC-13 money fields read as cents from their text ARC-13 a bad amount on a line with no id names the file and the field only
    ARC-13 money fields read as cents from their text ARC-13 a number that only looks like money (wrong holder, other key) is left alone
  and 699 more tests!


[Survived] StringLiteral
testworld/clients/json-keys.ts:10:63
-     while (i < text.length && text[i] !== '"') i += text[i] === '\\' ? 2 : 1
+     while (i < text.length && text[i] !== '"') i += text[i] === "" ? 2 : 1
Tests ran:
    ARC-13 money fields read as cents from their text ARC-13 a one-decimal too many amount is refused with the record, the field and the reason
    ARC-13 money fields read as cents from their text ARC-13 a bad amount on a line with no id names the file and the field only
    ARC-13 money fields read as cents from their text ARC-13 a number that only looks like money (wrong holder, other key) is left alone
  and 699 more tests!


[Survived] ArrayDeclaration
testworld/clients/json-keys.ts:25:26
-     const stack: Frame[] = []
+     const stack: Frame[] = ["Stryker was here"]
Tests ran:
    ARC-13 money fields read as cents from their text ARC-13 a one-decimal too many amount is refused with the record, the field and the reason
    ARC-13 money fields read as cents from their text ARC-13 a bad amount on a line with no id names the file and the field only
    ARC-13 money fields read as cents from their text ARC-13 a number that only looks like money (wrong holder, other key) is left alone
  and 700 more tests!


[Survived] EqualityOperator
testworld/clients/json-keys.ts:27:10
-     while (i < text.length) {
+     while (i <= text.length) {
Tests ran:
    ARC-13 money fields read as cents from their text ARC-13 a one-decimal too many amount is refused with the record, the field and the reason
    ARC-13 money fields read as cents from their text ARC-13 a bad amount on a line with no id names the file and the field only
    ARC-13 money fields read as cents from their text ARC-13 a number that only looks like money (wrong holder, other key) is left alone
  and 700 more tests!


[Survived] ConditionalExpression
testworld/clients/json-keys.ts:32:11
-         if (top !== undefined && top.object && top.wantKey) {
+         if (true && top.wantKey) {
Tests ran:
    ARC-13 money fields read as cents from their text ARC-13 a one-decimal too many amount is refused with the record, the field and the reason
    ARC-13 money fields read as cents from their text ARC-13 a bad amount on a line with no id names the file and the field only
    ARC-13 money fields read as cents from their text ARC-13 a number that only looks like money (wrong holder, other key) is left alone
  and 699 more tests!


[Survived] LogicalOperator
testworld/clients/json-keys.ts:32:11
-         if (top !== undefined && top.object && top.wantKey) {
+         if (top !== undefined || top.object && top.wantKey) {
Tests ran:
    ARC-13 money fields read as cents from their text ARC-13 a one-decimal too many amount is refused with the record, the field and the reason
    ARC-13 money fields read as cents from their text ARC-13 a bad amount on a line with no id names the file and the field only
    ARC-13 money fields read as cents from their text ARC-13 a number that only looks like money (wrong holder, other key) is left alone
  and 699 more tests!


[Survived] ConditionalExpression
testworld/clients/json-keys.ts:32:11
-         if (top !== undefined && top.object && top.wantKey) {
+         if (true && top.object && top.wantKey) {
Tests ran:
    ARC-13 money fields read as cents from their text ARC-13 a one-decimal too many amount is refused with the record, the field and the reason
    ARC-13 money fields read as cents from their text ARC-13 a bad amount on a line with no id names the file and the field only
    ARC-13 money fields read as cents from their text ARC-13 a number that only looks like money (wrong holder, other key) is left alone
  and 699 more tests!


[Survived] ConditionalExpression
testworld/clients/json-keys.ts:40:96
-         if (ch === '{' || ch === '[') stack.push({ object: ch === '{', seen: new Set(), wantKey: ch === '{' })
+         if (ch === '{' || ch === '[') stack.push({ object: ch === '{', seen: new Set(), wantKey: true })
Tests ran:
    ARC-13 money fields read as cents from their text ARC-13 a one-decimal too many amount is refused with the record, the field and the reason
    ARC-13 money fields read as cents from their text ARC-13 a bad amount on a line with no id names the file and the field only
    ARC-13 money fields read as cents from their text ARC-13 a number that only looks like money (wrong holder, other key) is left alone
  and 700 more tests!


[Survived] ConditionalExpression
testworld/clients/json-keys.ts:42:30
-         else if (ch === ',' && top !== undefined && top.object) top.wantKey = true
+         else if (ch === ',' && true && top.object) top.wantKey = true
Tests ran:
    ARC-13 money fields read as cents from their text ARC-13 a one-decimal too many amount is refused with the record, the field and the reason
    ARC-13 money fields read as cents from their text ARC-13 a bad amount on a line with no id names the file and the field only
    ARC-13 money fields read as cents from their text ARC-13 a number that only looks like money (wrong holder, other key) is left alone
  and 699 more tests!


Ran 182.28 tests per mutant on average.
--------------|------------------|----------|-----------|------------|----------|----------|
              | % Mutation score |          |           |            |          |          |
File          |  total | covered | # killed | # timeout | # survived | # no cov | # errors |
--------------|--------|---------|----------|-----------|------------|----------|----------|
All files     |  80.70 |   80.70 |       45 |         1 |         11 |        0 |        0 |
 json-keys.ts |  80.70 |   80.70 |       45 |         1 |         11 |        0 |        0 |
--------------|--------|---------|----------|-----------|------------|----------|----------|
[32m04:27:43 (3523) INFO JsonReporter[39m Your report can be found at: file:///home/user/ashbridge-returns/reports/W00c-mutation/b-json-keys.json
[32m04:27:43 (3523) INFO MutationTestReportHelper[39m Final mutation score of 80.70 is greater than or equal to break threshold 70
[32m04:27:43 (3523) INFO MutationTestExecutor[39m Done in 27 minutes and 35 seconds.
