[32m04:27:47 (5441) INFO ProjectReader[39m No incremental result file found at reports/W00c-mutation/b-load-incr.json, a full mutation testing run will be performed.
[32m04:27:47 (5441) INFO ProjectReader[39m Found 1 of 1535 file(s) to be mutated.
[32m04:27:48 (5441) INFO Instrumenter[39m Instrumented 1 source file(s) with 438 mutant(s)
[32m04:27:48 (5441) INFO ConcurrencyTokenProvider[39m Creating 4 test runner process(es).
[32m04:27:49 (5441) INFO BroadcastReporter[39m Detected that current console does not support the "progress" reporter, downgrading to "progress-append-only" reporter
[32m04:27:49 (5441) INFO DryRunExecutor[39m Starting initial test run (vitest test runner with "perTest" coverage analysis). This may take a while.
[32m04:28:44 (5441) INFO DryRunExecutor[39m Initial test run succeeded. Ran 772 tests in 54 seconds (net 50754.73877800009 ms, overhead 3959.2612219999064 ms).
Mutation testing 3% (elapsed: <1m, remaining: ~4m) 67/438 tested (2 survived, 0 timed out)
Mutation testing 4% (elapsed: <1m, remaining: ~6m) 72/438 tested (2 survived, 0 timed out)
Mutation testing 4% (elapsed: <1m, remaining: ~10m) 72/438 tested (2 survived, 0 timed out)
Mutation testing 4% (elapsed: <1m, remaining: ~13m) 72/438 tested (2 survived, 0 timed out)
Mutation testing 4% (elapsed: <1m, remaining: ~17m) 72/438 tested (2 survived, 0 timed out)
Mutation testing 5% (elapsed: ~1m, remaining: ~17m) 75/438 tested (3 survived, 0 timed out)
Mutation testing 5% (elapsed: ~1m, remaining: ~20m) 75/438 tested (3 survived, 0 timed out)
Mutation testing 8% (elapsed: ~1m, remaining: ~14m) 86/438 tested (6 survived, 0 timed out)
Mutation testing 9% (elapsed: ~1m, remaining: ~14m) 89/438 tested (6 survived, 0 timed out)
Mutation testing 9% (elapsed: ~1m, remaining: ~15m) 91/438 tested (7 survived, 0 timed out)
Mutation testing 10% (elapsed: ~1m, remaining: ~16m) 92/438 tested (7 survived, 0 timed out)
Mutation testing 11% (elapsed: ~2m, remaining: ~15m) 97/438 tested (7 survived, 0 timed out)
Mutation testing 11% (elapsed: ~2m, remaining: ~16m) 98/438 tested (7 survived, 0 timed out)
Mutation testing 11% (elapsed: ~2m, remaining: ~17m) 98/438 tested (7 survived, 0 timed out)
Mutation testing 12% (elapsed: ~2m, remaining: ~17m) 100/438 tested (8 survived, 0 timed out)
Mutation testing 12% (elapsed: ~2m, remaining: ~19m) 100/438 tested (8 survived, 0 timed out)
Mutation testing 13% (elapsed: ~2m, remaining: ~18m) 104/438 tested (11 survived, 0 timed out)
Mutation testing 13% (elapsed: ~3m, remaining: ~19m) 104/438 tested (11 survived, 0 timed out)
Mutation testing 13% (elapsed: ~3m, remaining: ~19m) 106/438 tested (12 survived, 0 timed out)
Mutation testing 14% (elapsed: ~3m, remaining: ~19m) 109/438 tested (13 survived, 0 timed out)
Mutation testing 14% (elapsed: ~3m, remaining: ~20m) 110/438 tested (14 survived, 0 timed out)
Mutation testing 15% (elapsed: ~3m, remaining: ~20m) 112/438 tested (16 survived, 0 timed out)
Mutation testing 15% (elapsed: ~3m, remaining: ~20m) 113/438 tested (17 survived, 0 timed out)
Mutation testing 16% (elapsed: ~4m, remaining: ~20m) 115/438 tested (19 survived, 0 timed out)
Mutation testing 16% (elapsed: ~4m, remaining: ~21m) 116/438 tested (20 survived, 0 timed out)
Mutation testing 16% (elapsed: ~4m, remaining: ~21m) 117/438 tested (20 survived, 0 timed out)
Mutation testing 16% (elapsed: ~4m, remaining: ~22m) 118/438 tested (21 survived, 0 timed out)
Mutation testing 16% (elapsed: ~4m, remaining: ~23m) 118/438 tested (21 survived, 0 timed out)
Mutation testing 17% (elapsed: ~4m, remaining: ~23m) 119/438 tested (22 survived, 0 timed out)
Mutation testing 17% (elapsed: ~5m, remaining: ~23m) 120/438 tested (23 survived, 0 timed out)
Mutation testing 17% (elapsed: ~5m, remaining: ~24m) 120/438 tested (23 survived, 0 timed out)
Mutation testing 17% (elapsed: ~5m, remaining: ~25m) 121/438 tested (23 survived, 1 timed out)
Mutation testing 17% (elapsed: ~5m, remaining: ~25m) 121/438 tested (23 survived, 1 timed out)
Mutation testing 17% (elapsed: ~5m, remaining: ~26m) 122/438 tested (23 survived, 2 timed out)
Mutation testing 17% (elapsed: ~5m, remaining: ~26m) 122/438 tested (23 survived, 2 timed out)
Mutation testing 18% (elapsed: ~6m, remaining: ~27m) 123/438 tested (23 survived, 3 timed out)
Mutation testing 18% (elapsed: ~6m, remaining: ~27m) 124/438 tested (23 survived, 4 timed out)
Mutation testing 18% (elapsed: ~6m, remaining: ~28m) 124/438 tested (23 survived, 4 timed out)
Mutation testing 18% (elapsed: ~6m, remaining: ~28m) 125/438 tested (23 survived, 5 timed out)
Mutation testing 18% (elapsed: ~6m, remaining: ~28m) 126/438 tested (23 survived, 5 timed out)
Mutation testing 18% (elapsed: ~6m, remaining: ~29m) 126/438 tested (23 survived, 5 timed out)
Mutation testing 19% (elapsed: ~7m, remaining: ~29m) 127/438 tested (23 survived, 6 timed out)
Mutation testing 19% (elapsed: ~7m, remaining: ~29m) 128/438 tested (23 survived, 7 timed out)
Mutation testing 19% (elapsed: ~7m, remaining: ~29m) 130/438 tested (23 survived, 8 timed out)
Mutation testing 19% (elapsed: ~7m, remaining: ~30m) 130/438 tested (23 survived, 8 timed out)
Mutation testing 20% (elapsed: ~7m, remaining: ~29m) 132/438 tested (23 survived, 8 timed out)
Mutation testing 20% (elapsed: ~7m, remaining: ~30m) 132/438 tested (23 survived, 8 timed out)
Mutation testing 20% (elapsed: ~8m, remaining: ~30m) 134/438 tested (25 survived, 8 timed out)
Mutation testing 21% (elapsed: ~8m, remaining: ~29m) 138/438 tested (26 survived, 8 timed out)
Mutation testing 22% (elapsed: ~8m, remaining: ~29m) 145/438 tested (27 survived, 8 timed out)
Mutation testing 22% (elapsed: ~8m, remaining: ~28m) 149/438 tested (27 survived, 8 timed out)
Mutation testing 22% (elapsed: ~8m, remaining: ~29m) 149/438 tested (27 survived, 8 timed out)
Mutation testing 22% (elapsed: ~8m, remaining: ~29m) 149/438 tested (27 survived, 8 timed out)
Mutation testing 23% (elapsed: ~9m, remaining: ~29m) 150/438 tested (28 survived, 8 timed out)
Mutation testing 24% (elapsed: ~9m, remaining: ~28m) 154/438 tested (30 survived, 8 timed out)
Mutation testing 24% (elapsed: ~9m, remaining: ~28m) 157/438 tested (31 survived, 8 timed out)
Mutation testing 24% (elapsed: ~9m, remaining: ~28m) 157/438 tested (31 survived, 8 timed out)
Mutation testing 24% (elapsed: ~9m, remaining: ~29m) 157/438 tested (31 survived, 8 timed out)
Mutation testing 25% (elapsed: ~9m, remaining: ~29m) 158/438 tested (32 survived, 8 timed out)
Mutation testing 25% (elapsed: ~10m, remaining: ~28m) 161/438 tested (35 survived, 8 timed out)
Mutation testing 26% (elapsed: ~10m, remaining: ~28m) 163/438 tested (35 survived, 8 timed out)
Mutation testing 26% (elapsed: ~10m, remaining: ~28m) 163/438 tested (35 survived, 8 timed out)
Mutation testing 26% (elapsed: ~10m, remaining: ~28m) 164/438 tested (36 survived, 8 timed out)
Mutation testing 27% (elapsed: ~10m, remaining: ~28m) 166/438 tested (37 survived, 8 timed out)
Mutation testing 28% (elapsed: ~10m, remaining: ~27m) 169/438 tested (39 survived, 8 timed out)
Mutation testing 28% (elapsed: ~11m, remaining: ~27m) 170/438 tested (39 survived, 8 timed out)
Mutation testing 28% (elapsed: ~11m, remaining: ~27m) 171/438 tested (39 survived, 8 timed out)
Mutation testing 28% (elapsed: ~11m, remaining: ~27m) 172/438 tested (39 survived, 8 timed out)
Mutation testing 29% (elapsed: ~11m, remaining: ~27m) 175/438 tested (42 survived, 8 timed out)
Mutation testing 29% (elapsed: ~11m, remaining: ~27m) 176/438 tested (42 survived, 8 timed out)
Mutation testing 30% (elapsed: ~11m, remaining: ~27m) 177/438 tested (42 survived, 8 timed out)
Mutation testing 30% (elapsed: ~12m, remaining: ~27m) 178/438 tested (43 survived, 8 timed out)
Mutation testing 31% (elapsed: ~12m, remaining: ~26m) 181/438 tested (45 survived, 8 timed out)
Mutation testing 31% (elapsed: ~12m, remaining: ~26m) 183/438 tested (45 survived, 8 timed out)
Mutation testing 32% (elapsed: ~12m, remaining: ~26m) 185/438 tested (46 survived, 8 timed out)
Mutation testing 32% (elapsed: ~12m, remaining: ~26m) 186/438 tested (46 survived, 8 timed out)
Mutation testing 33% (elapsed: ~12m, remaining: ~25m) 189/438 tested (48 survived, 8 timed out)
Mutation testing 34% (elapsed: ~13m, remaining: ~25m) 192/438 tested (48 survived, 8 timed out)
Mutation testing 34% (elapsed: ~13m, remaining: ~25m) 193/438 tested (48 survived, 8 timed out)
Mutation testing 34% (elapsed: ~13m, remaining: ~24m) 195/438 tested (49 survived, 8 timed out)
Mutation testing 35% (elapsed: ~13m, remaining: ~24m) 199/438 tested (52 survived, 8 timed out)
Mutation testing 36% (elapsed: ~13m, remaining: ~23m) 204/438 tested (53 survived, 8 timed out)
Mutation testing 36% (elapsed: ~13m, remaining: ~23m) 206/438 tested (53 survived, 8 timed out)
Mutation testing 37% (elapsed: ~14m, remaining: ~23m) 216/438 tested (61 survived, 8 timed out)
Mutation testing 38% (elapsed: ~14m, remaining: ~22m) 222/438 tested (65 survived, 8 timed out)
Mutation testing 39% (elapsed: ~14m, remaining: ~22m) 225/438 tested (66 survived, 8 timed out)
Mutation testing 39% (elapsed: ~14m, remaining: ~22m) 225/438 tested (66 survived, 8 timed out)
Mutation testing 39% (elapsed: ~14m, remaining: ~22m) 225/438 tested (66 survived, 8 timed out)
Mutation testing 39% (elapsed: ~14m, remaining: ~22m) 227/438 tested (67 survived, 8 timed out)
Mutation testing 39% (elapsed: ~15m, remaining: ~22m) 228/438 tested (68 survived, 8 timed out)
Mutation testing 40% (elapsed: ~15m, remaining: ~21m) 232/438 tested (70 survived, 8 timed out)
Mutation testing 41% (elapsed: ~15m, remaining: ~21m) 234/438 tested (70 survived, 8 timed out)
Mutation testing 41% (elapsed: ~15m, remaining: ~22m) 234/438 tested (70 survived, 8 timed out)
Mutation testing 42% (elapsed: ~15m, remaining: ~21m) 240/438 tested (73 survived, 8 timed out)
Mutation testing 42% (elapsed: ~15m, remaining: ~21m) 244/438 tested (74 survived, 8 timed out)
Mutation testing 43% (elapsed: ~16m, remaining: ~20m) 250/438 tested (76 survived, 8 timed out)
Mutation testing 44% (elapsed: ~16m, remaining: ~20m) 252/438 tested (76 survived, 8 timed out)
Mutation testing 44% (elapsed: ~16m, remaining: ~20m) 255/438 tested (78 survived, 8 timed out)
Mutation testing 44% (elapsed: ~16m, remaining: ~20m) 255/438 tested (78 survived, 8 timed out)
Mutation testing 44% (elapsed: ~16m, remaining: ~20m) 256/438 tested (79 survived, 8 timed out)
Mutation testing 44% (elapsed: ~16m, remaining: ~20m) 256/438 tested (79 survived, 8 timed out)
Mutation testing 45% (elapsed: ~17m, remaining: ~20m) 259/438 tested (82 survived, 8 timed out)
Mutation testing 45% (elapsed: ~17m, remaining: ~20m) 259/438 tested (82 survived, 8 timed out)
Mutation testing 45% (elapsed: ~17m, remaining: ~20m) 260/438 tested (83 survived, 8 timed out)
Mutation testing 45% (elapsed: ~17m, remaining: ~20m) 260/438 tested (83 survived, 8 timed out)
Mutation testing 46% (elapsed: ~17m, remaining: ~20m) 262/438 tested (85 survived, 8 timed out)
Mutation testing 46% (elapsed: ~17m, remaining: ~20m) 263/438 tested (86 survived, 8 timed out)
Mutation testing 46% (elapsed: ~18m, remaining: ~20m) 263/438 tested (86 survived, 8 timed out)
Mutation testing 46% (elapsed: ~18m, remaining: ~20m) 264/438 tested (87 survived, 8 timed out)
Mutation testing 46% (elapsed: ~18m, remaining: ~20m) 264/438 tested (87 survived, 8 timed out)
Mutation testing 47% (elapsed: ~18m, remaining: ~20m) 267/438 tested (90 survived, 8 timed out)
Mutation testing 47% (elapsed: ~18m, remaining: ~20m) 267/438 tested (90 survived, 8 timed out)
Mutation testing 47% (elapsed: ~18m, remaining: ~20m) 268/438 tested (91 survived, 8 timed out)
Mutation testing 47% (elapsed: ~19m, remaining: ~20m) 268/438 tested (91 survived, 8 timed out)
Mutation testing 48% (elapsed: ~19m, remaining: ~20m) 271/438 tested (94 survived, 8 timed out)
Mutation testing 48% (elapsed: ~19m, remaining: ~20m) 271/438 tested (94 survived, 8 timed out)
Mutation testing 48% (elapsed: ~19m, remaining: ~20m) 272/438 tested (95 survived, 8 timed out)
Mutation testing 48% (elapsed: ~19m, remaining: ~20m) 272/438 tested (95 survived, 8 timed out)
Mutation testing 49% (elapsed: ~19m, remaining: ~20m) 275/438 tested (98 survived, 8 timed out)
Mutation testing 49% (elapsed: ~20m, remaining: ~20m) 275/438 tested (98 survived, 8 timed out)
Mutation testing 50% (elapsed: ~20m, remaining: ~20m) 276/438 tested (99 survived, 8 timed out)
Mutation testing 50% (elapsed: ~20m, remaining: ~20m) 276/438 tested (99 survived, 8 timed out)
Mutation testing 50% (elapsed: ~20m, remaining: ~20m) 278/438 tested (101 survived, 8 timed out)
Mutation testing 50% (elapsed: ~20m, remaining: ~20m) 279/438 tested (102 survived, 8 timed out)
Mutation testing 50% (elapsed: ~20m, remaining: ~20m) 279/438 tested (102 survived, 8 timed out)
Mutation testing 51% (elapsed: ~21m, remaining: ~20m) 280/438 tested (103 survived, 8 timed out)
Mutation testing 51% (elapsed: ~21m, remaining: ~20m) 281/438 tested (104 survived, 8 timed out)
Mutation testing 51% (elapsed: ~21m, remaining: ~19m) 283/438 tested (106 survived, 8 timed out)
Mutation testing 51% (elapsed: ~21m, remaining: ~19m) 283/438 tested (106 survived, 8 timed out)
Mutation testing 52% (elapsed: ~21m, remaining: ~19m) 284/438 tested (107 survived, 8 timed out)
Mutation testing 52% (elapsed: ~21m, remaining: ~19m) 285/438 tested (108 survived, 8 timed out)
Mutation testing 52% (elapsed: ~22m, remaining: ~19m) 287/438 tested (110 survived, 8 timed out)
Mutation testing 53% (elapsed: ~22m, remaining: ~19m) 288/438 tested (110 survived, 8 timed out)
Mutation testing 53% (elapsed: ~22m, remaining: ~19m) 291/438 tested (111 survived, 8 timed out)
Mutation testing 54% (elapsed: ~22m, remaining: ~18m) 294/438 tested (111 survived, 8 timed out)
Mutation testing 55% (elapsed: ~22m, remaining: ~18m) 296/438 tested (112 survived, 8 timed out)
Mutation testing 55% (elapsed: ~22m, remaining: ~17m) 299/438 tested (112 survived, 8 timed out)
Mutation testing 56% (elapsed: ~23m, remaining: ~17m) 300/438 tested (112 survived, 8 timed out)
Mutation testing 57% (elapsed: ~23m, remaining: ~17m) 303/438 tested (114 survived, 8 timed out)
Mutation testing 57% (elapsed: ~23m, remaining: ~17m) 303/438 tested (114 survived, 8 timed out)
Mutation testing 57% (elapsed: ~23m, remaining: ~17m) 305/438 tested (115 survived, 8 timed out)
Mutation testing 58% (elapsed: ~23m, remaining: ~17m) 307/438 tested (115 survived, 8 timed out)
Mutation testing 58% (elapsed: ~23m, remaining: ~17m) 308/438 tested (116 survived, 8 timed out)
Mutation testing 58% (elapsed: ~24m, remaining: ~17m) 308/438 tested (116 survived, 8 timed out)
Mutation testing 58% (elapsed: ~24m, remaining: ~17m) 308/438 tested (116 survived, 8 timed out)
Mutation testing 58% (elapsed: ~24m, remaining: ~17m) 310/438 tested (118 survived, 8 timed out)
Mutation testing 59% (elapsed: ~24m, remaining: ~16m) 313/438 tested (119 survived, 8 timed out)
Mutation testing 60% (elapsed: ~24m, remaining: ~15m) 317/438 tested (120 survived, 8 timed out)
Mutation testing 61% (elapsed: ~24m, remaining: ~15m) 319/438 tested (120 survived, 8 timed out)
Mutation testing 61% (elapsed: ~25m, remaining: ~15m) 320/438 tested (121 survived, 8 timed out)
Mutation testing 61% (elapsed: ~25m, remaining: ~15m) 320/438 tested (121 survived, 8 timed out)
Mutation testing 61% (elapsed: ~25m, remaining: ~15m) 321/438 tested (122 survived, 8 timed out)
Mutation testing 62% (elapsed: ~25m, remaining: ~15m) 323/438 tested (124 survived, 8 timed out)
Mutation testing 62% (elapsed: ~25m, remaining: ~15m) 324/438 tested (125 survived, 8 timed out)
Mutation testing 62% (elapsed: ~25m, remaining: ~15m) 324/438 tested (125 survived, 8 timed out)
Mutation testing 62% (elapsed: ~26m, remaining: ~15m) 324/438 tested (125 survived, 8 timed out)
Mutation testing 63% (elapsed: ~26m, remaining: ~15m) 327/438 tested (128 survived, 8 timed out)
Mutation testing 64% (elapsed: ~26m, remaining: ~14m) 330/438 tested (129 survived, 8 timed out)
Mutation testing 64% (elapsed: ~26m, remaining: ~14m) 331/438 tested (129 survived, 8 timed out)
Mutation testing 64% (elapsed: ~26m, remaining: ~14m) 331/438 tested (129 survived, 8 timed out)
Mutation testing 64% (elapsed: ~26m, remaining: ~14m) 332/438 tested (130 survived, 8 timed out)
Mutation testing 65% (elapsed: ~27m, remaining: ~14m) 337/438 tested (132 survived, 8 timed out)
Mutation testing 66% (elapsed: ~27m, remaining: ~13m) 342/438 tested (133 survived, 8 timed out)
Mutation testing 66% (elapsed: ~27m, remaining: ~13m) 342/438 tested (133 survived, 8 timed out)
Mutation testing 66% (elapsed: ~27m, remaining: ~13m) 342/438 tested (133 survived, 8 timed out)
Mutation testing 68% (elapsed: ~27m, remaining: ~12m) 347/438 tested (133 survived, 8 timed out)
Mutation testing 75% (elapsed: ~27m, remaining: ~9m) 367/438 tested (135 survived, 8 timed out)
Mutation testing 75% (elapsed: ~28m, remaining: ~9m) 367/438 tested (135 survived, 8 timed out)
Mutation testing 75% (elapsed: ~28m, remaining: ~9m) 367/438 tested (135 survived, 8 timed out)
Mutation testing 75% (elapsed: ~28m, remaining: ~9m) 367/438 tested (135 survived, 8 timed out)
Mutation testing 75% (elapsed: ~28m, remaining: ~9m) 368/438 tested (135 survived, 8 timed out)
Mutation testing 75% (elapsed: ~28m, remaining: ~9m) 368/438 tested (135 survived, 8 timed out)
Mutation testing 76% (elapsed: ~28m, remaining: ~8m) 371/438 tested (138 survived, 8 timed out)
Mutation testing 76% (elapsed: ~29m, remaining: ~8m) 371/438 tested (138 survived, 8 timed out)
Mutation testing 76% (elapsed: ~29m, remaining: ~8m) 371/438 tested (138 survived, 8 timed out)
Mutation testing 77% (elapsed: ~29m, remaining: ~8m) 372/438 tested (139 survived, 8 timed out)
Mutation testing 77% (elapsed: ~29m, remaining: ~8m) 373/438 tested (139 survived, 8 timed out)
Mutation testing 77% (elapsed: ~29m, remaining: ~8m) 373/438 tested (139 survived, 8 timed out)
Mutation testing 78% (elapsed: ~29m, remaining: ~8m) 375/438 tested (141 survived, 8 timed out)
Mutation testing 79% (elapsed: ~30m, remaining: ~7m) 379/438 tested (141 survived, 8 timed out)
Mutation testing 80% (elapsed: ~30m, remaining: ~7m) 381/438 tested (141 survived, 8 timed out)
Mutation testing 81% (elapsed: ~30m, remaining: ~7m) 384/438 tested (142 survived, 8 timed out)
Mutation testing 82% (elapsed: ~30m, remaining: ~6m) 388/438 tested (143 survived, 8 timed out)
Mutation testing 84% (elapsed: ~30m, remaining: ~5m) 392/438 tested (143 survived, 8 timed out)
Mutation testing 84% (elapsed: ~30m, remaining: ~5m) 392/438 tested (143 survived, 8 timed out)
Mutation testing 84% (elapsed: ~31m, remaining: ~5m) 392/438 tested (143 survived, 8 timed out)
Mutation testing 84% (elapsed: ~31m, remaining: ~5m) 392/438 tested (143 survived, 8 timed out)
Mutation testing 84% (elapsed: ~31m, remaining: ~5m) 392/438 tested (143 survived, 8 timed out)
Mutation testing 85% (elapsed: ~31m, remaining: ~5m) 395/438 tested (145 survived, 8 timed out)
Mutation testing 85% (elapsed: ~31m, remaining: ~5m) 396/438 tested (146 survived, 8 timed out)
Mutation testing 85% (elapsed: ~31m, remaining: ~5m) 396/438 tested (146 survived, 8 timed out)
Mutation testing 85% (elapsed: ~32m, remaining: ~5m) 396/438 tested (146 survived, 8 timed out)
Mutation testing 85% (elapsed: ~32m, remaining: ~5m) 396/438 tested (146 survived, 8 timed out)
Mutation testing 85% (elapsed: ~32m, remaining: ~5m) 397/438 tested (147 survived, 8 timed out)
Mutation testing 86% (elapsed: ~32m, remaining: ~5m) 399/438 tested (149 survived, 8 timed out)
Mutation testing 86% (elapsed: ~32m, remaining: ~4m) 400/438 tested (150 survived, 8 timed out)
Mutation testing 87% (elapsed: ~32m, remaining: ~4m) 401/438 tested (150 survived, 8 timed out)
Mutation testing 87% (elapsed: ~33m, remaining: ~4m) 402/438 tested (150 survived, 8 timed out)
Mutation testing 87% (elapsed: ~33m, remaining: ~4m) 403/438 tested (150 survived, 8 timed out)
Mutation testing 88% (elapsed: ~33m, remaining: ~4m) 405/438 tested (151 survived, 8 timed out)
Mutation testing 89% (elapsed: ~33m, remaining: ~4m) 407/438 tested (153 survived, 8 timed out)
Mutation testing 89% (elapsed: ~33m, remaining: ~3m) 409/438 tested (153 survived, 8 timed out)
Mutation testing 90% (elapsed: ~33m, remaining: ~3m) 411/438 tested (153 survived, 8 timed out)
Mutation testing 90% (elapsed: ~34m, remaining: ~3m) 411/438 tested (153 survived, 8 timed out)
Mutation testing 90% (elapsed: ~34m, remaining: ~3m) 411/438 tested (153 survived, 8 timed out)
Mutation testing 91% (elapsed: ~34m, remaining: ~3m) 413/438 tested (155 survived, 8 timed out)
Mutation testing 91% (elapsed: ~34m, remaining: ~3m) 413/438 tested (155 survived, 8 timed out)
Mutation testing 91% (elapsed: ~34m, remaining: ~3m) 414/438 tested (156 survived, 8 timed out)
Mutation testing 92% (elapsed: ~34m, remaining: ~3m) 415/438 tested (157 survived, 8 timed out)
Mutation testing 92% (elapsed: ~35m, remaining: ~3m) 415/438 tested (157 survived, 8 timed out)
Mutation testing 92% (elapsed: ~35m, remaining: ~3m) 415/438 tested (157 survived, 8 timed out)
Mutation testing 92% (elapsed: ~35m, remaining: ~2m) 417/438 tested (159 survived, 8 timed out)
Mutation testing 92% (elapsed: ~35m, remaining: ~2m) 417/438 tested (159 survived, 8 timed out)
Mutation testing 93% (elapsed: ~35m, remaining: ~2m) 419/438 tested (161 survived, 8 timed out)
Mutation testing 93% (elapsed: ~35m, remaining: ~2m) 420/438 tested (161 survived, 8 timed out)
Mutation testing 94% (elapsed: ~36m, remaining: ~2m) 421/438 tested (161 survived, 8 timed out)
Mutation testing 94% (elapsed: ~36m, remaining: ~2m) 422/438 tested (161 survived, 8 timed out)
Mutation testing 95% (elapsed: ~36m, remaining: ~1m) 426/438 tested (163 survived, 8 timed out)
Mutation testing 96% (elapsed: ~36m, remaining: ~1m) 429/438 tested (163 survived, 8 timed out)
Mutation testing 97% (elapsed: ~36m, remaining: <1m) 432/438 tested (164 survived, 8 timed out)
Mutation testing 98% (elapsed: ~36m, remaining: <1m) 434/438 tested (164 survived, 8 timed out)
Mutation testing 99% (elapsed: ~37m, remaining: <1m) 436/438 tested (164 survived, 8 timed out)
Mutation testing 99% (elapsed: ~37m, remaining: <1m) 436/438 tested (164 survived, 8 timed out)
Mutation testing 99% (elapsed: ~37m, remaining: <1m) 436/438 tested (164 survived, 8 timed out)

All tests
  clients
    json-keys.acceptance.test.ts
      ✘ W00c RC5 the scanner on the sample files as written END-9 C01 has no repeated key in answer-key.json or onboarding.json (covered 0)
      ✘ W00c RC5 the scanner on the sample files as written END-9 C02 has no repeated key in answer-key.json or onboarding.json (covered 0)
      ✘ W00c RC5 the scanner on the sample files as written END-9 C03 has no repeated key in answer-key.json or onboarding.json (covered 0)
      ✘ W00c RC5 the scanner on the sample files as written END-9 C04 has no repeated key in answer-key.json or onboarding.json (covered 0)
      ✘ W00c RC5 the scanner on the sample files as written END-9 C05 has no repeated key in answer-key.json or onboarding.json (covered 0)
      ✘ W00c RC5 the scanner on the sample files as written END-9 C06 has no repeated key in answer-key.json or onboarding.json (covered 0)
      ✘ W00c RC5 the scanner on the sample files as written END-9 C07 has no repeated key in answer-key.json or onboarding.json (covered 0)
      ✘ W00c RC5 the scanner on the sample files as written END-9 C08 has no repeated key in answer-key.json or onboarding.json (covered 0)
      ✘ W00c RC5 the scanner on the sample files as written END-9 C09 has no repeated key in answer-key.json or onboarding.json (covered 0)
      ✘ W00c RC5 the scanner on the sample files as written END-9 C10 has no repeated key in answer-key.json or onboarding.json (covered 0)
      ✘ W00c RC5 the scanner on the sample files as written END-9 C11 has no repeated key in answer-key.json or onboarding.json (covered 0)
      ✘ W00c RC5 the scanner on the sample files as written END-9 C12 has no repeated key in answer-key.json or onboarding.json (covered 0)
      ✘ W00c RC5 the scanner on the sample files as written END-9 C13 has no repeated key in answer-key.json or onboarding.json (covered 0)
      ✘ W00c RC5 the scanner on the sample files as written END-9 C14 has no repeated key in answer-key.json or onboarding.json (covered 0)
      ✘ W00c RC5 the scanner on the sample files as written END-9 C15 has no repeated key in answer-key.json or onboarding.json (covered 0)
      ✘ W00c RC5 the scanner finds a repeated key in every object of every onboarding.json ARC-8 C01: each of its 26 object nodes, written with its first key twice (a decoy first), is found with that key (covered 0)
      ✘ W00c RC5 the scanner finds a repeated key in every object of every onboarding.json ARC-8 C02: each of its 81 object nodes, written with its first key twice (a decoy first), is found with that key (covered 0)
      ✘ W00c RC5 the scanner finds a repeated key in every object of every onboarding.json ARC-8 C03: each of its 49 object nodes, written with its first key twice (a decoy first), is found with that key (covered 0)
      ✘ W00c RC5 the scanner finds a repeated key in every object of every onboarding.json ARC-8 C04: each of its 48 object nodes, written with its first key twice (a decoy first), is found with that key (covered 0)
      ✘ W00c RC5 the scanner finds a repeated key in every object of every onboarding.json ARC-8 C05: each of its 22 object nodes, written with its first key twice (a decoy first), is found with that key (covered 0)
      ✘ W00c RC5 the scanner finds a repeated key in every object of every onboarding.json ARC-8 C06: each of its 26 object nodes, written with its first key twice (a decoy first), is found with that key (covered 0)
      ✘ W00c RC5 the scanner finds a repeated key in every object of every onboarding.json ARC-8 C07: each of its 33 object nodes, written with its first key twice (a decoy first), is found with that key (covered 0)
      ✘ W00c RC5 the scanner finds a repeated key in every object of every onboarding.json ARC-8 C08: each of its 59 object nodes, written with its first key twice (a decoy first), is found with that key (covered 0)
      ✘ W00c RC5 the scanner finds a repeated key in every object of every onboarding.json ARC-8 C09: each of its 18 object nodes, written with its first key twice (a decoy first), is found with that key (covered 0)
      ✘ W00c RC5 the scanner finds a repeated key in every object of every onboarding.json ARC-8 C10: each of its 20 object nodes, written with its first key twice (a decoy first), is found with that key (covered 0)
      ✘ W00c RC5 the scanner finds a repeated key in every object of every onboarding.json ARC-8 C11: each of its 37 object nodes, written with its first key twice (a decoy first), is found with that key (covered 0)
      ✘ W00c RC5 the scanner finds a repeated key in every object of every onboarding.json ARC-8 C12: each of its 29 object nodes, written with its first key twice (a decoy first), is found with that key (covered 0)
      ✘ W00c RC5 the scanner finds a repeated key in every object of every onboarding.json ARC-8 C13: each of its 46 object nodes, written with its first key twice (a decoy first), is found with that key (covered 0)
      ✘ W00c RC5 the scanner finds a repeated key in every object of every onboarding.json ARC-8 C14: each of its 16 object nodes, written with its first key twice (a decoy first), is found with that key (covered 0)
      ✘ W00c RC5 the scanner finds a repeated key in every object of every onboarding.json ARC-8 C15: each of its 24 object nodes, written with its first key twice (a decoy first), is found with that key (covered 0)
      ✘ W00c RC5 the scanner finds a repeated key at every depth of every answer-key.json (pinned-seed sample) ARC-8 C01: one object node per depth present and 30 more, each written with its first key twice (a decoy first), is found with that key (covered 0)
      ✘ W00c RC5 the scanner finds a repeated key at every depth of every answer-key.json (pinned-seed sample) ARC-8 C02: one object node per depth present and 30 more, each written with its first key twice (a decoy first), is found with that key (covered 0)
      ✘ W00c RC5 the scanner finds a repeated key at every depth of every answer-key.json (pinned-seed sample) ARC-8 C03: one object node per depth present and 30 more, each written with its first key twice (a decoy first), is found with that key (covered 0)
      ✘ W00c RC5 the scanner finds a repeated key at every depth of every answer-key.json (pinned-seed sample) ARC-8 C04: one object node per depth present and 30 more, each written with its first key twice (a decoy first), is found with that key (covered 0)
      ✘ W00c RC5 the scanner finds a repeated key at every depth of every answer-key.json (pinned-seed sample) ARC-8 C05: one object node per depth present and 30 more, each written with its first key twice (a decoy first), is found with that key (covered 0)
      ✘ W00c RC5 the scanner finds a repeated key at every depth of every answer-key.json (pinned-seed sample) ARC-8 C06: one object node per depth present and 30 more, each written with its first key twice (a decoy first), is found with that key (covered 0)
      ✘ W00c RC5 the scanner finds a repeated key at every depth of every answer-key.json (pinned-seed sample) ARC-8 C07: one object node per depth present and 30 more, each written with its first key twice (a decoy first), is found with that key (covered 0)
      ✘ W00c RC5 the scanner finds a repeated key at every depth of every answer-key.json (pinned-seed sample) ARC-8 C08: one object node per depth present and 30 more, each written with its first key twice (a decoy first), is found with that key (covered 0)
      ✘ W00c RC5 the scanner finds a repeated key at every depth of every answer-key.json (pinned-seed sample) ARC-8 C09: one object node per depth present and 30 more, each written with its first key twice (a decoy first), is found with that key (covered 0)
      ✘ W00c RC5 the scanner finds a repeated key at every depth of every answer-key.json (pinned-seed sample) ARC-8 C10: one object node per depth present and 30 more, each written with its first key twice (a decoy first), is found with that key (covered 0)
      ✘ W00c RC5 the scanner finds a repeated key at every depth of every answer-key.json (pinned-seed sample) ARC-8 C11: one object node per depth present and 30 more, each written with its first key twice (a decoy first), is found with that key (covered 0)
      ✘ W00c RC5 the scanner finds a repeated key at every depth of every answer-key.json (pinned-seed sample) ARC-8 C12: one object node per depth present and 30 more, each written with its first key twice (a decoy first), is found with that key (covered 0)
      ✘ W00c RC5 the scanner finds a repeated key at every depth of every answer-key.json (pinned-seed sample) ARC-8 C13: one object node per depth present and 30 more, each written with its first key twice (a decoy first), is found with that key (covered 0)
      ✘ W00c RC5 the scanner finds a repeated key at every depth of every answer-key.json (pinned-seed sample) ARC-8 C14: one object node per depth present and 30 more, each written with its first key twice (a decoy first), is found with that key (covered 0)
      ✘ W00c RC5 the scanner finds a repeated key at every depth of every answer-key.json (pinned-seed sample) ARC-8 C15: one object node per depth present and 30 more, each written with its first key twice (a decoy first), is found with that key (covered 0)
      ✘ W00c RC5 what the scanner must not call a repeat, and escapes ARC-8 equal keys in sibling and nested objects are not repeats (covered 0)
      ✘ W00c RC5 what the scanner must not call a repeat, and escapes ARC-8 text inside a string value is never a key, even with escaped quotes and a trailing backslash (covered 0)
      ✘ W00c RC5 what the scanner must not call a repeat, and escapes ARC-8 a key written once plain and once with a unicode escape is a repeat, named decoded (covered 0)
      ✘ W00c RC5 what the scanner must not call a repeat, and escapes ARC-8 a repeat deep inside arrays of objects is found with its key (covered 0)
    load-files.test.ts
      ✓ ARC-8 W00a missing client files a client with both files loads (killed 1)
      ~ ARC-8 W00a missing client files a missing onboarding.json is one file issue and nothing more (covered 32)
      ~ ARC-8 W00a account files stay inside the client folder file leading out by "../" is refused with its record and reason (covered 258)
      ~ ARC-8 W00a account files stay inside the client folder qboFile leading out by "../" is refused with its record and reason (covered 258)
      ~ ARC-8 W00a account files stay inside the client folder the parent folder itself ("..") is outside (covered 250)
      ~ ARC-8 W00a account files stay inside the client folder an absolute path is outside (covered 250)
      ~ ARC-8 W00a account files stay inside the client folder a file name that merely starts with two dots is inside (covered 250)
      ~ ARC-8 W00a account files stay inside the client folder a file that is not there names the account, the field and the file (covered 250)
      ~ ARC-8 W00a account files stay inside the client folder a link that leads out of the folder is refused, for a file and for the parent folder (covered 258)
      ~ ARC-8 W00a account files stay inside the client folder a link that stays inside the folder is fine (covered 250)
      ~ ARC-8 W00a adjusting entry sources a source naming a top-level key resolves (covered 250)
      ✓ ARC-8 W00a adjusting entry sources a note not at the end does not resolve; the whole text is the key (killed 4)
      ~ ARC-8 W00a adjusting entry sources an unknown transaction source is named (covered 250)
      ~ ARC-8 W00a adjusting entry sources a statement balance key for an undeclared account is named (covered 250)
      ~ ARC-8 W00a fault markers reach the model only a marked row carries dupOf or priorYear (covered 258)
    load.test.ts
      ✓ ARC-8 clientFolders ARC-8 lists only numbered folders that hold an answer-key.json, as C01 upward in order (killed 4)
      ✓ ARC-8 clientFolders ARC-8 the default root is reference/sample-clients and holds C01 to C15 (killed 4)
      ✓ ARC-8 loadClient: no such client ARC-8 an unknown id names the client and the default folder (killed 2)
      ~ ARC-8 loadClient: no such client ARC-8 an unknown id names the root it was looked up in (covered 17)
      ✓ ARC-13 money fields read as cents from their text ARC-13 a one-decimal too many amount is refused with the record, the field and the reason (killed 3)
      ✓ ARC-13 money fields read as cents from their text ARC-13 a bad amount on a line with no id names the file and the field only (killed 1)
      ✓ ARC-13 money fields read as cents from their text ARC-13 a number that only looks like money (wrong holder, other key) is left alone (killed 17)
      ~ ARC-13 money fields read as cents from their text ARC-13 text in a money field is a schema refusal, not a money issue (covered 32)
      ~ ARC-13 money fields read as cents from their text ARC-13 a bad amount in onboarding.json is named by its own file (covered 32)
      ~ ARC-8 schema refusals ARC-8 a missing answer-key field is named with its path (covered 32)
      ~ ARC-8 schema refusals ARC-8 a missing onboarding field is named with its path (covered 32)
      ~ ARC-8 schema refusals ARC-8 both files failing gives the answer-key issue first, then the onboarding one (covered 32)
      ✓ ARC-8 schema refusals ARC-8 the optional onboarding sections are still checked when they are there (killed 2)
      ~ ARC-8 schema refusals ARC-8 the optional Schedule 50 list of the answer key is still checked (covered 32)
      ~ ARC-8 schema refusals ARC-8 the model schema refuses an empty name, naming the dotted path (covered 241)
      ~ ARC-8 the loaded model, field by field ARC-8 each account exportRows is its written rowsInExport, and qboRows is its QBO CSV lines without the header and blank lines (covered 278)
      ~ ARC-8 the loaded model, field by field ARC-8 CRLF line ends and blank or spaces-only lines do not change a row count (covered 258)
      ~ ARC-8 the loaded model, field by field ARC-8 a transaction with no account number has an empty glAccount, and the others keep theirs (covered 278)
      ~ ARC-8 the loaded model, field by field ARC-8 an adjusting entry is typed by where its sources come from, and lists transactions then onboarding sources (covered 278)
      ~ SEC-11 the guard sees every person and every file of the folder SEC-11 a bank line naming an owner, holder, lender, spouse or person party without TEST is refused, naming the line (covered 250)
      ~ SEC-11 the guard sees every person and every file of the folder SEC-11 a client with no spouse and no loans adds nobody to the people list (covered 250)
      ~ SEC-11 the guard sees every person and every file of the folder SEC-11 the same lines naming the people with the word TEST pass (covered 250)
      ~ SEC-11 the guard sees every person and every file of the folder SEC-11 files by kind: json, csv and md are scanned; other files are not; nested paths use slashes (covered 250)
      ~ SEC-11 the guard sees every person and every file of the folder SEC-11 a client folder that loads clean has every file of its folder read (no refusal, sorted walk) (covered 258)
    reserved-keys.acceptance.test.ts
      ✘ W00c RC-A reservedKeys END-9 C01: neither sample file has a reserved key (covered 0)
      ✘ W00c RC-A reservedKeys END-9 C02: neither sample file has a reserved key (covered 0)
      ✘ W00c RC-A reservedKeys END-9 C03: neither sample file has a reserved key (covered 0)
      ✘ W00c RC-A reservedKeys END-9 C04: neither sample file has a reserved key (covered 0)
      ✘ W00c RC-A reservedKeys END-9 C05: neither sample file has a reserved key (covered 0)
      ✘ W00c RC-A reservedKeys END-9 C06: neither sample file has a reserved key (covered 0)
      ✘ W00c RC-A reservedKeys END-9 C07: neither sample file has a reserved key (covered 0)
      ✘ W00c RC-A reservedKeys END-9 C08: neither sample file has a reserved key (covered 0)
      ✘ W00c RC-A reservedKeys END-9 C09: neither sample file has a reserved key (covered 0)
      ✘ W00c RC-A reservedKeys END-9 C10: neither sample file has a reserved key (covered 0)
      ✘ W00c RC-A reservedKeys END-9 C11: neither sample file has a reserved key (covered 0)
      ✘ W00c RC-A reservedKeys END-9 C12: neither sample file has a reserved key (covered 0)
      ✘ W00c RC-A reservedKeys END-9 C13: neither sample file has a reserved key (covered 0)
      ✘ W00c RC-A reservedKeys END-9 C14: neither sample file has a reserved key (covered 0)
      ✘ W00c RC-A reservedKeys END-9 C15: neither sample file has a reserved key (covered 0)
      ✘ W00c RC-A reservedKeys ARC-8 each name is found at the root, in a nested object and in an object inside an array, in written order (covered 0)
      ✘ W00c RC-A reservedKeys ARC-8 an escaped spelling is the same key; a value, a longer key and a repeated ordinary key are not reserved (covered 0)
      ✘ W00c RC-A reservedKeys ARC-8 every object node of every onboarding.json, given a "constructor" key first, is found once (covered 0)
      ✘ W00c RC-A reservedKeys ARC-8 the walk finds the answer-key object paths (88 on the spec probe, path depth up to 6; never fewer) (covered 0)
      ✘ W00c RC-A reservedKeys ARC-8 answer-key.json (top) (first in C01): each reserved name written as a key of that object is found once (covered 0)
      ✘ W00c RC-A reservedKeys ARC-8 answer-key.json fiscalYear (first in C01): each reserved name written as a key of that object is found once (covered 0)
      ✘ W00c RC-A reservedKeys ARC-8 answer-key.json generator (first in C01): each reserved name written as a key of that object is found once (covered 0)
      ✘ W00c RC-A reservedKeys ARC-8 answer-key.json accounts[] (first in C01): each reserved name written as a key of that object is found once (covered 0)
      ✘ W00c RC-A reservedKeys ARC-8 answer-key.json transactions[] (first in C01): each reserved name written as a key of that object is found once (covered 0)
      ✘ W00c RC-A reservedKeys ARC-8 answer-key.json transactions[].post[] (first in C01): each reserved name written as a key of that object is found once (covered 0)
      ✘ W00c RC-A reservedKeys ARC-8 answer-key.json transactions[].suggestedPost[] (first in C01): each reserved name written as a key of that object is found once (covered 0)
      ✘ W00c RC-A reservedKeys ARC-8 answer-key.json statementBalances (first in C01): each reserved name written as a key of that object is found once (covered 0)
      ✘ W00c RC-A reservedKeys ARC-8 answer-key.json statementBalances.*[] (first in C01): each reserved name written as a key of that object is found once (covered 0)
      ✘ W00c RC-A reservedKeys ARC-8 answer-key.json adjustingEntries[] (first in C01): each reserved name written as a key of that object is found once (covered 0)
      ✘ W00c RC-A reservedKeys ARC-8 answer-key.json adjustingEntries[].lines[] (first in C01): each reserved name written as a key of that object is found once (covered 0)
      ✘ W00c RC-A reservedKeys ARC-8 answer-key.json adjustingEntries[].source (first in C01): each reserved name written as a key of that object is found once (covered 0)
      ✘ W00c RC-A reservedKeys ARC-8 answer-key.json trialBalance (first in C01): each reserved name written as a key of that object is found once (covered 0)
      ✘ W00c RC-A reservedKeys ARC-8 answer-key.json trialBalance.opening (first in C01): each reserved name written as a key of that object is found once (covered 0)
      ✘ W00c RC-A reservedKeys ARC-8 answer-key.json trialBalance.*.rows[] (first in C01): each reserved name written as a key of that object is found once (covered 0)
      ✘ W00c RC-A reservedKeys ARC-8 answer-key.json trialBalance.unadjusted (first in C01): each reserved name written as a key of that object is found once (covered 0)
      ✘ W00c RC-A reservedKeys ARC-8 answer-key.json trialBalance.adjusted (first in C01): each reserved name written as a key of that object is found once (covered 0)
      ✘ W00c RC-A reservedKeys ARC-8 answer-key.json t2Inputs (first in C01): each reserved name written as a key of that object is found once (covered 0)
      ✘ W00c RC-A reservedKeys ARC-8 answer-key.json t2Inputs.schedule1 (first in C01): each reserved name written as a key of that object is found once (covered 0)
      ✘ W00c RC-A reservedKeys ARC-8 answer-key.json t2Inputs.schedule1.addBacks[] (first in C01): each reserved name written as a key of that object is found once (covered 0)
      ✘ W00c RC-A reservedKeys ARC-8 answer-key.json t2Inputs.schedule1.addBacks[].source (first in C01): each reserved name written as a key of that object is found once (covered 0)
      ✘ W00c RC-A reservedKeys ARC-8 answer-key.json t2Inputs.schedule8 (first in C01): each reserved name written as a key of that object is found once (covered 0)
      ✘ W00c RC-A reservedKeys ARC-8 answer-key.json t2Inputs.schedule50[] (first in C01): each reserved name written as a key of that object is found once (covered 0)
      ✘ W00c RC-A reservedKeys ARC-8 answer-key.json t2Inputs.schedule3 (first in C01): each reserved name written as a key of that object is found once (covered 0)
      ✘ W00c RC-A reservedKeys ARC-8 answer-key.json t2Inputs.schedule3.dividendsPaid[] (first in C01): each reserved name written as a key of that object is found once (covered 0)
      ✘ W00c RC-A reservedKeys ARC-8 answer-key.json t2Inputs.slips (first in C01): each reserved name written as a key of that object is found once (covered 0)
      ✘ W00c RC-A reservedKeys ARC-8 answer-key.json t2Inputs.slips.T5[] (first in C01): each reserved name written as a key of that object is found once (covered 0)
      ✘ W00c RC-A reservedKeys ARC-8 answer-key.json t2Inputs.schedule4 (first in C01): each reserved name written as a key of that object is found once (covered 0)
      ✘ W00c RC-A reservedKeys ARC-8 answer-key.json t2Inputs.schedule23 (first in C01): each reserved name written as a key of that object is found once (covered 0)
      ✘ W00c RC-A reservedKeys ARC-8 answer-key.json t2Inputs.shareholderLoan (first in C01): each reserved name written as a key of that object is found once (covered 0)
      ✘ W00c RC-A reservedKeys ARC-8 answer-key.json hst (first in C01): each reserved name written as a key of that object is found once (covered 0)
      ✘ W00c RC-A reservedKeys ARC-8 answer-key.json flags[] (first in C01): each reserved name written as a key of that object is found once (covered 0)
      ✘ W00c RC-A reservedKeys ARC-8 answer-key.json flags[].evidence (first in C01): each reserved name written as a key of that object is found once (covered 0)
      ✘ W00c RC-A reservedKeys ARC-8 answer-key.json parties[] (first in C01): each reserved name written as a key of that object is found once (covered 0)
      ✘ W00c RC-A reservedKeys ARC-8 answer-key.json t2Inputs.schedule8.classes[] (first in C02): each reserved name written as a key of that object is found once (covered 0)
      ✘ W00c RC-A reservedKeys ARC-8 answer-key.json t2Inputs.schedule8.classes[].additions[] (first in C02): each reserved name written as a key of that object is found once (covered 0)
      ✘ W00c RC-A reservedKeys ARC-8 answer-key.json t2Inputs.instalments (first in C02): each reserved name written as a key of that object is found once (covered 0)
      ✘ W00c RC-A reservedKeys ARC-8 answer-key.json transactions[].payroll (first in C03): each reserved name written as a key of that object is found once (covered 0)
      ✘ W00c RC-A reservedKeys ARC-8 answer-key.json assets[] (first in C03): each reserved name written as a key of that object is found once (covered 0)
      ✘ W00c RC-A reservedKeys ARC-8 answer-key.json assets[].book (first in C03): each reserved name written as a key of that object is found once (covered 0)
      ✘ W00c RC-A reservedKeys ARC-8 answer-key.json assets[].cca (first in C03): each reserved name written as a key of that object is found once (covered 0)
      ✘ W00c RC-A reservedKeys ARC-8 answer-key.json t2Inputs.schedule8.openingUcc[] (first in C03): each reserved name written as a key of that object is found once (covered 0)
      ✘ W00c RC-A reservedKeys ARC-8 answer-key.json t2Inputs.slips.T4[] (first in C03): each reserved name written as a key of that object is found once (covered 0)
      ✘ W00c RC-A reservedKeys ARC-8 answer-key.json t2Inputs.slips.T4Summary[] (first in C03): each reserved name written as a key of that object is found once (covered 0)
      ✘ W00c RC-A reservedKeys ARC-8 answer-key.json transactions[].parts (first in C04): each reserved name written as a key of that object is found once (covered 0)
      ✘ W00c RC-A reservedKeys ARC-8 answer-key.json t2Inputs.schedule1.deductions[] (first in C05): each reserved name written as a key of that object is found once (covered 0)
      ✘ W00c RC-A reservedKeys ARC-8 answer-key.json t2Inputs.schedule3.dividendsReceived[] (first in C05): each reserved name written as a key of that object is found once (covered 0)
      ✘ W00c RC-A reservedKeys ARC-8 answer-key.json t2Inputs.schedule6 (first in C05): each reserved name written as a key of that object is found once (covered 0)
      ✘ W00c RC-A reservedKeys ARC-8 answer-key.json t2Inputs.schedule6.dispositions[] (first in C05): each reserved name written as a key of that object is found once (covered 0)
      ✘ W00c RC-A reservedKeys ARC-8 answer-key.json t2Inputs.investmentIncomeCheck (first in C05): each reserved name written as a key of that object is found once (covered 0)
      ✘ W00c RC-A reservedKeys ARC-8 answer-key.json t2Inputs.schedule23.allocations[] (first in C05): each reserved name written as a key of that object is found once (covered 0)
      ✘ W00c RC-A reservedKeys ARC-8 answer-key.json t2Inputs.schedule9 (first in C05): each reserved name written as a key of that object is found once (covered 0)
      ✘ W00c RC-A reservedKeys ARC-8 answer-key.json t2Inputs.schedule9.relatedCorporations[] (first in C05): each reserved name written as a key of that object is found once (covered 0)
      ✘ W00c RC-A reservedKeys ARC-8 answer-key.json t2Inputs.slips.T5Received[] (first in C05): each reserved name written as a key of that object is found once (covered 0)
      ✘ W00c RC-A reservedKeys ARC-8 answer-key.json fx (first in C06): each reserved name written as a key of that object is found once (covered 0)
      ✘ W00c RC-A reservedKeys ARC-8 answer-key.json fx.monthly (first in C06): each reserved name written as a key of that object is found once (covered 0)
      ✘ W00c RC-A reservedKeys ARC-8 answer-key.json t2Inputs.specifiedInvestmentBusiness (first in C07): each reserved name written as a key of that object is found once (covered 0)
      ✘ W00c RC-A reservedKeys ARC-8 answer-key.json t2Inputs.taxationYear (first in C09): each reserved name written as a key of that object is found once (covered 0)
      ✘ W00c RC-A reservedKeys ARC-8 answer-key.json t2Inputs.pendingDecisions[] (first in C09): each reserved name written as a key of that object is found once (covered 0)
      ✘ W00c RC-A reservedKeys ARC-8 answer-key.json prior_year (first in C11): each reserved name written as a key of that object is found once (covered 0)
      ✘ W00c RC-A reservedKeys ARC-8 answer-key.json prior_year.fiscalYear (first in C11): each reserved name written as a key of that object is found once (covered 0)
      ✘ W00c RC-A reservedKeys ARC-8 answer-key.json prior_year.balanceSheet[] (first in C11): each reserved name written as a key of that object is found once (covered 0)
      ✘ W00c RC-A reservedKeys ARC-8 answer-key.json prior_year.schedule1 (first in C11): each reserved name written as a key of that object is found once (covered 0)
      ✘ W00c RC-A reservedKeys ARC-8 answer-key.json prior_year.incomeStatement (first in C11): each reserved name written as a key of that object is found once (covered 0)
      ✘ W00c RC-A reservedKeys ARC-8 answer-key.json prior_year.retainedEarnings (first in C11): each reserved name written as a key of that object is found once (covered 0)
      ✘ W00c RC-A reservedKeys ARC-8 answer-key.json prior_year.balanceOwing (first in C11): each reserved name written as a key of that object is found once (covered 0)
      ✘ W00c RC-A reservedKeys ARC-8 answer-key.json prior_year.ucc[] (first in C11): each reserved name written as a key of that object is found once (covered 0)
      ✘ W00c RC-A reservedKeys ARC-8 answer-key.json prior_year.losses (first in C11): each reserved name written as a key of that object is found once (covered 0)
      ✘ W00c RC-A reservedKeys ARC-8 answer-key.json prior_year.dividendAccounts (first in C11): each reserved name written as a key of that object is found once (covered 0)
      ✘ W00c RC-A reservedKeys ARC-8 answer-key.json prior_year.noticeOfAssessment (first in C11): each reserved name written as a key of that object is found once (covered 0)
      ✘ W00c RC-A reservedKeys ARC-8 answer-key.json prior_year.rv2 (first in C11): each reserved name written as a key of that object is found once (covered 0)
      ✘ W00c RC-A reservedKeys ARC-8 answer-key.json trialBalance.*.rows[].source (first in C12): each reserved name written as a key of that object is found once (covered 0)
      ✘ W00c RC-A reservedKeys ARC-8 answer-key.json t2Inputs.lines[] (first in C12): each reserved name written as a key of that object is found once (covered 0)
      ✘ W00c RC-A reservedKeys ARC-8 answer-key.json t2Inputs.lines[].source (first in C12): each reserved name written as a key of that object is found once (covered 0)
      ✘ W00c RC-A reservedKeys ARC-8 answer-key.json ohip (first in C13): each reserved name written as a key of that object is found once (covered 0)
      ✘ W00c RC-A reservedKeys ARC-8 answer-key.json ohip.window (first in C13): each reserved name written as a key of that object is found once (covered 0)
      ✘ W00c RC-A reservedKeys ARC-8 answer-key.json ohip.raStatements[] (first in C13): each reserved name written as a key of that object is found once (covered 0)
      ✘ W00c RC-A reservedKeys ARC-8 answer-key.json ohip.raStatements[].lines[] (first in C13): each reserved name written as a key of that object is found once (covered 0)
      ✘ W00c RC-A reservedKeys ARC-8 answer-key.json ohip.raStatements[].reductions[] (first in C13): each reserved name written as a key of that object is found once (covered 0)
      ✘ W00c RC-A reservedKeys ARC-8 answer-key.json ohip.openingReceivable (first in C13): each reserved name written as a key of that object is found once (covered 0)
      ✘ W00c RC-A reservedKeys ARC-8 answer-key.json ohip.accruedReceivable (first in C13): each reserved name written as a key of that object is found once (covered 0)
      ✘ W00c RC-A reservedKeys ARC-8 answer-key.json ohip.reduction (first in C13): each reserved name written as a key of that object is found once (covered 0)
      ✘ W00c RC-A reservedKeys ARC-8 answer-key.json ohip.resubmission (first in C13): each reserved name written as a key of that object is found once (covered 0)
      ✘ W00c RC-A reservedKeys ARC-8 answer-key.json ohip.revenueByServiceMonth[] (first in C13): each reserved name written as a key of that object is found once (covered 0)
      ✘ W00c RC-A reservedKeys ARC-8 answer-key.json nonOhipIncome (first in C13): each reserved name written as a key of that object is found once (covered 0)
      ✘ W00c RC-A reservedKeys ARC-8 answer-key.json nonOhipIncome.items[] (first in C13): each reserved name written as a key of that object is found once (covered 0)
      ✘ W00c RC-A reservedKeys ARC-8 answer-key.json t2Inputs.schedule8.closingUcc[] (first in C14): each reserved name written as a key of that object is found once (covered 0)
      ✘ W00c RC-A reservedKeys ARC-8 answer-key.json t2Inputs.losses (first in C14): each reserved name written as a key of that object is found once (covered 0)
      ✘ W00c RC-A reservedKeys ARC-8 answer-key.json t2Inputs.losses.nonCapitalBroughtForward[] (first in C15): each reserved name written as a key of that object is found once (covered 0)
      ✘ W00c RC-A reservedKeys ARC-8 answer-key.json prior_year.losses.nonCapital[] (first in C15): each reserved name written as a key of that object is found once (covered 0)
    w00c-load.test.ts
      ~ ARC-8 W00c every date is a real calendar date a transaction dated "2025-03-99" is refused, naming the field (covered 40)
      ~ ARC-8 W00c every date is a real calendar date a transaction dated "2025-02-30" is refused, naming the field (covered 40)
      ~ ARC-8 W00c every date is a real calendar date a transaction dated "2025-03" is refused, naming the field (covered 40)
      ~ ARC-8 W00c every date is a real calendar date a transaction dated "2025-3-05" is refused, naming the field (covered 40)
      ~ ARC-8 W00c every date is a real calendar date a transaction dated "25-03-05" is refused, naming the field (covered 40)
      ~ ARC-8 W00c every date is a real calendar date a transaction dated "" is refused, naming the field (covered 40)
      ~ ARC-8 W00c every date is a real calendar date an adjusting entry date and both fiscal year dates are refused the same way (covered 40)
      ~ ARC-8 W00c every date is a real calendar date the last day of a leap February is a date (covered 258)
      ~ ARC-8 W00c an account role is one of the four known a role outside the list is refused, naming the field (covered 40)
      ✓ ARC-8 W00c account files are regular CSV files of their own subfolder file set to "" is refused with the account, the field and the folder (killed 3)
      ~ ARC-8 W00c account files are regular CSV files of their own subfolder file set to "accounts" is refused with the account, the field and the folder (covered 258)
      ~ ARC-8 W00c account files are regular CSV files of their own subfolder file set to "accounts/" is refused with the account, the field and the folder (covered 258)
      ✓ ARC-8 W00c account files are regular CSV files of their own subfolder file set to "accounts/.csv" is refused with the account, the field and the folder (killed 3)
      ✓ ARC-8 W00c account files are regular CSV files of their own subfolder file set to "accounts/x.txt" is refused with the account, the field and the folder (killed 1)
      ~ ARC-8 W00c account files are regular CSV files of their own subfolder file set to "accounts/sub/x.csv" is refused with the account, the field and the folder (covered 258)
      ~ ARC-8 W00c account files are regular CSV files of their own subfolder file set to "qbo/x.csv" is refused with the account, the field and the folder (covered 258)
      ~ ARC-8 W00c account files are regular CSV files of their own subfolder file set to "answer-key.json" is refused with the account, the field and the folder (covered 258)
      ~ ARC-8 W00c account files are regular CSV files of their own subfolder file set to "accountsx/x.csv" is refused with the account, the field and the folder (covered 258)
      ~ ARC-8 W00c account files are regular CSV files of their own subfolder qboFile set to "accounts/x.csv" is refused with the account, the field and the folder (covered 258)
      ~ ARC-8 W00c account files are regular CSV files of their own subfolder qboFile set to "qbo" is refused with the account, the field and the folder (covered 258)
      ~ ARC-8 W00c account files are regular CSV files of their own subfolder qboFile set to "qbo/a.txt" is refused with the account, the field and the folder (covered 258)
      ~ ARC-8 W00c account files are regular CSV files of their own subfolder a one-letter file name is a file name (covered 258)
      ~ ARC-8 W00c account files are regular CSV files of their own subfolder a directory named like a CSV is not a regular file (covered 258)
      ~ ARC-8 W00c account files are regular CSV files of their own subfolder a link out of the folder is still refused as leading out (covered 258)
      ~ ARC-8 W00c a client JSON file that is a directory or not JSON is a file issue answer-key.json replaced by a directory (covered 38)
      ~ ARC-8 W00c a client JSON file that is a directory or not JSON is a file issue onboarding.json replaced by a directory (covered 40)
      ~ ARC-8 W00c a client JSON file that is a directory or not JSON is a file issue answer-key.json that is not valid JSON (covered 38)
      ~ ARC-8 W00c a client JSON file that is a directory or not JSON is a file issue onboarding.json that is not valid JSON (covered 40)
      ~ ARC-8 W00c a client JSON file that is a directory or not JSON is a file issue both files broken give both issues (covered 25)
      ~ ARC-8 W00c a client JSON file that is a directory or not JSON is a file issue a missing onboarding.json is still a file issue (covered 40)
      ~ ARC-8 W00c a "(...)" qualifier on an onboarding source names a record of its key the real qualifier resolves (covered 269)
      ~ ARC-8 W00c a "(...)" qualifier on an onboarding source names a record of its key "prior_year_closing_balances (1200 Wrong)" is refused, naming the source (covered 269)
      ~ ARC-8 W00c a "(...)" qualifier on an onboarding source names a record of its key "prior_year_closing_balances (9999 Prepaid expenses)" is refused, naming the source (covered 269)
      ~ ARC-8 W00c a "(...)" qualifier on an onboarding source names a record of its key "prior_year_closing_balances (x)" is refused, naming the source (covered 258)
      ~ ARC-8 W00c a "(...)" qualifier on an onboarding source names a record of its key "prior_year_closing_balances ()" is refused, naming the source (covered 258)
      ~ ARC-8 W00c a "(...)" qualifier on an onboarding source names a record of its key "prior_year_closing_balances (1200)" is refused, naming the source (covered 258)
      ~ ARC-8 W00c a "(...)" qualifier on an onboarding source names a record of its key "nothing (1200 Prepaid expenses)" is refused, naming the source (covered 258)
      ~ ARC-8 W00c a "(...)" qualifier on an onboarding source names a record of its key "tenants (1200 Prepaid expenses)" is refused, naming the source (covered 258)
      ~ ARC-8 W00c a "(...)" qualifier on an onboarding source names a record of its key "prior_year_closing_balances (A200 Prepaid expenses)" is refused, naming the source (covered 258)
      ~ ARC-8 W00c a "(...)" qualifier on an onboarding source names a record of its key a qualifier on a key with no account list is refused (covered 258)
      ~ ARC-8 W00c a "(...)" qualifier on an onboarding source names a record of its key an answer id resolves whole (covered 205)
    w00c-survivors.test.ts
      ~ ARC-8 W00c an account file that is the folder above is refused as leading out a link to the parent folder is "leads out", not "not a regular file" (covered 258)
      ~ ARC-8 W00c the exact shape of a "(...)" qualifier on an onboarding source "prior_year_closing_balances(1200 Prepaid expenses)" resolves (covered 269)
      ~ ARC-8 W00c the exact shape of a "(...)" qualifier on an onboarding source "prior_year_closing_balances   (1200 Prepaid expenses)" resolves (covered 269)
      ~ ARC-8 W00c the exact shape of a "(...)" qualifier on an onboarding source "prior_year_closing_balances (1200 Prepaid expenses) " resolves (covered 269)
      ~ ARC-8 W00c the exact shape of a "(...)" qualifier on an onboarding source "prior_year_closing_balances (1200 Prepaid expenses)	" resolves (covered 269)
      ~ ARC-8 W00c the exact shape of a "(...)" qualifier on an onboarding source "first line\nprior_year_closing_balances (1200 Prepaid expenses)" is refused (covered 259)
      ~ ARC-8 W00c the exact shape of a "(...)" qualifier on an onboarding source "prior_year_closing_balances (1200 Prepaid expenses) and more" is refused (covered 259)
      ~ ARC-8 W00c the exact shape of a "(...)" qualifier on an onboarding source "prior_year_closing_balances (X1200 Prepaid expenses)" is refused (covered 258)
      ~ ARC-8 W00c the exact shape of a "(...)" qualifier on an onboarding source "prior_year_closing_balances (1200 Prepaid expenses\nmore)" is refused (covered 258)
      ~ ARC-8 W00c the exact shape of a "(...)" qualifier on an onboarding source "prior_year_closing_balances (1200 Prepaid expenses) (1200 Prepaid expenses)x" is refused (covered 259)
      ~ ARC-8 W00c the exact shape of a "(...)" qualifier on an onboarding source a qualifier on a key whose value is null is refused, not a crash (covered 258)
      ~ ARC-8 W00c the exact shape of a "(...)" qualifier on an onboarding source a qualifier on a key whose value is plain text, a number or a boolean is refused (covered 258)
      ✘ ARC-8 W00c the statement roll leaves a duplicate and a priorYear row out a clean duplicate pair with its waiver and marker gives no issue at all, roll included (covered 0)
      ✘ ARC-8 W00c the statement roll leaves a duplicate and a priorYear row out a priorYear row dated inside a listed month is not on that month's statement (covered 0)
      ✘ ARC-8 W00c a priorYear row is excused from "in no month" only when it is before the year and its month is marked a row dated after the year ends, in a marked month, is still in no month (covered 0)
      ✘ ARC-8 W00c a priorYear row is excused from "in no month" only when it is before the year and its month is marked a row dated on the first day of the year, in a month the account lacks, is still in no month (covered 0)
      ✘ ARC-8 W00c a priorYear row is excused from "in no month" only when it is before the year and its month is marked a row dated the day before the year, in a marked month, is excused (covered 0)
      ✘ ARC-8 W00c a repeated transaction id never lets a later row stand in for the first original a duplicate that matches the first row of a repeated id is not called a mismatch (covered 0)
      ✘ ARC-8 W00c a calendar date is the whole text, nothing before or after "x2025-03-05" is not a date (covered 0)
      ✘ ARC-8 W00c a calendar date is the whole text, nothing before or after "2025-03-05x" is not a date (covered 0)
      ✘ ARC-8 W00c a calendar date is the whole text, nothing before or after " 2025-03-05" is not a date (covered 0)
      ✘ ARC-8 W00c a calendar date is the whole text, nothing before or after "2025-03-05\n" is not a date (covered 0)
      ✘ ARC-8 W00c a calendar date is the whole text, nothing before or after "12025-03-05" is not a date (covered 0)
      ✘ ARC-8 W00c a calendar date is the whole text, nothing before or after a plain date is one (covered 0)
  model
    generate.test.ts
      ✘ checkRegeneration ARC-16 identical output is reported identical; ignored names are not compared; the temp folder is removed (covered 0)
      ✘ checkRegeneration ARC-16 changed, stale and missing files are listed, sorted, relative to the root (covered 0)
      ✘ checkRegeneration ARC-16 the list is sorted even when the missing file sorts before the stale one (covered 0)
      ✘ checkRegeneration ARC-16 a backslash in a name is written as a slash in the list (covered 0)
      ✘ checkRegeneration ARC-16 an explicit root is compared instead of the sample folder (covered 0)
      ✘ checkRegeneration ARC-16 a failing generator rejects and still removes the temp folder (covered 0)
    json-keys.acceptance.test.ts
      ✘ W00c RC5 the walk ARC-8 the walk finds statement balances, transactions and a first onboarding key to repeat (covered 0)
      ✓ W00c RC5 the walk END-9 C01 loads unchanged (equal keys in different objects are not repeats) (killed 5)
      ~ W00c RC5 the walk END-9 C02 loads unchanged (equal keys in different objects are not repeats) (covered 258)
      ~ W00c RC5 the walk END-9 C03 loads unchanged (equal keys in different objects are not repeats) (covered 258)
      ~ W00c RC5 the walk END-9 C04 loads unchanged (equal keys in different objects are not repeats) (covered 258)
      ~ W00c RC5 the walk END-9 C05 loads unchanged (equal keys in different objects are not repeats) (covered 237)
      ~ W00c RC5 the walk END-9 C06 loads unchanged (equal keys in different objects are not repeats) (covered 255)
      ~ W00c RC5 the walk END-9 C07 loads unchanged (equal keys in different objects are not repeats) (covered 269)
      ~ W00c RC5 the walk END-9 C08 loads unchanged (equal keys in different objects are not repeats) (covered 269)
      ~ W00c RC5 the walk END-9 C09 loads unchanged (equal keys in different objects are not repeats) (covered 260)
      ~ W00c RC5 the walk END-9 C10 loads unchanged (equal keys in different objects are not repeats) (covered 258)
      ~ W00c RC5 the walk END-9 C11 loads unchanged (equal keys in different objects are not repeats) (covered 258)
      ~ W00c RC5 the walk END-9 C12 loads unchanged (equal keys in different objects are not repeats) (covered 205)
      ~ W00c RC5 the walk END-9 C13 loads unchanged (equal keys in different objects are not repeats) (covered 258)
      ~ W00c RC5 the walk END-9 C14 loads unchanged (equal keys in different objects are not repeats) (covered 259)
      ~ W00c RC5 the walk END-9 C15 loads unchanged (equal keys in different objects are not repeats) (covered 259)
      ✓ W00c RC5 a repeated key in one object is refused (every folder) ARC-8 C01 with its first statementBalances key written twice (an empty decoy first) is refused with a 'file' issue naming answer-key.json and the key (killed 2)
      ~ W00c RC5 a repeated key in one object is refused (every folder) ARC-8 C02 with its first statementBalances key written twice (an empty decoy first) is refused with a 'file' issue naming answer-key.json and the key (covered 39)
      ~ W00c RC5 a repeated key in one object is refused (every folder) ARC-8 C03 with its first statementBalances key written twice (an empty decoy first) is refused with a 'file' issue naming answer-key.json and the key (covered 39)
      ~ W00c RC5 a repeated key in one object is refused (every folder) ARC-8 C04 with its first statementBalances key written twice (an empty decoy first) is refused with a 'file' issue naming answer-key.json and the key (covered 30)
      ~ W00c RC5 a repeated key in one object is refused (every folder) ARC-8 C05 with its first statementBalances key written twice (an empty decoy first) is refused with a 'file' issue naming answer-key.json and the key (covered 39)
      ~ W00c RC5 a repeated key in one object is refused (every folder) ARC-8 C06 with its first statementBalances key written twice (an empty decoy first) is refused with a 'file' issue naming answer-key.json and the key (covered 39)
      ~ W00c RC5 a repeated key in one object is refused (every folder) ARC-8 C07 with its first statementBalances key written twice (an empty decoy first) is refused with a 'file' issue naming answer-key.json and the key (covered 30)
      ~ W00c RC5 a repeated key in one object is refused (every folder) ARC-8 C08 with its first statementBalances key written twice (an empty decoy first) is refused with a 'file' issue naming answer-key.json and the key (covered 30)
      ~ W00c RC5 a repeated key in one object is refused (every folder) ARC-8 C09 with its first statementBalances key written twice (an empty decoy first) is refused with a 'file' issue naming answer-key.json and the key (covered 39)
      ~ W00c RC5 a repeated key in one object is refused (every folder) ARC-8 C10 with its first statementBalances key written twice (an empty decoy first) is refused with a 'file' issue naming answer-key.json and the key (covered 30)
      ~ W00c RC5 a repeated key in one object is refused (every folder) ARC-8 C11 with its first statementBalances key written twice (an empty decoy first) is refused with a 'file' issue naming answer-key.json and the key (covered 30)
      ~ W00c RC5 a repeated key in one object is refused (every folder) ARC-8 C13 with its first statementBalances key written twice (an empty decoy first) is refused with a 'file' issue naming answer-key.json and the key (covered 30)
      ~ W00c RC5 a repeated key in one object is refused (every folder) ARC-8 C14 with its first statementBalances key written twice (an empty decoy first) is refused with a 'file' issue naming answer-key.json and the key (covered 30)
      ~ W00c RC5 a repeated key in one object is refused (every folder) ARC-8 C15 with its first statementBalances key written twice (an empty decoy first) is refused with a 'file' issue naming answer-key.json and the key (covered 30)
      ~ W00c RC5 a repeated key in one object is refused (every folder) ARC-8 C01 with one transaction's amount written twice (a zero decoy first) is refused with a 'file' issue naming answer-key.json and amount (covered 39)
      ~ W00c RC5 a repeated key in one object is refused (every folder) ARC-8 C02 with one transaction's amount written twice (a zero decoy first) is refused with a 'file' issue naming answer-key.json and amount (covered 39)
      ~ W00c RC5 a repeated key in one object is refused (every folder) ARC-8 C03 with one transaction's amount written twice (a zero decoy first) is refused with a 'file' issue naming answer-key.json and amount (covered 39)
      ~ W00c RC5 a repeated key in one object is refused (every folder) ARC-8 C04 with one transaction's amount written twice (a zero decoy first) is refused with a 'file' issue naming answer-key.json and amount (covered 30)
      ~ W00c RC5 a repeated key in one object is refused (every folder) ARC-8 C05 with one transaction's amount written twice (a zero decoy first) is refused with a 'file' issue naming answer-key.json and amount (covered 39)
      ~ W00c RC5 a repeated key in one object is refused (every folder) ARC-8 C06 with one transaction's amount written twice (a zero decoy first) is refused with a 'file' issue naming answer-key.json and amount (covered 39)
      ~ W00c RC5 a repeated key in one object is refused (every folder) ARC-8 C07 with one transaction's amount written twice (a zero decoy first) is refused with a 'file' issue naming answer-key.json and amount (covered 30)
      ~ W00c RC5 a repeated key in one object is refused (every folder) ARC-8 C08 with one transaction's amount written twice (a zero decoy first) is refused with a 'file' issue naming answer-key.json and amount (covered 30)
      ~ W00c RC5 a repeated key in one object is refused (every folder) ARC-8 C09 with one transaction's amount written twice (a zero decoy first) is refused with a 'file' issue naming answer-key.json and amount (covered 39)
      ~ W00c RC5 a repeated key in one object is refused (every folder) ARC-8 C10 with one transaction's amount written twice (a zero decoy first) is refused with a 'file' issue naming answer-key.json and amount (covered 30)
      ~ W00c RC5 a repeated key in one object is refused (every folder) ARC-8 C11 with one transaction's amount written twice (a zero decoy first) is refused with a 'file' issue naming answer-key.json and amount (covered 30)
      ~ W00c RC5 a repeated key in one object is refused (every folder) ARC-8 C13 with one transaction's amount written twice (a zero decoy first) is refused with a 'file' issue naming answer-key.json and amount (covered 30)
      ~ W00c RC5 a repeated key in one object is refused (every folder) ARC-8 C14 with one transaction's amount written twice (a zero decoy first) is refused with a 'file' issue naming answer-key.json and amount (covered 30)
      ~ W00c RC5 a repeated key in one object is refused (every folder) ARC-8 C15 with one transaction's amount written twice (a zero decoy first) is refused with a 'file' issue naming answer-key.json and amount (covered 30)
      ~ W00c RC5 a repeated key in one object is refused (every folder) ARC-8 C01 with a repeated transaction key written with a unicode escape ("am\u006funt") is refused with a 'file' issue naming answer-key.json and amount (covered 39)
      ~ W00c RC5 a repeated key in one object is refused (every folder) ARC-8 C02 with a repeated transaction key written with a unicode escape ("am\u006funt") is refused with a 'file' issue naming answer-key.json and amount (covered 39)
      ~ W00c RC5 a repeated key in one object is refused (every folder) ARC-8 C03 with a repeated transaction key written with a unicode escape ("am\u006funt") is refused with a 'file' issue naming answer-key.json and amount (covered 39)
      ~ W00c RC5 a repeated key in one object is refused (every folder) ARC-8 C04 with a repeated transaction key written with a unicode escape ("am\u006funt") is refused with a 'file' issue naming answer-key.json and amount (covered 30)
      ~ W00c RC5 a repeated key in one object is refused (every folder) ARC-8 C05 with a repeated transaction key written with a unicode escape ("am\u006funt") is refused with a 'file' issue naming answer-key.json and amount (covered 39)
      ~ W00c RC5 a repeated key in one object is refused (every folder) ARC-8 C06 with a repeated transaction key written with a unicode escape ("am\u006funt") is refused with a 'file' issue naming answer-key.json and amount (covered 39)
      ~ W00c RC5 a repeated key in one object is refused (every folder) ARC-8 C07 with a repeated transaction key written with a unicode escape ("am\u006funt") is refused with a 'file' issue naming answer-key.json and amount (covered 30)
      ~ W00c RC5 a repeated key in one object is refused (every folder) ARC-8 C08 with a repeated transaction key written with a unicode escape ("am\u006funt") is refused with a 'file' issue naming answer-key.json and amount (covered 30)
      ~ W00c RC5 a repeated key in one object is refused (every folder) ARC-8 C09 with a repeated transaction key written with a unicode escape ("am\u006funt") is refused with a 'file' issue naming answer-key.json and amount (covered 39)
      ~ W00c RC5 a repeated key in one object is refused (every folder) ARC-8 C10 with a repeated transaction key written with a unicode escape ("am\u006funt") is refused with a 'file' issue naming answer-key.json and amount (covered 30)
      ~ W00c RC5 a repeated key in one object is refused (every folder) ARC-8 C11 with a repeated transaction key written with a unicode escape ("am\u006funt") is refused with a 'file' issue naming answer-key.json and amount (covered 30)
      ~ W00c RC5 a repeated key in one object is refused (every folder) ARC-8 C13 with a repeated transaction key written with a unicode escape ("am\u006funt") is refused with a 'file' issue naming answer-key.json and amount (covered 30)
      ~ W00c RC5 a repeated key in one object is refused (every folder) ARC-8 C14 with a repeated transaction key written with a unicode escape ("am\u006funt") is refused with a 'file' issue naming answer-key.json and amount (covered 30)
      ~ W00c RC5 a repeated key in one object is refused (every folder) ARC-8 C15 with a repeated transaction key written with a unicode escape ("am\u006funt") is refused with a 'file' issue naming answer-key.json and amount (covered 30)
      ~ W00c RC5 a repeated key in one object is refused (every folder) ARC-8 C01 with the first top-level key of onboarding.json written twice (an empty decoy first) is refused with a 'file' issue naming onboarding.json and the key (covered 41)
      ~ W00c RC5 a repeated key in one object is refused (every folder) ARC-8 C02 with the first top-level key of onboarding.json written twice (an empty decoy first) is refused with a 'file' issue naming onboarding.json and the key (covered 41)
      ~ W00c RC5 a repeated key in one object is refused (every folder) ARC-8 C03 with the first top-level key of onboarding.json written twice (an empty decoy first) is refused with a 'file' issue naming onboarding.json and the key (covered 41)
      ~ W00c RC5 a repeated key in one object is refused (every folder) ARC-8 C04 with the first top-level key of onboarding.json written twice (an empty decoy first) is refused with a 'file' issue naming onboarding.json and the key (covered 41)
      ~ W00c RC5 a repeated key in one object is refused (every folder) ARC-8 C05 with the first top-level key of onboarding.json written twice (an empty decoy first) is refused with a 'file' issue naming onboarding.json and the key (covered 40)
      ~ W00c RC5 a repeated key in one object is refused (every folder) ARC-8 C06 with the first top-level key of onboarding.json written twice (an empty decoy first) is refused with a 'file' issue naming onboarding.json and the key (covered 41)
      ~ W00c RC5 a repeated key in one object is refused (every folder) ARC-8 C07 with the first top-level key of onboarding.json written twice (an empty decoy first) is refused with a 'file' issue naming onboarding.json and the key (covered 41)
      ~ W00c RC5 a repeated key in one object is refused (every folder) ARC-8 C08 with the first top-level key of onboarding.json written twice (an empty decoy first) is refused with a 'file' issue naming onboarding.json and the key (covered 41)
      ~ W00c RC5 a repeated key in one object is refused (every folder) ARC-8 C09 with the first top-level key of onboarding.json written twice (an empty decoy first) is refused with a 'file' issue naming onboarding.json and the key (covered 41)
      ~ W00c RC5 a repeated key in one object is refused (every folder) ARC-8 C10 with the first top-level key of onboarding.json written twice (an empty decoy first) is refused with a 'file' issue naming onboarding.json and the key (covered 41)
      ~ W00c RC5 a repeated key in one object is refused (every folder) ARC-8 C11 with the first top-level key of onboarding.json written twice (an empty decoy first) is refused with a 'file' issue naming onboarding.json and the key (covered 41)
      ~ W00c RC5 a repeated key in one object is refused (every folder) ARC-8 C12 with the first top-level key of onboarding.json written twice (an empty decoy first) is refused with a 'file' issue naming onboarding.json and the key (covered 40)
      ~ W00c RC5 a repeated key in one object is refused (every folder) ARC-8 C13 with the first top-level key of onboarding.json written twice (an empty decoy first) is refused with a 'file' issue naming onboarding.json and the key (covered 41)
      ~ W00c RC5 a repeated key in one object is refused (every folder) ARC-8 C14 with the first top-level key of onboarding.json written twice (an empty decoy first) is refused with a 'file' issue naming onboarding.json and the key (covered 41)
      ~ W00c RC5 a repeated key in one object is refused (every folder) ARC-8 C15 with the first top-level key of onboarding.json written twice (an empty decoy first) is refused with a 'file' issue naming onboarding.json and the key (covered 41)
      ~ W00c RC5 text inside a string value is never a key (every folder with transactions) ARC-8 C01 with a description holding escaped quotes around a key name and a trailing backslash still loads (covered 258)
      ~ W00c RC5 text inside a string value is never a key (every folder with transactions) ARC-8 C02 with a description holding escaped quotes around a key name and a trailing backslash still loads (covered 258)
      ~ W00c RC5 text inside a string value is never a key (every folder with transactions) ARC-8 C03 with a description holding escaped quotes around a key name and a trailing backslash still loads (covered 258)
      ~ W00c RC5 text inside a string value is never a key (every folder with transactions) ARC-8 C04 with a description holding escaped quotes around a key name and a trailing backslash still loads (covered 258)
      ~ W00c RC5 text inside a string value is never a key (every folder with transactions) ARC-8 C05 with a description holding escaped quotes around a key name and a trailing backslash still loads (covered 237)
      ~ W00c RC5 text inside a string value is never a key (every folder with transactions) ARC-8 C06 with a description holding escaped quotes around a key name and a trailing backslash still loads (covered 255)
      ~ W00c RC5 text inside a string value is never a key (every folder with transactions) ARC-8 C07 with a description holding escaped quotes around a key name and a trailing backslash still loads (covered 269)
      ~ W00c RC5 text inside a string value is never a key (every folder with transactions) ARC-8 C08 with a description holding escaped quotes around a key name and a trailing backslash still loads (covered 269)
      ~ W00c RC5 text inside a string value is never a key (every folder with transactions) ARC-8 C09 with a description holding escaped quotes around a key name and a trailing backslash still loads (covered 260)
      ~ W00c RC5 text inside a string value is never a key (every folder with transactions) ARC-8 C10 with a description holding escaped quotes around a key name and a trailing backslash still loads (covered 258)
      ~ W00c RC5 text inside a string value is never a key (every folder with transactions) ARC-8 C11 with a description holding escaped quotes around a key name and a trailing backslash still loads (covered 258)
      ~ W00c RC5 text inside a string value is never a key (every folder with transactions) ARC-8 C13 with a description holding escaped quotes around a key name and a trailing backslash still loads (covered 258)
      ~ W00c RC5 text inside a string value is never a key (every folder with transactions) ARC-8 C14 with a description holding escaped quotes around a key name and a trailing backslash still loads (covered 259)
      ~ W00c RC5 text inside a string value is never a key (every folder with transactions) ARC-8 C15 with a description holding escaped quotes around a key name and a trailing backslash still loads (covered 259)
      ✘ W00c RC5 a repeated key at any depth is refused by the loader (spec review 3, gap 3: every folder, both files, one node per depth) ARC-8 the sample takes one node per depth present in each file of each folder, the root included (covered 0)
      ~ W00c RC5 a repeated key at any depth is refused by the loader (spec review 3, gap 3: every folder, both files, one node per depth) ARC-8 C01 answer-key.json at depth 0, the object at (root) written with its first key twice (a decoy first), is refused with a 'file' issue naming the file and the key (covered 39)
      ~ W00c RC5 a repeated key at any depth is refused by the loader (spec review 3, gap 3: every folder, both files, one node per depth) ARC-8 C01 answer-key.json at depth 1, the object at statementBalances written with its first key twice (a decoy first), is refused with a 'file' issue naming the file and the key (covered 39)
      ~ W00c RC5 a repeated key at any depth is refused by the loader (spec review 3, gap 3: every folder, both files, one node per depth) ARC-8 C01 answer-key.json at depth 2, the object at transactions.2 written with its first key twice (a decoy first), is refused with a 'file' issue naming the file and the key (covered 39)
      ~ W00c RC5 a repeated key at any depth is refused by the loader (spec review 3, gap 3: every folder, both files, one node per depth) ARC-8 C01 answer-key.json at depth 3, the object at statementBalances.CHQ.2 written with its first key twice (a decoy first), is refused with a 'file' issue naming the file and the key (covered 39)
      ~ W00c RC5 a repeated key at any depth is refused by the loader (spec review 3, gap 3: every folder, both files, one node per depth) ARC-8 C01 answer-key.json at depth 4, the object at transactions.940.post.1 written with its first key twice (a decoy first), is refused with a 'file' issue naming the file and the key (covered 39)
      ~ W00c RC5 a repeated key at any depth is refused by the loader (spec review 3, gap 3: every folder, both files, one node per depth) ARC-8 C01 answer-key.json at depth 5, the object at t2Inputs.schedule1.addBacks.0.source written with its first key twice (a decoy first), is refused with a 'file' issue naming the file and the key (covered 39)
      ~ W00c RC5 a repeated key at any depth is refused by the loader (spec review 3, gap 3: every folder, both files, one node per depth) ARC-8 C01 onboarding.json at depth 0, the object at (root) written with its first key twice (a decoy first), is refused with a 'file' issue naming the file and the key (covered 41)
      ~ W00c RC5 a repeated key at any depth is refused by the loader (spec review 3, gap 3: every folder, both files, one node per depth) ARC-8 C01 onboarding.json at depth 1, the object at hst written with its first key twice (a decoy first), is refused with a 'file' issue naming the file and the key (covered 41)
      ~ W00c RC5 a repeated key at any depth is refused by the loader (spec review 3, gap 3: every folder, both files, one node per depth) ARC-8 C01 onboarding.json at depth 2, the object at owners.0 written with its first key twice (a decoy first), is refused with a 'file' issue naming the file and the key (covered 41)
      ~ W00c RC5 a repeated key at any depth is refused by the loader (spec review 3, gap 3: every folder, both files, one node per depth) ARC-8 C01 onboarding.json at depth 3, the object at prior_year_closing_balances.accounts.1 written with its first key twice (a decoy first), is refused with a 'file' issue naming the file and the key (covered 41)
      ~ W00c RC5 a repeated key at any depth is refused by the loader (spec review 3, gap 3: every folder, both files, one node per depth) ARC-8 C02 answer-key.json at depth 0, the object at (root) written with its first key twice (a decoy first), is refused with a 'file' issue naming the file and the key (covered 39)
      ~ W00c RC5 a repeated key at any depth is refused by the loader (spec review 3, gap 3: every folder, both files, one node per depth) ARC-8 C02 answer-key.json at depth 1, the object at statementBalances written with its first key twice (a decoy first), is refused with a 'file' issue naming the file and the key (covered 39)
      ~ W00c RC5 a repeated key at any depth is refused by the loader (spec review 3, gap 3: every folder, both files, one node per depth) ARC-8 C02 answer-key.json at depth 2, the object at transactions.147 written with its first key twice (a decoy first), is refused with a 'file' issue naming the file and the key (covered 39)
      ~ W00c RC5 a repeated key at any depth is refused by the loader (spec review 3, gap 3: every folder, both files, one node per depth) ARC-8 C02 answer-key.json at depth 3, the object at statementBalances.CHQ.5 written with its first key twice (a decoy first), is refused with a 'file' issue naming the file and the key (covered 39)
      ~ W00c RC5 a repeated key at any depth is refused by the loader (spec review 3, gap 3: every folder, both files, one node per depth) ARC-8 C02 answer-key.json at depth 4, the object at trialBalance.adjusted.rows.20 written with its first key twice (a decoy first), is refused with a 'file' issue naming the file and the key (covered 39)
      ~ W00c RC5 a repeated key at any depth is refused by the loader (spec review 3, gap 3: every folder, both files, one node per depth) ARC-8 C02 answer-key.json at depth 5, the object at t2Inputs.schedule1.addBacks.0.source written with its first key twice (a decoy first), is refused with a 'file' issue naming the file and the key (covered 39)
      ~ W00c RC5 a repeated key at any depth is refused by the loader (spec review 3, gap 3: every folder, both files, one node per depth) ARC-8 C02 answer-key.json at depth 6, the object at t2Inputs.schedule8.classes.0.additions.0 written with its first key twice (a decoy first), is refused with a 'file' issue naming the file and the key (covered 39)
      ~ W00c RC5 a repeated key at any depth is refused by the loader (spec review 3, gap 3: every folder, both files, one node per depth) ARC-8 C02 onboarding.json at depth 0, the object at (root) written with its first key twice (a decoy first), is refused with a 'file' issue naming the file and the key (covered 41)
      ~ W00c RC5 a repeated key at any depth is refused by the loader (spec review 3, gap 3: every folder, both files, one node per depth) ARC-8 C02 onboarding.json at depth 1, the object at cra_record written with its first key twice (a decoy first), is refused with a 'file' issue naming the file and the key (covered 41)
      ~ W00c RC5 a repeated key at any depth is refused by the loader (spec review 3, gap 3: every folder, both files, one node per depth) ARC-8 C02 onboarding.json at depth 2, the object at owners.0 written with its first key twice (a decoy first), is refused with a 'file' issue naming the file and the key (covered 41)
      ~ W00c RC5 a repeated key at any depth is refused by the loader (spec review 3, gap 3: every folder, both files, one node per depth) ARC-8 C02 onboarding.json at depth 3, the object at loan.schedule.5 written with its first key twice (a decoy first), is refused with a 'file' issue naming the file and the key (covered 41)
      ~ W00c RC5 a repeated key at any depth is refused by the loader (spec review 3, gap 3: every folder, both files, one node per depth) ARC-8 C03 answer-key.json at depth 0, the object at (root) written with its first key twice (a decoy first), is refused with a 'file' issue naming the file and the key (covered 39)
      ~ W00c RC5 a repeated key at any depth is refused by the loader (spec review 3, gap 3: every folder, both files, one node per depth) ARC-8 C03 answer-key.json at depth 1, the object at hst written with its first key twice (a decoy first), is refused with a 'file' issue naming the file and the key (covered 39)
      ~ W00c RC5 a repeated key at any depth is refused by the loader (spec review 3, gap 3: every folder, both files, one node per depth) ARC-8 C03 answer-key.json at depth 2, the object at transactions.376 written with its first key twice (a decoy first), is refused with a 'file' issue naming the file and the key (covered 39)
      ~ W00c RC5 a repeated key at any depth is refused by the loader (spec review 3, gap 3: every folder, both files, one node per depth) ARC-8 C03 answer-key.json at depth 3, the object at transactions.19.payroll written with its first key twice (a decoy first), is refused with a 'file' issue naming the file and the key (covered 39)
      ~ W00c RC5 a repeated key at any depth is refused by the loader (spec review 3, gap 3: every folder, both files, one node per depth) ARC-8 C03 answer-key.json at depth 4, the object at t2Inputs.slips.T4.3 written with its first key twice (a decoy first), is refused with a 'file' issue naming the file and the key (covered 39)
      ~ W00c RC5 a repeated key at any depth is refused by the loader (spec review 3, gap 3: every folder, both files, one node per depth) ARC-8 C03 answer-key.json at depth 5, the object at t2Inputs.schedule1.addBacks.1.source written with its first key twice (a decoy first), is refused with a 'file' issue naming the file and the key (covered 39)
      ~ W00c RC5 a repeated key at any depth is refused by the loader (spec review 3, gap 3: every folder, both files, one node per depth) ARC-8 C03 answer-key.json at depth 6, the object at t2Inputs.schedule8.classes.1.additions.0 written with its first key twice (a decoy first), is refused with a 'file' issue naming the file and the key (covered 39)
      ~ W00c RC5 a repeated key at any depth is refused by the loader (spec review 3, gap 3: every folder, both files, one node per depth) ARC-8 C03 onboarding.json at depth 0, the object at (root) written with its first key twice (a decoy first), is refused with a 'file' issue naming the file and the key (covered 41)
      ~ W00c RC5 a repeated key at any depth is refused by the loader (spec review 3, gap 3: every folder, both files, one node per depth) ARC-8 C03 onboarding.json at depth 1, the object at owner_bonus written with its first key twice (a decoy first), is refused with a 'file' issue naming the file and the key (covered 41)
      ~ W00c RC5 a repeated key at any depth is refused by the loader (spec review 3, gap 3: every folder, both files, one node per depth) ARC-8 C03 onboarding.json at depth 2, the object at cra_program_accounts.1 written with its first key twice (a decoy first), is refused with a 'file' issue naming the file and the key (covered 41)
      ~ W00c RC5 a repeated key at any depth is refused by the loader (spec review 3, gap 3: every folder, both files, one node per depth) ARC-8 C03 onboarding.json at depth 3, the object at payroll.by_month.2 written with its first key twice (a decoy first), is refused with a 'file' issue naming the file and the key (covered 41)
      ~ W00c RC5 a repeated key at any depth is refused by the loader (spec review 3, gap 3: every folder, both files, one node per depth) ARC-8 C04 answer-key.json at depth 0, the object at (root) written with its first key twice (a decoy first), is refused with a 'file' issue naming the file and the key (covered 30)
      ~ W00c RC5 a repeated key at any depth is refused by the loader (spec review 3, gap 3: every folder, both files, one node per depth) ARC-8 C04 answer-key.json at depth 1, the object at statementBalances written with its first key twice (a decoy first), is refused with a 'file' issue naming the file and the key (covered 30)
      ~ W00c RC5 a repeated key at any depth is refused by the loader (spec review 3, gap 3: every folder, both files, one node per depth) ARC-8 C04 answer-key.json at depth 2, the object at transactions.6 written with its first key twice (a decoy first), is refused with a 'file' issue naming the file and the key (covered 30)
      ~ W00c RC5 a repeated key at any depth is refused by the loader (spec review 3, gap 3: every folder, both files, one node per depth) ARC-8 C04 answer-key.json at depth 3, the object at transactions.465.payroll written with its first key twice (a decoy first), is refused with a 'file' issue naming the file and the key (covered 30)
      ~ W00c RC5 a repeated key at any depth is refused by the loader (spec review 3, gap 3: every folder, both files, one node per depth) ARC-8 C04 answer-key.json at depth 4, the object at transactions.370.post.2 written with its first key twice (a decoy first), is refused with a 'file' issue naming the file and the key (covered 30)
      ~ W00c RC5 a repeated key at any depth is refused by the loader (spec review 3, gap 3: every folder, both files, one node per depth) ARC-8 C04 answer-key.json at depth 5, the object at t2Inputs.schedule1.addBacks.0.source written with its first key twice (a decoy first), is refused with a 'file' issue naming the file and the key (covered 30)
      ~ W00c RC5 a repeated key at any depth is refused by the loader (spec review 3, gap 3: every folder, both files, one node per depth) ARC-8 C04 answer-key.json at depth 6, the object at t2Inputs.schedule8.classes.0.additions.0 written with its first key twice (a decoy first), is refused with a 'file' issue naming the file and the key (covered 30)
      ~ W00c RC5 a repeated key at any depth is refused by the loader (spec review 3, gap 3: every folder, both files, one node per depth) ARC-8 C04 onboarding.json at depth 0, the object at (root) written with its first key twice (a decoy first), is refused with a 'file' issue naming the file and the key (covered 41)
      ~ W00c RC5 a repeated key at any depth is refused by the loader (spec review 3, gap 3: every folder, both files, one node per depth) ARC-8 C04 onboarding.json at depth 1, the object at hst written with its first key twice (a decoy first), is refused with a 'file' issue naming the file and the key (covered 41)
      ~ W00c RC5 a repeated key at any depth is refused by the loader (spec review 3, gap 3: every folder, both files, one node per depth) ARC-8 C04 onboarding.json at depth 2, the object at cra_program_accounts.0 written with its first key twice (a decoy first), is refused with a 'file' issue naming the file and the key (covered 41)
      ~ W00c RC5 a repeated key at any depth is refused by the loader (spec review 3, gap 3: every folder, both files, one node per depth) ARC-8 C04 onboarding.json at depth 3, the object at prior_year_closing_balances.ucc.0 written with its first key twice (a decoy first), is refused with a 'file' issue naming the file and the key (covered 41)
      ~ W00c RC5 a repeated key at any depth is refused by the loader (spec review 3, gap 3: every folder, both files, one node per depth) ARC-8 C05 answer-key.json at depth 0, the object at (root) written with its first key twice (a decoy first), is refused with a 'file' issue naming the file and the key (covered 39)
      ~ W00c RC5 a repeated key at any depth is refused by the loader (spec review 3, gap 3: every folder, both files, one node per depth) ARC-8 C05 answer-key.json at depth 1, the object at generator written with its first key twice (a decoy first), is refused with a 'file' issue naming the file and the key (covered 39)
      ~ W00c RC5 a repeated key at any depth is refused by the loader (spec review 3, gap 3: every folder, both files, one node per depth) ARC-8 C05 answer-key.json at depth 2, the object at transactions.2 written with its first key twice (a decoy first), is refused with a 'file' issue naming the file and the key (covered 39)
      ~ W00c RC5 a repeated key at any depth is refused by the loader (spec review 3, gap 3: every folder, both files, one node per depth) ARC-8 C05 answer-key.json at depth 3, the object at statementBalances.BRK.5 written with its first key twice (a decoy first), is refused with a 'file' issue naming the file and the key (covered 39)
      ~ W00c RC5 a repeated key at any depth is refused by the loader (spec review 3, gap 3: every folder, both files, one node per depth) ARC-8 C05 answer-key.json at depth 4, the object at transactions.21.post.1 written with its first key twice (a decoy first), is refused with a 'file' issue naming the file and the key (covered 39)
      ~ W00c RC5 a repeated key at any depth is refused by the loader (spec review 3, gap 3: every folder, both files, one node per depth) ARC-8 C05 answer-key.json at depth 5, the object at t2Inputs.schedule1.addBacks.0.source written with its first key twice (a decoy first), is refused with a 'file' issue naming the file and the key (covered 39)
      ~ W00c RC5 a repeated key at any depth is refused by the loader (spec review 3, gap 3: every folder, both files, one node per depth) ARC-8 C05 onboarding.json at depth 0, the object at (root) written with its first key twice (a decoy first), is refused with a 'file' issue naming the file and the key (covered 40)
      ~ W00c RC5 a repeated key at any depth is refused by the loader (spec review 3, gap 3: every folder, both files, one node per depth) ARC-8 C05 onboarding.json at depth 1, the object at staff written with its first key twice (a decoy first), is refused with a 'file' issue naming the file and the key (covered 40)
      ~ W00c RC5 a repeated key at any depth is refused by the loader (spec review 3, gap 3: every folder, both files, one node per depth) ARC-8 C05 onboarding.json at depth 2, the object at accounts_provided.0 written with its first key twice (a decoy first), is refused with a 'file' issue naming the file and the key (covered 40)
      ~ W00c RC5 a repeated key at any depth is refused by the loader (spec review 3, gap 3: every folder, both files, one node per depth) ARC-8 C05 onboarding.json at depth 3, the object at prior_year_closing_balances.accounts.3 written with its first key twice (a decoy first), is refused with a 'file' issue naming the file and the key (covered 40)
      ~ W00c RC5 a repeated key at any depth is refused by the loader (spec review 3, gap 3: every folder, both files, one node per depth) ARC-8 C06 answer-key.json at depth 0, the object at (root) written with its first key twice (a decoy first), is refused with a 'file' issue naming the file and the key (covered 39)
      ~ W00c RC5 a repeated key at any depth is refused by the loader (spec review 3, gap 3: every folder, both files, one node per depth) ARC-8 C06 answer-key.json at depth 1, the object at hst written with its first key twice (a decoy first), is refused with a 'file' issue naming the file and the key (covered 39)
      ~ W00c RC5 a repeated key at any depth is refused by the loader (spec review 3, gap 3: every folder, both files, one node per depth) ARC-8 C06 answer-key.json at depth 2, the object at fx.monthly written with its first key twice (a decoy first), is refused with a 'file' issue naming the file and the key (covered 39)
      ~ W00c RC5 a repeated key at any depth is refused by the loader (spec review 3, gap 3: every folder, both files, one node per depth) ARC-8 C06 answer-key.json at depth 3, the object at transactions.445.parts written with its first key twice (a decoy first), is refused with a 'file' issue naming the file and the key (covered 39)
      ~ W00c RC5 a repeated key at any depth is refused by the loader (spec review 3, gap 3: every folder, both files, one node per depth) ARC-8 C06 answer-key.json at depth 4, the object at transactions.36.post.2 written with its first key twice (a decoy first), is refused with a 'file' issue naming the file and the key (covered 39)
      ~ W00c RC5 a repeated key at any depth is refused by the loader (spec review 3, gap 3: every folder, both files, one node per depth) ARC-8 C06 onboarding.json at depth 0, the object at (root) written with its first key twice (a decoy first), is refused with a 'file' issue naming the file and the key (covered 41)
      ~ W00c RC5 a repeated key at any depth is refused by the loader (spec review 3, gap 3: every folder, both files, one node per depth) ARC-8 C06 onboarding.json at depth 1, the object at prior_year_closing_balances written with its first key twice (a decoy first), is refused with a 'file' issue naming the file and the key (covered 41)
      ~ W00c RC5 a repeated key at any depth is refused by the loader (spec review 3, gap 3: every folder, both files, one node per depth) ARC-8 C06 onboarding.json at depth 2, the object at cra_program_accounts.1 written with its first key twice (a decoy first), is refused with a 'file' issue naming the file and the key (covered 41)
      ~ W00c RC5 a repeated key at any depth is refused by the loader (spec review 3, gap 3: every folder, both files, one node per depth) ARC-8 C06 onboarding.json at depth 3, the object at prior_year_closing_balances.accounts.2 written with its first key twice (a decoy first), is refused with a 'file' issue naming the file and the key (covered 41)
      ~ W00c RC5 a repeated key at any depth is refused by the loader (spec review 3, gap 3: every folder, both files, one node per depth) ARC-8 C07 answer-key.json at depth 0, the object at (root) written with its first key twice (a decoy first), is refused with a 'file' issue naming the file and the key (covered 30)
      ~ W00c RC5 a repeated key at any depth is refused by the loader (spec review 3, gap 3: every folder, both files, one node per depth) ARC-8 C07 answer-key.json at depth 1, the object at generator written with its first key twice (a decoy first), is refused with a 'file' issue naming the file and the key (covered 30)
      ~ W00c RC5 a repeated key at any depth is refused by the loader (spec review 3, gap 3: every folder, both files, one node per depth) ARC-8 C07 answer-key.json at depth 2, the object at parties.7 written with its first key twice (a decoy first), is refused with a 'file' issue naming the file and the key (covered 30)
      ~ W00c RC5 a repeated key at any depth is refused by the loader (spec review 3, gap 3: every folder, both files, one node per depth) ARC-8 C07 answer-key.json at depth 3, the object at statementBalances.CHQ.10 written with its first key twice (a decoy first), is refused with a 'file' issue naming the file and the key (covered 30)
      ~ W00c RC5 a repeated key at any depth is refused by the loader (spec review 3, gap 3: every folder, both files, one node per depth) ARC-8 C07 answer-key.json at depth 4, the object at transactions.32.post.0 written with its first key twice (a decoy first), is refused with a 'file' issue naming the file and the key (covered 30)
      ~ W00c RC5 a repeated key at any depth is refused by the loader (spec review 3, gap 3: every folder, both files, one node per depth) ARC-8 C07 answer-key.json at depth 5, the object at t2Inputs.schedule1.addBacks.0.source written with its first key twice (a decoy first), is refused with a 'file' issue naming the file and the key (covered 30)
      ~ W00c RC5 a repeated key at any depth is refused by the loader (spec review 3, gap 3: every folder, both files, one node per depth) ARC-8 C07 answer-key.json at depth 6, the object at t2Inputs.schedule8.classes.0.additions.0 written with its first key twice (a decoy first), is refused with a 'file' issue naming the file and the key (covered 30)
      ~ W00c RC5 a repeated key at any depth is refused by the loader (spec review 3, gap 3: every folder, both files, one node per depth) ARC-8 C07 onboarding.json at depth 0, the object at (root) written with its first key twice (a decoy first), is refused with a 'file' issue naming the file and the key (covered 41)
      ~ W00c RC5 a repeated key at any depth is refused by the loader (spec review 3, gap 3: every folder, both files, one node per depth) ARC-8 C07 onboarding.json at depth 1, the object at staff written with its first key twice (a decoy first), is refused with a 'file' issue naming the file and the key (covered 41)
      ~ W00c RC5 a repeated key at any depth is refused by the loader (spec review 3, gap 3: every folder, both files, one node per depth) ARC-8 C07 onboarding.json at depth 2, the object at tenants.1 written with its first key twice (a decoy first), is refused with a 'file' issue naming the file and the key (covered 41)
      ~ W00c RC5 a repeated key at any depth is refused by the loader (spec review 3, gap 3: every folder, both files, one node per depth) ARC-8 C07 onboarding.json at depth 3, the object at prior_year_closing_balances.accounts.3 written with its first key twice (a decoy first), is refused with a 'file' issue naming the file and the key (covered 41)
      ~ W00c RC5 a repeated key at any depth is refused by the loader (spec review 3, gap 3: every folder, both files, one node per depth) ARC-8 C08 answer-key.json at depth 0, the object at (root) written with its first key twice (a decoy first), is refused with a 'file' issue naming the file and the key (covered 30)
      ~ W00c RC5 a repeated key at any depth is refused by the loader (spec review 3, gap 3: every folder, both files, one node per depth) ARC-8 C08 answer-key.json at depth 1, the object at trialBalance written with its first key twice (a decoy first), is refused with a 'file' issue naming the file and the key (covered 30)
      ~ W00c RC5 a repeated key at any depth is refused by the loader (spec review 3, gap 3: every folder, both files, one node per depth) ARC-8 C08 answer-key.json at depth 2, the object at transactions.1023 written with its first key twice (a decoy first), is refused with a 'file' issue naming the file and the key (covered 30)
      ~ W00c RC5 a repeated key at any depth is refused by the loader (spec review 3, gap 3: every folder, both files, one node per depth) ARC-8 C08 answer-key.json at depth 3, the object at flags.7.evidence written with its first key twice (a decoy first), is refused with a 'file' issue naming the file and the key (covered 30)
      ~ W00c RC5 a repeated key at any depth is refused by the loader (spec review 3, gap 3: every folder, both files, one node per depth) ARC-8 C08 answer-key.json at depth 4, the object at transactions.3.post.1 written with its first key twice (a decoy first), is refused with a 'file' issue naming the file and the key (covered 30)
      ~ W00c RC5 a repeated key at any depth is refused by the loader (spec review 3, gap 3: every folder, both files, one node per depth) ARC-8 C08 answer-key.json at depth 5, the object at t2Inputs.schedule1.addBacks.1.source written with its first key twice (a decoy first), is refused with a 'file' issue naming the file and the key (covered 30)
      ~ W00c RC5 a repeated key at any depth is refused by the loader (spec review 3, gap 3: every folder, both files, one node per depth) ARC-8 C08 answer-key.json at depth 6, the object at t2Inputs.schedule8.classes.0.additions.0 written with its first key twice (a decoy first), is refused with a 'file' issue naming the file and the key (covered 30)
      ~ W00c RC5 a repeated key at any depth is refused by the loader (spec review 3, gap 3: every folder, both files, one node per depth) ARC-8 C08 onboarding.json at depth 0, the object at (root) written with its first key twice (a decoy first), is refused with a 'file' issue naming the file and the key (covered 41)
      ~ W00c RC5 a repeated key at any depth is refused by the loader (spec review 3, gap 3: every folder, both files, one node per depth) ARC-8 C08 onboarding.json at depth 1, the object at fx written with its first key twice (a decoy first), is refused with a 'file' issue naming the file and the key (covered 41)
      ~ W00c RC5 a repeated key at any depth is refused by the loader (spec review 3, gap 3: every folder, both files, one node per depth) ARC-8 C08 onboarding.json at depth 2, the object at accounts_provided.0 written with its first key twice (a decoy first), is refused with a 'file' issue naming the file and the key (covered 41)
      ~ W00c RC5 a repeated key at any depth is refused by the loader (spec review 3, gap 3: every folder, both files, one node per depth) ARC-8 C08 onboarding.json at depth 3, the object at prior_year_closing_balances.accounts.10 written with its first key twice (a decoy first), is refused with a 'file' issue naming the file and the key (covered 41)
      ~ W00c RC5 a repeated key at any depth is refused by the loader (spec review 3, gap 3: every folder, both files, one node per depth) ARC-8 C09 answer-key.json at depth 0, the object at (root) written with its first key twice (a decoy first), is refused with a 'file' issue naming the file and the key (covered 39)
      ~ W00c RC5 a repeated key at any depth is refused by the loader (spec review 3, gap 3: every folder, both files, one node per depth) ARC-8 C09 answer-key.json at depth 1, the object at fiscalYear written with its first key twice (a decoy first), is refused with a 'file' issue naming the file and the key (covered 39)
      ~ W00c RC5 a repeated key at any depth is refused by the loader (spec review 3, gap 3: every folder, both files, one node per depth) ARC-8 C09 answer-key.json at depth 2, the object at transactions.333 written with its first key twice (a decoy first), is refused with a 'file' issue naming the file and the key (covered 39)
      ~ W00c RC5 a repeated key at any depth is refused by the loader (spec review 3, gap 3: every folder, both files, one node per depth) ARC-8 C09 answer-key.json at depth 3, the object at statementBalances.CHQ.1 written with its first key twice (a decoy first), is refused with a 'file' issue naming the file and the key (covered 39)
      ~ W00c RC5 a repeated key at any depth is refused by the loader (spec review 3, gap 3: every folder, both files, one node per depth) ARC-8 C09 answer-key.json at depth 4, the object at transactions.4.post.0 written with its first key twice (a decoy first), is refused with a 'file' issue naming the file and the key (covered 39)
      ~ W00c RC5 a repeated key at any depth is refused by the loader (spec review 3, gap 3: every folder, both files, one node per depth) ARC-8 C09 answer-key.json at depth 5, the object at t2Inputs.schedule1.addBacks.0.source written with its first key twice (a decoy first), is refused with a 'file' issue naming the file and the key (covered 39)
      ~ W00c RC5 a repeated key at any depth is refused by the loader (spec review 3, gap 3: every folder, both files, one node per depth) ARC-8 C09 answer-key.json at depth 6, the object at t2Inputs.schedule8.classes.1.additions.0 written with its first key twice (a decoy first), is refused with a 'file' issue naming the file and the key (covered 39)
      ~ W00c RC5 a repeated key at any depth is refused by the loader (spec review 3, gap 3: every folder, both files, one node per depth) ARC-8 C09 onboarding.json at depth 0, the object at (root) written with its first key twice (a decoy first), is refused with a 'file' issue naming the file and the key (covered 41)
      ~ W00c RC5 a repeated key at any depth is refused by the loader (spec review 3, gap 3: every folder, both files, one node per depth) ARC-8 C09 onboarding.json at depth 1, the object at prior_year_closing_balances written with its first key twice (a decoy first), is refused with a 'file' issue naming the file and the key (covered 41)
      ~ W00c RC5 a repeated key at any depth is refused by the loader (spec review 3, gap 3: every folder, both files, one node per depth) ARC-8 C09 onboarding.json at depth 2, the object at shareholder_loans.1 written with its first key twice (a decoy first), is refused with a 'file' issue naming the file and the key (covered 41)
      ~ W00c RC5 a repeated key at any depth is refused by the loader (spec review 3, gap 3: every folder, both files, one node per depth) ARC-8 C09 onboarding.json at depth 3, the object at shares.holders.0 written with its first key twice (a decoy first), is refused with a 'file' issue naming the file and the key (covered 41)
      ~ W00c RC5 a repeated key at any depth is refused by the loader (spec review 3, gap 3: every folder, both files, one node per depth) ARC-8 C10 answer-key.json at depth 0, the object at (root) written with its first key twice (a decoy first), is refused with a 'file' issue naming the file and the key (covered 30)
      ~ W00c RC5 a repeated key at any depth is refused by the loader (spec review 3, gap 3: every folder, both files, one node per depth) ARC-8 C10 answer-key.json at depth 1, the object at generator written with its first key twice (a decoy first), is refused with a 'file' issue naming the file and the key (covered 30)
      ~ W00c RC5 a repeated key at any depth is refused by the loader (spec review 3, gap 3: every folder, both files, one node per depth) ARC-8 C10 answer-key.json at depth 2, the object at transactions.222 written with its first key twice (a decoy first), is refused with a 'file' issue naming the file and the key (covered 30)
      ~ W00c RC5 a repeated key at any depth is refused by the loader (spec review 3, gap 3: every folder, both files, one node per depth) ARC-8 C10 answer-key.json at depth 3, the object at statementBalances.CHQ.1 written with its first key twice (a decoy first), is refused with a 'file' issue naming the file and the key (covered 30)
      ~ W00c RC5 a repeated key at any depth is refused by the loader (spec review 3, gap 3: every folder, both files, one node per depth) ARC-8 C10 answer-key.json at depth 4, the object at transactions.3.post.1 written with its first key twice (a decoy first), is refused with a 'file' issue naming the file and the key (covered 30)
      ~ W00c RC5 a repeated key at any depth is refused by the loader (spec review 3, gap 3: every folder, both files, one node per depth) ARC-8 C10 answer-key.json at depth 5, the object at t2Inputs.schedule1.addBacks.1.source written with its first key twice (a decoy first), is refused with a 'file' issue naming the file and the key (covered 30)
      ~ W00c RC5 a repeated key at any depth is refused by the loader (spec review 3, gap 3: every folder, both files, one node per depth) ARC-8 C10 answer-key.json at depth 6, the object at t2Inputs.schedule8.classes.0.additions.0 written with its first key twice (a decoy first), is refused with a 'file' issue naming the file and the key (covered 30)
      ~ W00c RC5 a repeated key at any depth is refused by the loader (spec review 3, gap 3: every folder, both files, one node per depth) ARC-8 C10 onboarding.json at depth 0, the object at (root) written with its first key twice (a decoy first), is refused with a 'file' issue naming the file and the key (covered 41)
      ~ W00c RC5 a repeated key at any depth is refused by the loader (spec review 3, gap 3: every folder, both files, one node per depth) ARC-8 C10 onboarding.json at depth 1, the object at staff written with its first key twice (a decoy first), is refused with a 'file' issue naming the file and the key (covered 41)
      ~ W00c RC5 a repeated key at any depth is refused by the loader (spec review 3, gap 3: every folder, both files, one node per depth) ARC-8 C10 onboarding.json at depth 2, the object at accounts_provided.1 written with its first key twice (a decoy first), is refused with a 'file' issue naming the file and the key (covered 41)
      ~ W00c RC5 a repeated key at any depth is refused by the loader (spec review 3, gap 3: every folder, both files, one node per depth) ARC-8 C10 onboarding.json at depth 3, the object at prior_year_closing_balances.accounts.1 written with its first key twice (a decoy first), is refused with a 'file' issue naming the file and the key (covered 41)
      ~ W00c RC5 a repeated key at any depth is refused by the loader (spec review 3, gap 3: every folder, both files, one node per depth) ARC-8 C11 answer-key.json at depth 0, the object at (root) written with its first key twice (a decoy first), is refused with a 'file' issue naming the file and the key (covered 30)
      ~ W00c RC5 a repeated key at any depth is refused by the loader (spec review 3, gap 3: every folder, both files, one node per depth) ARC-8 C11 answer-key.json at depth 1, the object at generator written with its first key twice (a decoy first), is refused with a 'file' issue naming the file and the key (covered 30)
      ~ W00c RC5 a repeated key at any depth is refused by the loader (spec review 3, gap 3: every folder, both files, one node per depth) ARC-8 C11 answer-key.json at depth 2, the object at transactions.211 written with its first key twice (a decoy first), is refused with a 'file' issue naming the file and the key (covered 30)
      ~ W00c RC5 a repeated key at any depth is refused by the loader (spec review 3, gap 3: every folder, both files, one node per depth) ARC-8 C11 answer-key.json at depth 3, the object at flags.1.evidence written with its first key twice (a decoy first), is refused with a 'file' issue naming the file and the key (covered 30)
      ~ W00c RC5 a repeated key at any depth is refused by the loader (spec review 3, gap 3: every folder, both files, one node per depth) ARC-8 C11 answer-key.json at depth 4, the object at transactions.0.post.0 written with its first key twice (a decoy first), is refused with a 'file' issue naming the file and the key (covered 30)
      ~ W00c RC5 a repeated key at any depth is refused by the loader (spec review 3, gap 3: every folder, both files, one node per depth) ARC-8 C11 answer-key.json at depth 5, the object at t2Inputs.schedule1.addBacks.0.source written with its first key twice (a decoy first), is refused with a 'file' issue naming the file and the key (covered 30)
      ~ W00c RC5 a repeated key at any depth is refused by the loader (spec review 3, gap 3: every folder, both files, one node per depth) ARC-8 C11 answer-key.json at depth 6, the object at t2Inputs.schedule8.classes.0.additions.0 written with its first key twice (a decoy first), is refused with a 'file' issue naming the file and the key (covered 30)
      ~ W00c RC5 a repeated key at any depth is refused by the loader (spec review 3, gap 3: every folder, both files, one node per depth) ARC-8 C11 onboarding.json at depth 0, the object at (root) written with its first key twice (a decoy first), is refused with a 'file' issue naming the file and the key (covered 41)
      ~ W00c RC5 a repeated key at any depth is refused by the loader (spec review 3, gap 3: every folder, both files, one node per depth) ARC-8 C11 onboarding.json at depth 1, the object at corporation written with its first key twice (a decoy first), is refused with a 'file' issue naming the file and the key (covered 41)
      ~ W00c RC5 a repeated key at any depth is refused by the loader (spec review 3, gap 3: every folder, both files, one node per depth) ARC-8 C11 onboarding.json at depth 2, the object at cra_program_accounts.1 written with its first key twice (a decoy first), is refused with a 'file' issue naming the file and the key (covered 41)
      ~ W00c RC5 a repeated key at any depth is refused by the loader (spec review 3, gap 3: every folder, both files, one node per depth) ARC-8 C11 onboarding.json at depth 3, the object at prior_year_closing_balances.accounts.9 written with its first key twice (a decoy first), is refused with a 'file' issue naming the file and the key (covered 41)
      ~ W00c RC5 a repeated key at any depth is refused by the loader (spec review 3, gap 3: every folder, both files, one node per depth) ARC-8 C12 answer-key.json at depth 0, the object at (root) written with its first key twice (a decoy first), is refused with a 'file' issue naming the file and the key (covered 30)
      ~ W00c RC5 a repeated key at any depth is refused by the loader (spec review 3, gap 3: every folder, both files, one node per depth) ARC-8 C12 answer-key.json at depth 1, the object at t2Inputs written with its first key twice (a decoy first), is refused with a 'file' issue naming the file and the key (covered 30)
      ~ W00c RC5 a repeated key at any depth is refused by the loader (spec review 3, gap 3: every folder, both files, one node per depth) ARC-8 C12 answer-key.json at depth 2, the object at adjustingEntries.0 written with its first key twice (a decoy first), is refused with a 'file' issue naming the file and the key (covered 30)
      ~ W00c RC5 a repeated key at any depth is refused by the loader (spec review 3, gap 3: every folder, both files, one node per depth) ARC-8 C12 answer-key.json at depth 3, the object at t2Inputs.lines.0 written with its first key twice (a decoy first), is refused with a 'file' issue naming the file and the key (covered 30)
      ~ W00c RC5 a repeated key at any depth is refused by the loader (spec review 3, gap 3: every folder, both files, one node per depth) ARC-8 C12 answer-key.json at depth 4, the object at t2Inputs.lines.0.source written with its first key twice (a decoy first), is refused with a 'file' issue naming the file and the key (covered 30)
      ~ W00c RC5 a repeated key at any depth is refused by the loader (spec review 3, gap 3: every folder, both files, one node per depth) ARC-8 C12 answer-key.json at depth 5, the object at trialBalance.unadjusted.rows.0.source written with its first key twice (a decoy first), is refused with a 'file' issue naming the file and the key (covered 30)
      ~ W00c RC5 a repeated key at any depth is refused by the loader (spec review 3, gap 3: every folder, both files, one node per depth) ARC-8 C12 onboarding.json at depth 0, the object at (root) written with its first key twice (a decoy first), is refused with a 'file' issue naming the file and the key (covered 40)
      ~ W00c RC5 a repeated key at any depth is refused by the loader (spec review 3, gap 3: every folder, both files, one node per depth) ARC-8 C12 onboarding.json at depth 1, the object at prior_year_closing_balances written with its first key twice (a decoy first), is refused with a 'file' issue naming the file and the key (covered 40)
      ~ W00c RC5 a repeated key at any depth is refused by the loader (spec review 3, gap 3: every folder, both files, one node per depth) ARC-8 C12 onboarding.json at depth 2, the object at owners.0 written with its first key twice (a decoy first), is refused with a 'file' issue naming the file and the key (covered 40)
      ~ W00c RC5 a repeated key at any depth is refused by the loader (spec review 3, gap 3: every folder, both files, one node per depth) ARC-8 C12 onboarding.json at depth 3, the object at prior_year_closing_balances.accounts.1 written with its first key twice (a decoy first), is refused with a 'file' issue naming the file and the key (covered 40)
      ~ W00c RC5 a repeated key at any depth is refused by the loader (spec review 3, gap 3: every folder, both files, one node per depth) ARC-8 C12 onboarding.json at depth 4, the object at prior_year_closing_balances.accounts.0.source written with its first key twice (a decoy first), is refused with a 'file' issue naming the file and the key (covered 40)
      ~ W00c RC5 a repeated key at any depth is refused by the loader (spec review 3, gap 3: every folder, both files, one node per depth) ARC-8 C13 answer-key.json at depth 0, the object at (root) written with its first key twice (a decoy first), is refused with a 'file' issue naming the file and the key (covered 30)
      ~ W00c RC5 a repeated key at any depth is refused by the loader (spec review 3, gap 3: every folder, both files, one node per depth) ARC-8 C13 answer-key.json at depth 1, the object at ohip written with its first key twice (a decoy first), is refused with a 'file' issue naming the file and the key (covered 30)
      ~ W00c RC5 a repeated key at any depth is refused by the loader (spec review 3, gap 3: every folder, both files, one node per depth) ARC-8 C13 answer-key.json at depth 2, the object at transactions.3 written with its first key twice (a decoy first), is refused with a 'file' issue naming the file and the key (covered 30)
      ~ W00c RC5 a repeated key at any depth is refused by the loader (spec review 3, gap 3: every folder, both files, one node per depth) ARC-8 C13 answer-key.json at depth 3, the object at flags.1.evidence written with its first key twice (a decoy first), is refused with a 'file' issue naming the file and the key (covered 30)
      ~ W00c RC5 a repeated key at any depth is refused by the loader (spec review 3, gap 3: every folder, both files, one node per depth) ARC-8 C13 answer-key.json at depth 4, the object at transactions.114.post.1 written with its first key twice (a decoy first), is refused with a 'file' issue naming the file and the key (covered 30)
      ~ W00c RC5 a repeated key at any depth is refused by the loader (spec review 3, gap 3: every folder, both files, one node per depth) ARC-8 C13 answer-key.json at depth 5, the object at ohip.raStatements.2.lines.0 written with its first key twice (a decoy first), is refused with a 'file' issue naming the file and the key (covered 30)
      ~ W00c RC5 a repeated key at any depth is refused by the loader (spec review 3, gap 3: every folder, both files, one node per depth) ARC-8 C13 answer-key.json at depth 6, the object at t2Inputs.schedule8.classes.0.additions.0 written with its first key twice (a decoy first), is refused with a 'file' issue naming the file and the key (covered 30)
      ~ W00c RC5 a repeated key at any depth is refused by the loader (spec review 3, gap 3: every folder, both files, one node per depth) ARC-8 C13 onboarding.json at depth 0, the object at (root) written with its first key twice (a decoy first), is refused with a 'file' issue naming the file and the key (covered 41)
      ~ W00c RC5 a repeated key at any depth is refused by the loader (spec review 3, gap 3: every folder, both files, one node per depth) ARC-8 C13 onboarding.json at depth 1, the object at hst written with its first key twice (a decoy first), is refused with a 'file' issue naming the file and the key (covered 41)
      ~ W00c RC5 a repeated key at any depth is refused by the loader (spec review 3, gap 3: every folder, both files, one node per depth) ARC-8 C13 onboarding.json at depth 2, the object at cra_program_accounts.0 written with its first key twice (a decoy first), is refused with a 'file' issue naming the file and the key (covered 41)
      ~ W00c RC5 a repeated key at any depth is refused by the loader (spec review 3, gap 3: every folder, both files, one node per depth) ARC-8 C13 onboarding.json at depth 3, the object at payroll.by_month.12 written with its first key twice (a decoy first), is refused with a 'file' issue naming the file and the key (covered 41)
      ~ W00c RC5 a repeated key at any depth is refused by the loader (spec review 3, gap 3: every folder, both files, one node per depth) ARC-8 C14 answer-key.json at depth 0, the object at (root) written with its first key twice (a decoy first), is refused with a 'file' issue naming the file and the key (covered 30)
      ~ W00c RC5 a repeated key at any depth is refused by the loader (spec review 3, gap 3: every folder, both files, one node per depth) ARC-8 C14 answer-key.json at depth 1, the object at t2Inputs written with its first key twice (a decoy first), is refused with a 'file' issue naming the file and the key (covered 30)
      ~ W00c RC5 a repeated key at any depth is refused by the loader (spec review 3, gap 3: every folder, both files, one node per depth) ARC-8 C14 answer-key.json at depth 2, the object at transactions.3 written with its first key twice (a decoy first), is refused with a 'file' issue naming the file and the key (covered 30)
      ~ W00c RC5 a repeated key at any depth is refused by the loader (spec review 3, gap 3: every folder, both files, one node per depth) ARC-8 C14 answer-key.json at depth 3, the object at flags.6.evidence written with its first key twice (a decoy first), is refused with a 'file' issue naming the file and the key (covered 30)
      ~ W00c RC5 a repeated key at any depth is refused by the loader (spec review 3, gap 3: every folder, both files, one node per depth) ARC-8 C14 answer-key.json at depth 4, the object at transactions.59.post.0 written with its first key twice (a decoy first), is refused with a 'file' issue naming the file and the key (covered 30)
      ~ W00c RC5 a repeated key at any depth is refused by the loader (spec review 3, gap 3: every folder, both files, one node per depth) ARC-8 C14 answer-key.json at depth 5, the object at t2Inputs.schedule1.addBacks.0.source written with its first key twice (a decoy first), is refused with a 'file' issue naming the file and the key (covered 30)
      ~ W00c RC5 a repeated key at any depth is refused by the loader (spec review 3, gap 3: every folder, both files, one node per depth) ARC-8 C14 answer-key.json at depth 6, the object at t2Inputs.schedule8.classes.0.additions.0 written with its first key twice (a decoy first), is refused with a 'file' issue naming the file and the key (covered 30)
      ~ W00c RC5 a repeated key at any depth is refused by the loader (spec review 3, gap 3: every folder, both files, one node per depth) ARC-8 C14 onboarding.json at depth 0, the object at (root) written with its first key twice (a decoy first), is refused with a 'file' issue naming the file and the key (covered 41)
      ~ W00c RC5 a repeated key at any depth is refused by the loader (spec review 3, gap 3: every folder, both files, one node per depth) ARC-8 C14 onboarding.json at depth 1, the object at hst written with its first key twice (a decoy first), is refused with a 'file' issue naming the file and the key (covered 41)
      ~ W00c RC5 a repeated key at any depth is refused by the loader (spec review 3, gap 3: every folder, both files, one node per depth) ARC-8 C14 onboarding.json at depth 2, the object at owners.0 written with its first key twice (a decoy first), is refused with a 'file' issue naming the file and the key (covered 41)
      ~ W00c RC5 a repeated key at any depth is refused by the loader (spec review 3, gap 3: every folder, both files, one node per depth) ARC-8 C14 onboarding.json at depth 3, the object at prior_year_closing_balances.accounts.0 written with its first key twice (a decoy first), is refused with a 'file' issue naming the file and the key (covered 41)
      ~ W00c RC5 a repeated key at any depth is refused by the loader (spec review 3, gap 3: every folder, both files, one node per depth) ARC-8 C15 answer-key.json at depth 0, the object at (root) written with its first key twice (a decoy first), is refused with a 'file' issue naming the file and the key (covered 30)
      ~ W00c RC5 a repeated key at any depth is refused by the loader (spec review 3, gap 3: every folder, both files, one node per depth) ARC-8 C15 answer-key.json at depth 1, the object at fiscalYear written with its first key twice (a decoy first), is refused with a 'file' issue naming the file and the key (covered 30)
      ~ W00c RC5 a repeated key at any depth is refused by the loader (spec review 3, gap 3: every folder, both files, one node per depth) ARC-8 C15 answer-key.json at depth 2, the object at parties.12 written with its first key twice (a decoy first), is refused with a 'file' issue naming the file and the key (covered 30)
      ~ W00c RC5 a repeated key at any depth is refused by the loader (spec review 3, gap 3: every folder, both files, one node per depth) ARC-8 C15 answer-key.json at depth 3, the object at statementBalances.CHQ.1 written with its first key twice (a decoy first), is refused with a 'file' issue naming the file and the key (covered 30)
      ~ W00c RC5 a repeated key at any depth is refused by the loader (spec review 3, gap 3: every folder, both files, one node per depth) ARC-8 C15 answer-key.json at depth 4, the object at transactions.88.post.0 written with its first key twice (a decoy first), is refused with a 'file' issue naming the file and the key (covered 30)
      ~ W00c RC5 a repeated key at any depth is refused by the loader (spec review 3, gap 3: every folder, both files, one node per depth) ARC-8 C15 answer-key.json at depth 5, the object at t2Inputs.schedule1.addBacks.0.source written with its first key twice (a decoy first), is refused with a 'file' issue naming the file and the key (covered 30)
      ~ W00c RC5 a repeated key at any depth is refused by the loader (spec review 3, gap 3: every folder, both files, one node per depth) ARC-8 C15 onboarding.json at depth 0, the object at (root) written with its first key twice (a decoy first), is refused with a 'file' issue naming the file and the key (covered 41)
      ~ W00c RC5 a repeated key at any depth is refused by the loader (spec review 3, gap 3: every folder, both files, one node per depth) ARC-8 C15 onboarding.json at depth 1, the object at corporation written with its first key twice (a decoy first), is refused with a 'file' issue naming the file and the key (covered 41)
      ~ W00c RC5 a repeated key at any depth is refused by the loader (spec review 3, gap 3: every folder, both files, one node per depth) ARC-8 C15 onboarding.json at depth 2, the object at engagements.1 written with its first key twice (a decoy first), is refused with a 'file' issue naming the file and the key (covered 41)
      ~ W00c RC5 a repeated key at any depth is refused by the loader (spec review 3, gap 3: every folder, both files, one node per depth) ARC-8 C15 onboarding.json at depth 3, the object at prior_year_closing_balances.accounts.5 written with its first key twice (a decoy first), is refused with a 'file' issue naming the file and the key (covered 41)
    kinds-faults.acceptance.test.ts
      ✘ W00 kinds register (card check 6) END-9 listKinds returns K01 to K13 in order with the starting sample clients blueprint 00 names (covered 0)
      ✘ W00 kinds register (card check 6) END-9 a kind is "built" only when its folder exists, otherwise "not built" (covered 0)
      ✘ W00 kinds register (card check 6) END-9 asking for a kind that is not built fails with "not built", never skips or returns a stub (covered 0)
      ✘ W00 kinds register (card check 6) END-9 an id outside K01 to K13 is refused, naming the id (covered 0)
      ✘ W00 fault catalogue (card check 7) ARC-8 every flag in the C01 answer key is in the fault catalogue with a non-empty expected result (covered 0)
      ✘ W00 fault catalogue (card check 7) ARC-8 every flag in the C02 answer key is in the fault catalogue with a non-empty expected result (covered 0)
      ✘ W00 fault catalogue (card check 7) ARC-8 every flag in the C03 answer key is in the fault catalogue with a non-empty expected result (covered 0)
      ✘ W00 fault catalogue (card check 7) ARC-8 every flag in the C04 answer key is in the fault catalogue with a non-empty expected result (covered 0)
      ✘ W00 fault catalogue (card check 7) ARC-8 every flag in the C05 answer key is in the fault catalogue with a non-empty expected result (covered 0)
      ✘ W00 fault catalogue (card check 7) ARC-8 every flag in the C06 answer key is in the fault catalogue with a non-empty expected result (covered 0)
      ✘ W00 fault catalogue (card check 7) ARC-8 every flag in the C07 answer key is in the fault catalogue with a non-empty expected result (covered 0)
      ✘ W00 fault catalogue (card check 7) ARC-8 every flag in the C08 answer key is in the fault catalogue with a non-empty expected result (covered 0)
      ✘ W00 fault catalogue (card check 7) ARC-8 every flag in the C09 answer key is in the fault catalogue with a non-empty expected result (covered 0)
      ✘ W00 fault catalogue (card check 7) ARC-8 every flag in the C10 answer key is in the fault catalogue with a non-empty expected result (covered 0)
      ✘ W00 fault catalogue (card check 7) ARC-8 every flag in the C11 answer key is in the fault catalogue with a non-empty expected result (covered 0)
      ✘ W00 fault catalogue (card check 7) ARC-8 every flag in the C12 answer key is in the fault catalogue with a non-empty expected result (covered 0)
      ✘ W00 fault catalogue (card check 7) ARC-8 every flag in the C13 answer key is in the fault catalogue with a non-empty expected result (covered 0)
      ✘ W00 fault catalogue (card check 7) ARC-8 every flag in the C14 answer key is in the fault catalogue with a non-empty expected result (covered 0)
      ✘ W00 fault catalogue (card check 7) ARC-8 every flag in the C15 answer key is in the fault catalogue with a non-empty expected result (covered 0)
      ✘ W00 fault catalogue (card check 7) ARC-8 the catalogue names no flag a sample client does not have, and every entry has an owner and a unique id (covered 0)
      ✘ W00 fault catalogue (card check 7) ARC-8 the catalogue holds the roll waivers by client, account and month: exactly C10 CHQ 2025-03 and 2025-05 (covered 0)
      ✘ W00 fault catalogue (card check 7) ARC-8 the catalogue is hand-written: testworld/model/faults.ts never reads the answer keys or the loader (covered 0)
    kinds.test.ts
      ✘ listKinds END-9 lists the thirteen kinds in order with the blueprint start points (covered 0)
      ✘ listKinds END-9 a kind is built exactly when its own folder testworld/kinds/<id> exists (covered 0)
      ✘ loadKind END-9 a built kind loads with its entry and its folder (covered 0)
      ✘ loadKind END-9 loading one built kind does not pick another kind (covered 0)
      ✘ loadKind END-9 a kind with no folder throws "not built" with its id and folder text (covered 0)
      ✘ loadKind END-9 an id outside K01 to K13 throws naming the id (covered 0)
    links.acceptance.test.ts
      ✘ W00c RC4 the walk ARC-8 the walk finds account files under accounts/ and qbo/ in every folder with accounts (covered 0)
      ✓ W00c RC4 an account file is checked where it resolves (every account of every folder) ARC-8 C01 CHQ file set to accounts/zz-(Test).csv, a link to ../answer-key.json, is refused with a 'file' issue naming the account and the field (killed 27)
      ~ W00c RC4 an account file is checked where it resolves (every account of every folder) ARC-8 C01 BCD file set to accounts/zz-(Test).csv, a link to ../answer-key.json, is refused with a 'file' issue naming the account and the field (covered 259)
      ~ W00c RC4 an account file is checked where it resolves (every account of every folder) ARC-8 C01 PCD file set to accounts/zz-(Test).csv, a link to ../answer-key.json, is refused with a 'file' issue naming the account and the field (covered 259)
      ~ W00c RC4 an account file is checked where it resolves (every account of every folder) ARC-8 C02 CHQ file set to accounts/zz-(Test).csv, a link to ../answer-key.json, is refused with a 'file' issue naming the account and the field (covered 259)
      ~ W00c RC4 an account file is checked where it resolves (every account of every folder) ARC-8 C02 BCD file set to accounts/zz-(Test).csv, a link to ../answer-key.json, is refused with a 'file' issue naming the account and the field (covered 259)
      ~ W00c RC4 an account file is checked where it resolves (every account of every folder) ARC-8 C03 CHQ file set to accounts/zz-(Test).csv, a link to ../answer-key.json, is refused with a 'file' issue naming the account and the field (covered 259)
      ~ W00c RC4 an account file is checked where it resolves (every account of every folder) ARC-8 C03 BCD file set to accounts/zz-(Test).csv, a link to ../answer-key.json, is refused with a 'file' issue naming the account and the field (covered 259)
      ~ W00c RC4 an account file is checked where it resolves (every account of every folder) ARC-8 C04 CHQ file set to accounts/zz-(Test).csv, a link to ../answer-key.json, is refused with a 'file' issue naming the account and the field (covered 259)
      ~ W00c RC4 an account file is checked where it resolves (every account of every folder) ARC-8 C04 BCD file set to accounts/zz-(Test).csv, a link to ../answer-key.json, is refused with a 'file' issue naming the account and the field (covered 259)
      ~ W00c RC4 an account file is checked where it resolves (every account of every folder) ARC-8 C05 CHQ file set to accounts/zz-(Test).csv, a link to ../answer-key.json, is refused with a 'file' issue naming the account and the field (covered 238)
      ~ W00c RC4 an account file is checked where it resolves (every account of every folder) ARC-8 C05 BRK file set to accounts/zz-(Test).csv, a link to ../answer-key.json, is refused with a 'file' issue naming the account and the field (covered 238)
      ~ W00c RC4 an account file is checked where it resolves (every account of every folder) ARC-8 C06 CHQ file set to accounts/zz-(Test).csv, a link to ../answer-key.json, is refused with a 'file' issue naming the account and the field (covered 256)
      ~ W00c RC4 an account file is checked where it resolves (every account of every folder) ARC-8 C06 USD file set to accounts/zz-(Test).csv, a link to ../answer-key.json, is refused with a 'file' issue naming the account and the field (covered 256)
      ~ W00c RC4 an account file is checked where it resolves (every account of every folder) ARC-8 C06 BCD file set to accounts/zz-(Test).csv, a link to ../answer-key.json, is refused with a 'file' issue naming the account and the field (covered 256)
      ~ W00c RC4 an account file is checked where it resolves (every account of every folder) ARC-8 C07 CHQ file set to accounts/zz-(Test).csv, a link to ../answer-key.json, is refused with a 'file' issue naming the account and the field (covered 270)
      ~ W00c RC4 an account file is checked where it resolves (every account of every folder) ARC-8 C08 CHQ file set to accounts/zz-(Test).csv, a link to ../answer-key.json, is refused with a 'file' issue naming the account and the field (covered 270)
      ~ W00c RC4 an account file is checked where it resolves (every account of every folder) ARC-8 C08 USD file set to accounts/zz-(Test).csv, a link to ../answer-key.json, is refused with a 'file' issue naming the account and the field (covered 270)
      ~ W00c RC4 an account file is checked where it resolves (every account of every folder) ARC-8 C08 BCD file set to accounts/zz-(Test).csv, a link to ../answer-key.json, is refused with a 'file' issue naming the account and the field (covered 270)
      ~ W00c RC4 an account file is checked where it resolves (every account of every folder) ARC-8 C08 PCD file set to accounts/zz-(Test).csv, a link to ../answer-key.json, is refused with a 'file' issue naming the account and the field (covered 270)
      ✓ W00c RC4 an account file is checked where it resolves (every account of every folder) ARC-8 C09 CHQ file set to accounts/zz-(Test).csv, a link to ../answer-key.json, is refused with a 'file' issue naming the account and the field (killed 1)
      ~ W00c RC4 an account file is checked where it resolves (every account of every folder) ARC-8 C09 BCD file set to accounts/zz-(Test).csv, a link to ../answer-key.json, is refused with a 'file' issue naming the account and the field (covered 261)
      ~ W00c RC4 an account file is checked where it resolves (every account of every folder) ARC-8 C10 CHQ file set to accounts/zz-(Test).csv, a link to ../answer-key.json, is refused with a 'file' issue naming the account and the field (covered 259)
      ~ W00c RC4 an account file is checked where it resolves (every account of every folder) ARC-8 C10 BCD file set to accounts/zz-(Test).csv, a link to ../answer-key.json, is refused with a 'file' issue naming the account and the field (covered 259)
      ~ W00c RC4 an account file is checked where it resolves (every account of every folder) ARC-8 C11 CHQ file set to accounts/zz-(Test).csv, a link to ../answer-key.json, is refused with a 'file' issue naming the account and the field (covered 259)
      ~ W00c RC4 an account file is checked where it resolves (every account of every folder) ARC-8 C11 BCD file set to accounts/zz-(Test).csv, a link to ../answer-key.json, is refused with a 'file' issue naming the account and the field (covered 259)
      ~ W00c RC4 an account file is checked where it resolves (every account of every folder) ARC-8 C13 CHQ file set to accounts/zz-(Test).csv, a link to ../answer-key.json, is refused with a 'file' issue naming the account and the field (covered 259)
      ~ W00c RC4 an account file is checked where it resolves (every account of every folder) ARC-8 C13 BCD file set to accounts/zz-(Test).csv, a link to ../answer-key.json, is refused with a 'file' issue naming the account and the field (covered 259)
      ~ W00c RC4 an account file is checked where it resolves (every account of every folder) ARC-8 C14 CHQ file set to accounts/zz-(Test).csv, a link to ../answer-key.json, is refused with a 'file' issue naming the account and the field (covered 260)
      ~ W00c RC4 an account file is checked where it resolves (every account of every folder) ARC-8 C14 BCD file set to accounts/zz-(Test).csv, a link to ../answer-key.json, is refused with a 'file' issue naming the account and the field (covered 260)
      ~ W00c RC4 an account file is checked where it resolves (every account of every folder) ARC-8 C15 CHQ file set to accounts/zz-(Test).csv, a link to ../answer-key.json, is refused with a 'file' issue naming the account and the field (covered 260)
      ~ W00c RC4 an account file is checked where it resolves (every account of every folder) ARC-8 C15 BCD file set to accounts/zz-(Test).csv, a link to ../answer-key.json, is refused with a 'file' issue naming the account and the field (covered 260)
      ✓ W00c RC4 an account file is checked where it resolves (every account of every folder) ARC-8 C01 CHQ file set to accounts/x-(Test).csv, a link to its own qbo CSV, is refused with a 'file' issue naming the account and the field (killed 2)
      ~ W00c RC4 an account file is checked where it resolves (every account of every folder) ARC-8 C01 BCD file set to accounts/x-(Test).csv, a link to its own qbo CSV, is refused with a 'file' issue naming the account and the field (covered 259)
      ~ W00c RC4 an account file is checked where it resolves (every account of every folder) ARC-8 C01 PCD file set to accounts/x-(Test).csv, a link to its own qbo CSV, is refused with a 'file' issue naming the account and the field (covered 259)
      ~ W00c RC4 an account file is checked where it resolves (every account of every folder) ARC-8 C02 CHQ file set to accounts/x-(Test).csv, a link to its own qbo CSV, is refused with a 'file' issue naming the account and the field (covered 259)
      ~ W00c RC4 an account file is checked where it resolves (every account of every folder) ARC-8 C02 BCD file set to accounts/x-(Test).csv, a link to its own qbo CSV, is refused with a 'file' issue naming the account and the field (covered 259)
      ~ W00c RC4 an account file is checked where it resolves (every account of every folder) ARC-8 C03 CHQ file set to accounts/x-(Test).csv, a link to its own qbo CSV, is refused with a 'file' issue naming the account and the field (covered 259)
      ~ W00c RC4 an account file is checked where it resolves (every account of every folder) ARC-8 C03 BCD file set to accounts/x-(Test).csv, a link to its own qbo CSV, is refused with a 'file' issue naming the account and the field (covered 259)
      ~ W00c RC4 an account file is checked where it resolves (every account of every folder) ARC-8 C04 CHQ file set to accounts/x-(Test).csv, a link to its own qbo CSV, is refused with a 'file' issue naming the account and the field (covered 259)
      ~ W00c RC4 an account file is checked where it resolves (every account of every folder) ARC-8 C04 BCD file set to accounts/x-(Test).csv, a link to its own qbo CSV, is refused with a 'file' issue naming the account and the field (covered 259)
      ~ W00c RC4 an account file is checked where it resolves (every account of every folder) ARC-8 C05 CHQ file set to accounts/x-(Test).csv, a link to its own qbo CSV, is refused with a 'file' issue naming the account and the field (covered 238)
      ~ W00c RC4 an account file is checked where it resolves (every account of every folder) ARC-8 C05 BRK file set to accounts/x-(Test).csv, a link to its own qbo CSV, is refused with a 'file' issue naming the account and the field (covered 238)
      ~ W00c RC4 an account file is checked where it resolves (every account of every folder) ARC-8 C06 CHQ file set to accounts/x-(Test).csv, a link to its own qbo CSV, is refused with a 'file' issue naming the account and the field (covered 256)
      ~ W00c RC4 an account file is checked where it resolves (every account of every folder) ARC-8 C06 USD file set to accounts/x-(Test).csv, a link to its own qbo CSV, is refused with a 'file' issue naming the account and the field (covered 256)
      ~ W00c RC4 an account file is checked where it resolves (every account of every folder) ARC-8 C06 BCD file set to accounts/x-(Test).csv, a link to its own qbo CSV, is refused with a 'file' issue naming the account and the field (covered 256)
      ~ W00c RC4 an account file is checked where it resolves (every account of every folder) ARC-8 C07 CHQ file set to accounts/x-(Test).csv, a link to its own qbo CSV, is refused with a 'file' issue naming the account and the field (covered 270)
      ~ W00c RC4 an account file is checked where it resolves (every account of every folder) ARC-8 C08 CHQ file set to accounts/x-(Test).csv, a link to its own qbo CSV, is refused with a 'file' issue naming the account and the field (covered 270)
      ~ W00c RC4 an account file is checked where it resolves (every account of every folder) ARC-8 C08 USD file set to accounts/x-(Test).csv, a link to its own qbo CSV, is refused with a 'file' issue naming the account and the field (covered 270)
      ~ W00c RC4 an account file is checked where it resolves (every account of every folder) ARC-8 C08 BCD file set to accounts/x-(Test).csv, a link to its own qbo CSV, is refused with a 'file' issue naming the account and the field (covered 270)
      ~ W00c RC4 an account file is checked where it resolves (every account of every folder) ARC-8 C08 PCD file set to accounts/x-(Test).csv, a link to its own qbo CSV, is refused with a 'file' issue naming the account and the field (covered 270)
      ~ W00c RC4 an account file is checked where it resolves (every account of every folder) ARC-8 C09 CHQ file set to accounts/x-(Test).csv, a link to its own qbo CSV, is refused with a 'file' issue naming the account and the field (covered 261)
      ~ W00c RC4 an account file is checked where it resolves (every account of every folder) ARC-8 C09 BCD file set to accounts/x-(Test).csv, a link to its own qbo CSV, is refused with a 'file' issue naming the account and the field (covered 261)
      ~ W00c RC4 an account file is checked where it resolves (every account of every folder) ARC-8 C10 CHQ file set to accounts/x-(Test).csv, a link to its own qbo CSV, is refused with a 'file' issue naming the account and the field (covered 259)
      ~ W00c RC4 an account file is checked where it resolves (every account of every folder) ARC-8 C10 BCD file set to accounts/x-(Test).csv, a link to its own qbo CSV, is refused with a 'file' issue naming the account and the field (covered 259)
      ~ W00c RC4 an account file is checked where it resolves (every account of every folder) ARC-8 C11 CHQ file set to accounts/x-(Test).csv, a link to its own qbo CSV, is refused with a 'file' issue naming the account and the field (covered 259)
      ~ W00c RC4 an account file is checked where it resolves (every account of every folder) ARC-8 C11 BCD file set to accounts/x-(Test).csv, a link to its own qbo CSV, is refused with a 'file' issue naming the account and the field (covered 259)
      ~ W00c RC4 an account file is checked where it resolves (every account of every folder) ARC-8 C13 CHQ file set to accounts/x-(Test).csv, a link to its own qbo CSV, is refused with a 'file' issue naming the account and the field (covered 259)
      ~ W00c RC4 an account file is checked where it resolves (every account of every folder) ARC-8 C13 BCD file set to accounts/x-(Test).csv, a link to its own qbo CSV, is refused with a 'file' issue naming the account and the field (covered 259)
      ~ W00c RC4 an account file is checked where it resolves (every account of every folder) ARC-8 C14 CHQ file set to accounts/x-(Test).csv, a link to its own qbo CSV, is refused with a 'file' issue naming the account and the field (covered 260)
      ~ W00c RC4 an account file is checked where it resolves (every account of every folder) ARC-8 C14 BCD file set to accounts/x-(Test).csv, a link to its own qbo CSV, is refused with a 'file' issue naming the account and the field (covered 260)
      ~ W00c RC4 an account file is checked where it resolves (every account of every folder) ARC-8 C15 CHQ file set to accounts/x-(Test).csv, a link to its own qbo CSV, is refused with a 'file' issue naming the account and the field (covered 260)
      ~ W00c RC4 an account file is checked where it resolves (every account of every folder) ARC-8 C15 BCD file set to accounts/x-(Test).csv, a link to its own qbo CSV, is refused with a 'file' issue naming the account and the field (covered 260)
      ✓ W00c RC4 an account file is checked where it resolves (every account of every folder) ARC-8 C01 CHQ qboFile set to qbo/x-(Test).csv, a link to its own accounts CSV, is refused with a 'file' issue naming the account and the field (killed 1)
      ~ W00c RC4 an account file is checked where it resolves (every account of every folder) ARC-8 C01 BCD qboFile set to qbo/x-(Test).csv, a link to its own accounts CSV, is refused with a 'file' issue naming the account and the field (covered 259)
      ~ W00c RC4 an account file is checked where it resolves (every account of every folder) ARC-8 C01 PCD qboFile set to qbo/x-(Test).csv, a link to its own accounts CSV, is refused with a 'file' issue naming the account and the field (covered 259)
      ~ W00c RC4 an account file is checked where it resolves (every account of every folder) ARC-8 C02 CHQ qboFile set to qbo/x-(Test).csv, a link to its own accounts CSV, is refused with a 'file' issue naming the account and the field (covered 259)
      ~ W00c RC4 an account file is checked where it resolves (every account of every folder) ARC-8 C02 BCD qboFile set to qbo/x-(Test).csv, a link to its own accounts CSV, is refused with a 'file' issue naming the account and the field (covered 259)
      ~ W00c RC4 an account file is checked where it resolves (every account of every folder) ARC-8 C03 CHQ qboFile set to qbo/x-(Test).csv, a link to its own accounts CSV, is refused with a 'file' issue naming the account and the field (covered 259)
      ~ W00c RC4 an account file is checked where it resolves (every account of every folder) ARC-8 C03 BCD qboFile set to qbo/x-(Test).csv, a link to its own accounts CSV, is refused with a 'file' issue naming the account and the field (covered 259)
      ~ W00c RC4 an account file is checked where it resolves (every account of every folder) ARC-8 C04 CHQ qboFile set to qbo/x-(Test).csv, a link to its own accounts CSV, is refused with a 'file' issue naming the account and the field (covered 259)
      ~ W00c RC4 an account file is checked where it resolves (every account of every folder) ARC-8 C04 BCD qboFile set to qbo/x-(Test).csv, a link to its own accounts CSV, is refused with a 'file' issue naming the account and the field (covered 259)
      ~ W00c RC4 an account file is checked where it resolves (every account of every folder) ARC-8 C05 CHQ qboFile set to qbo/x-(Test).csv, a link to its own accounts CSV, is refused with a 'file' issue naming the account and the field (covered 238)
      ~ W00c RC4 an account file is checked where it resolves (every account of every folder) ARC-8 C05 BRK qboFile set to qbo/x-(Test).csv, a link to its own accounts CSV, is refused with a 'file' issue naming the account and the field (covered 238)
      ~ W00c RC4 an account file is checked where it resolves (every account of every folder) ARC-8 C06 CHQ qboFile set to qbo/x-(Test).csv, a link to its own accounts CSV, is refused with a 'file' issue naming the account and the field (covered 256)
      ~ W00c RC4 an account file is checked where it resolves (every account of every folder) ARC-8 C06 USD qboFile set to qbo/x-(Test).csv, a link to its own accounts CSV, is refused with a 'file' issue naming the account and the field (covered 256)
      ~ W00c RC4 an account file is checked where it resolves (every account of every folder) ARC-8 C06 BCD qboFile set to qbo/x-(Test).csv, a link to its own accounts CSV, is refused with a 'file' issue naming the account and the field (covered 256)
      ~ W00c RC4 an account file is checked where it resolves (every account of every folder) ARC-8 C07 CHQ qboFile set to qbo/x-(Test).csv, a link to its own accounts CSV, is refused with a 'file' issue naming the account and the field (covered 270)
      ~ W00c RC4 an account file is checked where it resolves (every account of every folder) ARC-8 C08 CHQ qboFile set to qbo/x-(Test).csv, a link to its own accounts CSV, is refused with a 'file' issue naming the account and the field (covered 270)
      ~ W00c RC4 an account file is checked where it resolves (every account of every folder) ARC-8 C08 USD qboFile set to qbo/x-(Test).csv, a link to its own accounts CSV, is refused with a 'file' issue naming the account and the field (covered 270)
      ~ W00c RC4 an account file is checked where it resolves (every account of every folder) ARC-8 C08 BCD qboFile set to qbo/x-(Test).csv, a link to its own accounts CSV, is refused with a 'file' issue naming the account and the field (covered 270)
      ~ W00c RC4 an account file is checked where it resolves (every account of every folder) ARC-8 C08 PCD qboFile set to qbo/x-(Test).csv, a link to its own accounts CSV, is refused with a 'file' issue naming the account and the field (covered 270)
      ~ W00c RC4 an account file is checked where it resolves (every account of every folder) ARC-8 C09 CHQ qboFile set to qbo/x-(Test).csv, a link to its own accounts CSV, is refused with a 'file' issue naming the account and the field (covered 261)
      ~ W00c RC4 an account file is checked where it resolves (every account of every folder) ARC-8 C09 BCD qboFile set to qbo/x-(Test).csv, a link to its own accounts CSV, is refused with a 'file' issue naming the account and the field (covered 261)
      ~ W00c RC4 an account file is checked where it resolves (every account of every folder) ARC-8 C10 CHQ qboFile set to qbo/x-(Test).csv, a link to its own accounts CSV, is refused with a 'file' issue naming the account and the field (covered 259)
      ~ W00c RC4 an account file is checked where it resolves (every account of every folder) ARC-8 C10 BCD qboFile set to qbo/x-(Test).csv, a link to its own accounts CSV, is refused with a 'file' issue naming the account and the field (covered 259)
      ~ W00c RC4 an account file is checked where it resolves (every account of every folder) ARC-8 C11 CHQ qboFile set to qbo/x-(Test).csv, a link to its own accounts CSV, is refused with a 'file' issue naming the account and the field (covered 259)
      ~ W00c RC4 an account file is checked where it resolves (every account of every folder) ARC-8 C11 BCD qboFile set to qbo/x-(Test).csv, a link to its own accounts CSV, is refused with a 'file' issue naming the account and the field (covered 259)
      ~ W00c RC4 an account file is checked where it resolves (every account of every folder) ARC-8 C13 CHQ qboFile set to qbo/x-(Test).csv, a link to its own accounts CSV, is refused with a 'file' issue naming the account and the field (covered 259)
      ~ W00c RC4 an account file is checked where it resolves (every account of every folder) ARC-8 C13 BCD qboFile set to qbo/x-(Test).csv, a link to its own accounts CSV, is refused with a 'file' issue naming the account and the field (covered 259)
      ~ W00c RC4 an account file is checked where it resolves (every account of every folder) ARC-8 C14 CHQ qboFile set to qbo/x-(Test).csv, a link to its own accounts CSV, is refused with a 'file' issue naming the account and the field (covered 260)
      ~ W00c RC4 an account file is checked where it resolves (every account of every folder) ARC-8 C14 BCD qboFile set to qbo/x-(Test).csv, a link to its own accounts CSV, is refused with a 'file' issue naming the account and the field (covered 260)
      ~ W00c RC4 an account file is checked where it resolves (every account of every folder) ARC-8 C15 CHQ qboFile set to qbo/x-(Test).csv, a link to its own accounts CSV, is refused with a 'file' issue naming the account and the field (covered 260)
      ~ W00c RC4 an account file is checked where it resolves (every account of every folder) ARC-8 C15 BCD qboFile set to qbo/x-(Test).csv, a link to its own accounts CSV, is refused with a 'file' issue naming the account and the field (covered 260)
      ✓ W00c RC4 an account file is checked where it resolves (every account of every folder) ARC-8 C01 CHQ file set to accounts/inside-(Test).csv, a link to its own CSV in the same folder, still loads (killed 96)
      ~ W00c RC4 an account file is checked where it resolves (every account of every folder) ARC-8 C01 BCD file set to accounts/inside-(Test).csv, a link to its own CSV in the same folder, still loads (covered 258)
      ~ W00c RC4 an account file is checked where it resolves (every account of every folder) ARC-8 C01 PCD file set to accounts/inside-(Test).csv, a link to its own CSV in the same folder, still loads (covered 258)
      ~ W00c RC4 an account file is checked where it resolves (every account of every folder) ARC-8 C02 CHQ file set to accounts/inside-(Test).csv, a link to its own CSV in the same folder, still loads (covered 258)
      ~ W00c RC4 an account file is checked where it resolves (every account of every folder) ARC-8 C02 BCD file set to accounts/inside-(Test).csv, a link to its own CSV in the same folder, still loads (covered 258)
      ✓ W00c RC4 an account file is checked where it resolves (every account of every folder) ARC-8 C03 CHQ file set to accounts/inside-(Test).csv, a link to its own CSV in the same folder, still loads (killed 1)
      ~ W00c RC4 an account file is checked where it resolves (every account of every folder) ARC-8 C03 BCD file set to accounts/inside-(Test).csv, a link to its own CSV in the same folder, still loads (covered 258)
      ✓ W00c RC4 an account file is checked where it resolves (every account of every folder) ARC-8 C04 CHQ file set to accounts/inside-(Test).csv, a link to its own CSV in the same folder, still loads (killed 2)
      ~ W00c RC4 an account file is checked where it resolves (every account of every folder) ARC-8 C04 BCD file set to accounts/inside-(Test).csv, a link to its own CSV in the same folder, still loads (covered 258)
      ~ W00c RC4 an account file is checked where it resolves (every account of every folder) ARC-8 C05 CHQ file set to accounts/inside-(Test).csv, a link to its own CSV in the same folder, still loads (covered 237)
      ~ W00c RC4 an account file is checked where it resolves (every account of every folder) ARC-8 C05 BRK file set to accounts/inside-(Test).csv, a link to its own CSV in the same folder, still loads (covered 237)
      ~ W00c RC4 an account file is checked where it resolves (every account of every folder) ARC-8 C06 CHQ file set to accounts/inside-(Test).csv, a link to its own CSV in the same folder, still loads (covered 255)
      ~ W00c RC4 an account file is checked where it resolves (every account of every folder) ARC-8 C06 USD file set to accounts/inside-(Test).csv, a link to its own CSV in the same folder, still loads (covered 255)
      ~ W00c RC4 an account file is checked where it resolves (every account of every folder) ARC-8 C06 BCD file set to accounts/inside-(Test).csv, a link to its own CSV in the same folder, still loads (covered 255)
      ✓ W00c RC4 an account file is checked where it resolves (every account of every folder) ARC-8 C07 CHQ file set to accounts/inside-(Test).csv, a link to its own CSV in the same folder, still loads (killed 8)
      ~ W00c RC4 an account file is checked where it resolves (every account of every folder) ARC-8 C08 CHQ file set to accounts/inside-(Test).csv, a link to its own CSV in the same folder, still loads (covered 269)
      ~ W00c RC4 an account file is checked where it resolves (every account of every folder) ARC-8 C08 USD file set to accounts/inside-(Test).csv, a link to its own CSV in the same folder, still loads (covered 269)
      ~ W00c RC4 an account file is checked where it resolves (every account of every folder) ARC-8 C08 BCD file set to accounts/inside-(Test).csv, a link to its own CSV in the same folder, still loads (covered 269)
      ~ W00c RC4 an account file is checked where it resolves (every account of every folder) ARC-8 C08 PCD file set to accounts/inside-(Test).csv, a link to its own CSV in the same folder, still loads (covered 269)
      ✓ W00c RC4 an account file is checked where it resolves (every account of every folder) ARC-8 C09 CHQ file set to accounts/inside-(Test).csv, a link to its own CSV in the same folder, still loads (killed 3)
      ~ W00c RC4 an account file is checked where it resolves (every account of every folder) ARC-8 C09 BCD file set to accounts/inside-(Test).csv, a link to its own CSV in the same folder, still loads (covered 260)
      ✓ W00c RC4 an account file is checked where it resolves (every account of every folder) ARC-8 C10 CHQ file set to accounts/inside-(Test).csv, a link to its own CSV in the same folder, still loads (killed 4)
      ~ W00c RC4 an account file is checked where it resolves (every account of every folder) ARC-8 C10 BCD file set to accounts/inside-(Test).csv, a link to its own CSV in the same folder, still loads (covered 258)
      ~ W00c RC4 an account file is checked where it resolves (every account of every folder) ARC-8 C11 CHQ file set to accounts/inside-(Test).csv, a link to its own CSV in the same folder, still loads (covered 258)
      ~ W00c RC4 an account file is checked where it resolves (every account of every folder) ARC-8 C11 BCD file set to accounts/inside-(Test).csv, a link to its own CSV in the same folder, still loads (covered 258)
      ~ W00c RC4 an account file is checked where it resolves (every account of every folder) ARC-8 C13 CHQ file set to accounts/inside-(Test).csv, a link to its own CSV in the same folder, still loads (covered 258)
      ~ W00c RC4 an account file is checked where it resolves (every account of every folder) ARC-8 C13 BCD file set to accounts/inside-(Test).csv, a link to its own CSV in the same folder, still loads (covered 258)
      ✓ W00c RC4 an account file is checked where it resolves (every account of every folder) ARC-8 C14 CHQ file set to accounts/inside-(Test).csv, a link to its own CSV in the same folder, still loads (killed 1)
      ~ W00c RC4 an account file is checked where it resolves (every account of every folder) ARC-8 C14 BCD file set to accounts/inside-(Test).csv, a link to its own CSV in the same folder, still loads (covered 259)
      ~ W00c RC4 an account file is checked where it resolves (every account of every folder) ARC-8 C15 CHQ file set to accounts/inside-(Test).csv, a link to its own CSV in the same folder, still loads (covered 259)
      ~ W00c RC4 an account file is checked where it resolves (every account of every folder) ARC-8 C15 BCD file set to accounts/inside-(Test).csv, a link to its own CSV in the same folder, still loads (covered 259)
      ~ W00c RC4 a subfolder that is itself a link is refused for every account file in it (every folder with accounts) ARC-8 C01 with accounts/ a link to a renamed copy of itself is refused with a 'file' issue for every account, naming the field (covered 259)
      ~ W00c RC4 a subfolder that is itself a link is refused for every account file in it (every folder with accounts) ARC-8 C01 with qbo/ a link to a renamed copy of itself is refused with a 'file' issue for every account, naming the field (covered 259)
      ~ W00c RC4 a subfolder that is itself a link is refused for every account file in it (every folder with accounts) ARC-8 C02 with accounts/ a link to a renamed copy of itself is refused with a 'file' issue for every account, naming the field (covered 259)
      ~ W00c RC4 a subfolder that is itself a link is refused for every account file in it (every folder with accounts) ARC-8 C02 with qbo/ a link to a renamed copy of itself is refused with a 'file' issue for every account, naming the field (covered 259)
      ~ W00c RC4 a subfolder that is itself a link is refused for every account file in it (every folder with accounts) ARC-8 C03 with accounts/ a link to a renamed copy of itself is refused with a 'file' issue for every account, naming the field (covered 259)
      ~ W00c RC4 a subfolder that is itself a link is refused for every account file in it (every folder with accounts) ARC-8 C03 with qbo/ a link to a renamed copy of itself is refused with a 'file' issue for every account, naming the field (covered 259)
      ~ W00c RC4 a subfolder that is itself a link is refused for every account file in it (every folder with accounts) ARC-8 C04 with accounts/ a link to a renamed copy of itself is refused with a 'file' issue for every account, naming the field (covered 259)
      ~ W00c RC4 a subfolder that is itself a link is refused for every account file in it (every folder with accounts) ARC-8 C04 with qbo/ a link to a renamed copy of itself is refused with a 'file' issue for every account, naming the field (covered 259)
      ~ W00c RC4 a subfolder that is itself a link is refused for every account file in it (every folder with accounts) ARC-8 C05 with accounts/ a link to a renamed copy of itself is refused with a 'file' issue for every account, naming the field (covered 238)
      ~ W00c RC4 a subfolder that is itself a link is refused for every account file in it (every folder with accounts) ARC-8 C05 with qbo/ a link to a renamed copy of itself is refused with a 'file' issue for every account, naming the field (covered 238)
      ~ W00c RC4 a subfolder that is itself a link is refused for every account file in it (every folder with accounts) ARC-8 C06 with accounts/ a link to a renamed copy of itself is refused with a 'file' issue for every account, naming the field (covered 256)
      ~ W00c RC4 a subfolder that is itself a link is refused for every account file in it (every folder with accounts) ARC-8 C06 with qbo/ a link to a renamed copy of itself is refused with a 'file' issue for every account, naming the field (covered 256)
      ~ W00c RC4 a subfolder that is itself a link is refused for every account file in it (every folder with accounts) ARC-8 C07 with accounts/ a link to a renamed copy of itself is refused with a 'file' issue for every account, naming the field (covered 270)
      ~ W00c RC4 a subfolder that is itself a link is refused for every account file in it (every folder with accounts) ARC-8 C07 with qbo/ a link to a renamed copy of itself is refused with a 'file' issue for every account, naming the field (covered 270)
      ~ W00c RC4 a subfolder that is itself a link is refused for every account file in it (every folder with accounts) ARC-8 C08 with accounts/ a link to a renamed copy of itself is refused with a 'file' issue for every account, naming the field (covered 270)
      ~ W00c RC4 a subfolder that is itself a link is refused for every account file in it (every folder with accounts) ARC-8 C08 with qbo/ a link to a renamed copy of itself is refused with a 'file' issue for every account, naming the field (covered 270)
      ~ W00c RC4 a subfolder that is itself a link is refused for every account file in it (every folder with accounts) ARC-8 C09 with accounts/ a link to a renamed copy of itself is refused with a 'file' issue for every account, naming the field (covered 261)
      ~ W00c RC4 a subfolder that is itself a link is refused for every account file in it (every folder with accounts) ARC-8 C09 with qbo/ a link to a renamed copy of itself is refused with a 'file' issue for every account, naming the field (covered 261)
      ~ W00c RC4 a subfolder that is itself a link is refused for every account file in it (every folder with accounts) ARC-8 C10 with accounts/ a link to a renamed copy of itself is refused with a 'file' issue for every account, naming the field (covered 259)
      ~ W00c RC4 a subfolder that is itself a link is refused for every account file in it (every folder with accounts) ARC-8 C10 with qbo/ a link to a renamed copy of itself is refused with a 'file' issue for every account, naming the field (covered 259)
      ~ W00c RC4 a subfolder that is itself a link is refused for every account file in it (every folder with accounts) ARC-8 C11 with accounts/ a link to a renamed copy of itself is refused with a 'file' issue for every account, naming the field (covered 259)
      ~ W00c RC4 a subfolder that is itself a link is refused for every account file in it (every folder with accounts) ARC-8 C11 with qbo/ a link to a renamed copy of itself is refused with a 'file' issue for every account, naming the field (covered 259)
      ~ W00c RC4 a subfolder that is itself a link is refused for every account file in it (every folder with accounts) ARC-8 C13 with accounts/ a link to a renamed copy of itself is refused with a 'file' issue for every account, naming the field (covered 259)
      ~ W00c RC4 a subfolder that is itself a link is refused for every account file in it (every folder with accounts) ARC-8 C13 with qbo/ a link to a renamed copy of itself is refused with a 'file' issue for every account, naming the field (covered 259)
      ~ W00c RC4 a subfolder that is itself a link is refused for every account file in it (every folder with accounts) ARC-8 C14 with accounts/ a link to a renamed copy of itself is refused with a 'file' issue for every account, naming the field (covered 260)
      ~ W00c RC4 a subfolder that is itself a link is refused for every account file in it (every folder with accounts) ARC-8 C14 with qbo/ a link to a renamed copy of itself is refused with a 'file' issue for every account, naming the field (covered 260)
      ~ W00c RC4 a subfolder that is itself a link is refused for every account file in it (every folder with accounts) ARC-8 C15 with accounts/ a link to a renamed copy of itself is refused with a 'file' issue for every account, naming the field (covered 260)
      ~ W00c RC4 a subfolder that is itself a link is refused for every account file in it (every folder with accounts) ARC-8 C15 with qbo/ a link to a renamed copy of itself is refused with a 'file' issue for every account, naming the field (covered 260)
      ~ W00c RC4 the client JSON files are regular files, never links (every folder) ARC-8 C01 with answer-key.json a link to a byte-for-byte copy outside the folder is refused with a 'file' issue naming the file (covered 38)
      ~ W00c RC4 the client JSON files are regular files, never links (every folder) ARC-8 C01 with onboarding.json a link to a byte-for-byte copy outside the folder is refused with a 'file' issue naming the file (covered 40)
      ~ W00c RC4 the client JSON files are regular files, never links (every folder) ARC-8 C02 with answer-key.json a link to a byte-for-byte copy outside the folder is refused with a 'file' issue naming the file (covered 38)
      ~ W00c RC4 the client JSON files are regular files, never links (every folder) ARC-8 C02 with onboarding.json a link to a byte-for-byte copy outside the folder is refused with a 'file' issue naming the file (covered 40)
      ~ W00c RC4 the client JSON files are regular files, never links (every folder) ARC-8 C03 with answer-key.json a link to a byte-for-byte copy outside the folder is refused with a 'file' issue naming the file (covered 38)
      ~ W00c RC4 the client JSON files are regular files, never links (every folder) ARC-8 C03 with onboarding.json a link to a byte-for-byte copy outside the folder is refused with a 'file' issue naming the file (covered 40)
      ~ W00c RC4 the client JSON files are regular files, never links (every folder) ARC-8 C04 with answer-key.json a link to a byte-for-byte copy outside the folder is refused with a 'file' issue naming the file (covered 29)
      ~ W00c RC4 the client JSON files are regular files, never links (every folder) ARC-8 C04 with onboarding.json a link to a byte-for-byte copy outside the folder is refused with a 'file' issue naming the file (covered 40)
      ~ W00c RC4 the client JSON files are regular files, never links (every folder) ARC-8 C05 with answer-key.json a link to a byte-for-byte copy outside the folder is refused with a 'file' issue naming the file (covered 38)
      ~ W00c RC4 the client JSON files are regular files, never links (every folder) ARC-8 C05 with onboarding.json a link to a byte-for-byte copy outside the folder is refused with a 'file' issue naming the file (covered 39)
      ~ W00c RC4 the client JSON files are regular files, never links (every folder) ARC-8 C06 with answer-key.json a link to a byte-for-byte copy outside the folder is refused with a 'file' issue naming the file (covered 38)
      ~ W00c RC4 the client JSON files are regular files, never links (every folder) ARC-8 C06 with onboarding.json a link to a byte-for-byte copy outside the folder is refused with a 'file' issue naming the file (covered 40)
      ~ W00c RC4 the client JSON files are regular files, never links (every folder) ARC-8 C07 with answer-key.json a link to a byte-for-byte copy outside the folder is refused with a 'file' issue naming the file (covered 29)
      ~ W00c RC4 the client JSON files are regular files, never links (every folder) ARC-8 C07 with onboarding.json a link to a byte-for-byte copy outside the folder is refused with a 'file' issue naming the file (covered 40)
      ~ W00c RC4 the client JSON files are regular files, never links (every folder) ARC-8 C08 with answer-key.json a link to a byte-for-byte copy outside the folder is refused with a 'file' issue naming the file (covered 29)
      ~ W00c RC4 the client JSON files are regular files, never links (every folder) ARC-8 C08 with onboarding.json a link to a byte-for-byte copy outside the folder is refused with a 'file' issue naming the file (covered 40)
      ~ W00c RC4 the client JSON files are regular files, never links (every folder) ARC-8 C09 with answer-key.json a link to a byte-for-byte copy outside the folder is refused with a 'file' issue naming the file (covered 38)
      ~ W00c RC4 the client JSON files are regular files, never links (every folder) ARC-8 C09 with onboarding.json a link to a byte-for-byte copy outside the folder is refused with a 'file' issue naming the file (covered 40)
      ~ W00c RC4 the client JSON files are regular files, never links (every folder) ARC-8 C10 with answer-key.json a link to a byte-for-byte copy outside the folder is refused with a 'file' issue naming the file (covered 29)
      ~ W00c RC4 the client JSON files are regular files, never links (every folder) ARC-8 C10 with onboarding.json a link to a byte-for-byte copy outside the folder is refused with a 'file' issue naming the file (covered 40)
      ~ W00c RC4 the client JSON files are regular files, never links (every folder) ARC-8 C11 with answer-key.json a link to a byte-for-byte copy outside the folder is refused with a 'file' issue naming the file (covered 29)
      ~ W00c RC4 the client JSON files are regular files, never links (every folder) ARC-8 C11 with onboarding.json a link to a byte-for-byte copy outside the folder is refused with a 'file' issue naming the file (covered 40)
      ~ W00c RC4 the client JSON files are regular files, never links (every folder) ARC-8 C12 with answer-key.json a link to a byte-for-byte copy outside the folder is refused with a 'file' issue naming the file (covered 29)
      ~ W00c RC4 the client JSON files are regular files, never links (every folder) ARC-8 C12 with onboarding.json a link to a byte-for-byte copy outside the folder is refused with a 'file' issue naming the file (covered 39)
      ~ W00c RC4 the client JSON files are regular files, never links (every folder) ARC-8 C13 with answer-key.json a link to a byte-for-byte copy outside the folder is refused with a 'file' issue naming the file (covered 29)
      ~ W00c RC4 the client JSON files are regular files, never links (every folder) ARC-8 C13 with onboarding.json a link to a byte-for-byte copy outside the folder is refused with a 'file' issue naming the file (covered 40)
      ~ W00c RC4 the client JSON files are regular files, never links (every folder) ARC-8 C14 with answer-key.json a link to a byte-for-byte copy outside the folder is refused with a 'file' issue naming the file (covered 29)
      ~ W00c RC4 the client JSON files are regular files, never links (every folder) ARC-8 C14 with onboarding.json a link to a byte-for-byte copy outside the folder is refused with a 'file' issue naming the file (covered 40)
      ~ W00c RC4 the client JSON files are regular files, never links (every folder) ARC-8 C15 with answer-key.json a link to a byte-for-byte copy outside the folder is refused with a 'file' issue naming the file (covered 29)
      ~ W00c RC4 the client JSON files are regular files, never links (every folder) ARC-8 C15 with onboarding.json a link to a byte-for-byte copy outside the folder is refused with a 'file' issue naming the file (covered 40)
      ~ W00c RC4 the client JSON files are regular files, never links (every folder) END-9 C01 loads unchanged (no link anywhere in the sample folders) (covered 258)
      ~ W00c RC4 the client JSON files are regular files, never links (every folder) END-9 C02 loads unchanged (no link anywhere in the sample folders) (covered 258)
      ~ W00c RC4 the client JSON files are regular files, never links (every folder) END-9 C03 loads unchanged (no link anywhere in the sample folders) (covered 258)
      ~ W00c RC4 the client JSON files are regular files, never links (every folder) END-9 C04 loads unchanged (no link anywhere in the sample folders) (covered 258)
      ~ W00c RC4 the client JSON files are regular files, never links (every folder) END-9 C05 loads unchanged (no link anywhere in the sample folders) (covered 237)
      ~ W00c RC4 the client JSON files are regular files, never links (every folder) END-9 C06 loads unchanged (no link anywhere in the sample folders) (covered 255)
      ~ W00c RC4 the client JSON files are regular files, never links (every folder) END-9 C07 loads unchanged (no link anywhere in the sample folders) (covered 269)
      ~ W00c RC4 the client JSON files are regular files, never links (every folder) END-9 C08 loads unchanged (no link anywhere in the sample folders) (covered 269)
      ~ W00c RC4 the client JSON files are regular files, never links (every folder) END-9 C09 loads unchanged (no link anywhere in the sample folders) (covered 260)
      ~ W00c RC4 the client JSON files are regular files, never links (every folder) END-9 C10 loads unchanged (no link anywhere in the sample folders) (covered 258)
      ~ W00c RC4 the client JSON files are regular files, never links (every folder) END-9 C11 loads unchanged (no link anywhere in the sample folders) (covered 258)
      ✓ W00c RC4 the client JSON files are regular files, never links (every folder) END-9 C12 loads unchanged (no link anywhere in the sample folders) (killed 6)
      ~ W00c RC4 the client JSON files are regular files, never links (every folder) END-9 C13 loads unchanged (no link anywhere in the sample folders) (covered 258)
      ~ W00c RC4 the client JSON files are regular files, never links (every folder) END-9 C14 loads unchanged (no link anywhere in the sample folders) (covered 259)
      ~ W00c RC4 the client JSON files are regular files, never links (every folder) END-9 C15 loads unchanged (no link anywhere in the sample folders) (covered 259)
      ✓ W00c RC4 a client folder that is itself a link is refused (spec review 3, gap 2: every folder) ARC-8 C01 with its client folder a link to a renamed copy beside it is not listed by clientFolders, and its load is refused with a 'file' issue naming the folder (killed 13)
      ✓ W00c RC4 a client folder that is itself a link is refused (spec review 3, gap 2: every folder) ARC-8 C02 with its client folder a link to a renamed copy beside it is not listed by clientFolders, and its load is refused with a 'file' issue naming the folder (killed 1)
      ~ W00c RC4 a client folder that is itself a link is refused (spec review 3, gap 2: every folder) ARC-8 C03 with its client folder a link to a renamed copy beside it is not listed by clientFolders, and its load is refused with a 'file' issue naming the folder (covered 31)
      ~ W00c RC4 a client folder that is itself a link is refused (spec review 3, gap 2: every folder) ARC-8 C04 with its client folder a link to a renamed copy beside it is not listed by clientFolders, and its load is refused with a 'file' issue naming the folder (covered 31)
      ~ W00c RC4 a client folder that is itself a link is refused (spec review 3, gap 2: every folder) ARC-8 C05 with its client folder a link to a renamed copy beside it is not listed by clientFolders, and its load is refused with a 'file' issue naming the folder (covered 31)
      ~ W00c RC4 a client folder that is itself a link is refused (spec review 3, gap 2: every folder) ARC-8 C06 with its client folder a link to a renamed copy beside it is not listed by clientFolders, and its load is refused with a 'file' issue naming the folder (covered 31)
      ~ W00c RC4 a client folder that is itself a link is refused (spec review 3, gap 2: every folder) ARC-8 C07 with its client folder a link to a renamed copy beside it is not listed by clientFolders, and its load is refused with a 'file' issue naming the folder (covered 31)
      ~ W00c RC4 a client folder that is itself a link is refused (spec review 3, gap 2: every folder) ARC-8 C08 with its client folder a link to a renamed copy beside it is not listed by clientFolders, and its load is refused with a 'file' issue naming the folder (covered 31)
      ~ W00c RC4 a client folder that is itself a link is refused (spec review 3, gap 2: every folder) ARC-8 C09 with its client folder a link to a renamed copy beside it is not listed by clientFolders, and its load is refused with a 'file' issue naming the folder (covered 31)
      ~ W00c RC4 a client folder that is itself a link is refused (spec review 3, gap 2: every folder) ARC-8 C10 with its client folder a link to a renamed copy beside it is not listed by clientFolders, and its load is refused with a 'file' issue naming the folder (covered 31)
      ~ W00c RC4 a client folder that is itself a link is refused (spec review 3, gap 2: every folder) ARC-8 C11 with its client folder a link to a renamed copy beside it is not listed by clientFolders, and its load is refused with a 'file' issue naming the folder (covered 31)
      ~ W00c RC4 a client folder that is itself a link is refused (spec review 3, gap 2: every folder) ARC-8 C12 with its client folder a link to a renamed copy beside it is not listed by clientFolders, and its load is refused with a 'file' issue naming the folder (covered 31)
      ~ W00c RC4 a client folder that is itself a link is refused (spec review 3, gap 2: every folder) ARC-8 C13 with its client folder a link to a renamed copy beside it is not listed by clientFolders, and its load is refused with a 'file' issue naming the folder (covered 31)
      ~ W00c RC4 a client folder that is itself a link is refused (spec review 3, gap 2: every folder) ARC-8 C14 with its client folder a link to a renamed copy beside it is not listed by clientFolders, and its load is refused with a 'file' issue naming the folder (covered 31)
      ~ W00c RC4 a client folder that is itself a link is refused (spec review 3, gap 2: every folder) ARC-8 C15 with its client folder a link to a renamed copy beside it is not listed by clientFolders, and its load is refused with a 'file' issue naming the folder (covered 31)
      ~ W00c RC4 a client folder that is itself a link is refused (spec review 3, gap 2: every folder) END-9 with C01 a linked client folder, every other folder still loads (covered 278)
      ~ W00c RC4 a client folder that is itself a link is refused (spec review 3, gap 2: every folder) END-9 with C02 a linked client folder, every other folder still loads (covered 278)
      ~ W00c RC4 a client folder that is itself a link is refused (spec review 3, gap 2: every folder) END-9 with C03 a linked client folder, every other folder still loads (covered 278)
      ~ W00c RC4 a client folder that is itself a link is refused (spec review 3, gap 2: every folder) END-9 with C04 a linked client folder, every other folder still loads (covered 278)
      ~ W00c RC4 a client folder that is itself a link is refused (spec review 3, gap 2: every folder) END-9 with C05 a linked client folder, every other folder still loads (covered 278)
      ~ W00c RC4 a client folder that is itself a link is refused (spec review 3, gap 2: every folder) END-9 with C06 a linked client folder, every other folder still loads (covered 278)
      ~ W00c RC4 a client folder that is itself a link is refused (spec review 3, gap 2: every folder) END-9 with C07 a linked client folder, every other folder still loads (covered 278)
      ~ W00c RC4 a client folder that is itself a link is refused (spec review 3, gap 2: every folder) END-9 with C08 a linked client folder, every other folder still loads (covered 278)
      ~ W00c RC4 a client folder that is itself a link is refused (spec review 3, gap 2: every folder) END-9 with C09 a linked client folder, every other folder still loads (covered 276)
      ~ W00c RC4 a client folder that is itself a link is refused (spec review 3, gap 2: every folder) END-9 with C10 a linked client folder, every other folder still loads (covered 278)
      ~ W00c RC4 a client folder that is itself a link is refused (spec review 3, gap 2: every folder) END-9 with C11 a linked client folder, every other folder still loads (covered 278)
      ~ W00c RC4 a client folder that is itself a link is refused (spec review 3, gap 2: every folder) END-9 with C12 a linked client folder, every other folder still loads (covered 272)
      ~ W00c RC4 a client folder that is itself a link is refused (spec review 3, gap 2: every folder) END-9 with C13 a linked client folder, every other folder still loads (covered 278)
      ~ W00c RC4 a client folder that is itself a link is refused (spec review 3, gap 2: every folder) END-9 with C14 a linked client folder, every other folder still loads (covered 278)
      ~ W00c RC4 a client folder that is itself a link is refused (spec review 3, gap 2: every folder) END-9 with C15 a linked client folder, every other folder still loads (covered 278)

[NoCoverage] UnaryOperator
testworld/clients/load.ts:259:96
-     for (const e of readdirSync(root, { withFileTypes: true }).sort((a, b) => (a.name < b.name ? -1 : a.name > b.name ? 1 : 0))) {
+     for (const e of readdirSync(root, { withFileTypes: true }).sort((a, b) => (a.name < b.name ? +1 : a.name > b.name ? 1 : 0))) {

[NoCoverage] StringLiteral
testworld/clients/load.ts:332:45
-     for (const r of reserved) fileIssue(name, `the key "${r.key}" is a reserved name (a prototype name) and is never written as a key`)
+     for (const r of reserved) fileIssue(name, ``)

[NoCoverage] StringLiteral
testworld/clients/load.ts:381:78
-     if (TIMESTAMP.test(v)) return isCalendarDate(v.slice(0, 10)) ? undefined : 'its date part is not a calendar date written YYYY-MM-DD'
+     if (TIMESTAMP.test(v)) return isCalendarDate(v.slice(0, 10)) ? undefined : ""

[NoCoverage] ConditionalExpression
testworld/clients/load.ts:383:10
-     return v.split(/[-/.]/).length === 3 ? 'it is not a calendar date written YYYY-MM-DD' : 'it is not a month written YYYY-MM'
+     return true ? 'it is not a calendar date written YYYY-MM-DD' : 'it is not a month written YYYY-MM'

[NoCoverage] ConditionalExpression
testworld/clients/load.ts:383:10
-     return v.split(/[-/.]/).length === 3 ? 'it is not a calendar date written YYYY-MM-DD' : 'it is not a month written YYYY-MM'
+     return false ? 'it is not a calendar date written YYYY-MM-DD' : 'it is not a month written YYYY-MM'

[NoCoverage] EqualityOperator
testworld/clients/load.ts:383:10
-     return v.split(/[-/.]/).length === 3 ? 'it is not a calendar date written YYYY-MM-DD' : 'it is not a month written YYYY-MM'
+     return v.split(/[-/.]/).length !== 3 ? 'it is not a calendar date written YYYY-MM-DD' : 'it is not a month written YYYY-MM'

[NoCoverage] Regex
testworld/clients/load.ts:383:18
-     return v.split(/[-/.]/).length === 3 ? 'it is not a calendar date written YYYY-MM-DD' : 'it is not a month written YYYY-MM'
+     return v.split(/[^-/.]/).length === 3 ? 'it is not a calendar date written YYYY-MM-DD' : 'it is not a month written YYYY-MM'

[NoCoverage] StringLiteral
testworld/clients/load.ts:383:42
-     return v.split(/[-/.]/).length === 3 ? 'it is not a calendar date written YYYY-MM-DD' : 'it is not a month written YYYY-MM'
+     return v.split(/[-/.]/).length === 3 ? "" : 'it is not a month written YYYY-MM'

[NoCoverage] StringLiteral
testworld/clients/load.ts:383:91
-     return v.split(/[-/.]/).length === 3 ? 'it is not a calendar date written YYYY-MM-DD' : 'it is not a month written YYYY-MM'
+     return v.split(/[-/.]/).length === 3 ? 'it is not a calendar date written YYYY-MM-DD' : ""

[NoCoverage] StringLiteral
testworld/clients/load.ts:439:45
-       if (!isCalendarDate(value)) schemaIssue(`onboarding.json ${field}`, 'it is not a calendar date written YYYY-MM-DD')
+       if (!isCalendarDate(value)) schemaIssue(``, 'it is not a calendar date written YYYY-MM-DD')

[NoCoverage] StringLiteral
testworld/clients/load.ts:439:73
-       if (!isCalendarDate(value)) schemaIssue(`onboarding.json ${field}`, 'it is not a calendar date written YYYY-MM-DD')
+       if (!isCalendarDate(value)) schemaIssue(`onboarding.json ${field}`, "")

[NoCoverage] StringLiteral
testworld/clients/load.ts:442:42
-         if (why !== undefined) schemaIssue(`onboarding.json ${field}`, why)
+         if (why !== undefined) schemaIssue(``, why)

[NoCoverage] StringLiteral
testworld/clients/load.ts:445:110
-     twin('corporation.financial_year_end', onb.corporation.financial_year_end, (v) => (v === end ? undefined : `it is ${v} but the fiscal year ends ${end}`))
+     twin('corporation.financial_year_end', onb.corporation.financial_year_end, (v) => (v === end ? undefined : ``))

[NoCoverage] StringLiteral
testworld/clients/load.ts:446:110
-     twin('corporation.fiscal_year_start', onb.corporation.fiscal_year_start, (v) => (v === start ? undefined : `it is ${v} but the fiscal year starts ${start}`))
+     twin('corporation.fiscal_year_start', onb.corporation.fiscal_year_start, (v) => (v === start ? undefined : ``))

[NoCoverage] StringLiteral
testworld/clients/load.ts:447:111
-     twin('corporation.incorporation_date', onb.corporation.incorporation_date, (v) => (v <= start ? undefined : `it is ${v}, after the fiscal year starts on ${start}`))
+     twin('corporation.incorporation_date', onb.corporation.incorporation_date, (v) => (v <= start ? undefined : ``))

[NoCoverage] StringLiteral
testworld/clients/load.ts:449:42
-       v === dayBefore(start) ? undefined : `it is ${v} but the prior year closes the day before the fiscal year starts on ${start}`,
+       v === dayBefore(start) ? undefined : ``,

[NoCoverage] BooleanLiteral
testworld/clients/load.ts:457:32
-         if (why !== undefined && !issues.some((i) => i.record === record)) schemaIssue(record, why)
+         if (why !== undefined && issues.some(i => i.record === record)) schemaIssue(record, why)

[NoCoverage] MethodExpression
testworld/clients/load.ts:457:33
-         if (why !== undefined && !issues.some((i) => i.record === record)) schemaIssue(record, why)
+         if (why !== undefined && !issues.every(i => i.record === record)) schemaIssue(record, why)

[NoCoverage] ArrowFunction
testworld/clients/load.ts:457:45
-         if (why !== undefined && !issues.some((i) => i.record === record)) schemaIssue(record, why)
+         if (why !== undefined && !issues.some(() => undefined)) schemaIssue(record, why)

[NoCoverage] ConditionalExpression
testworld/clients/load.ts:457:52
-         if (why !== undefined && !issues.some((i) => i.record === record)) schemaIssue(record, why)
+         if (why !== undefined && !issues.some((i) => true)) schemaIssue(record, why)

[NoCoverage] ConditionalExpression
testworld/clients/load.ts:457:52
-         if (why !== undefined && !issues.some((i) => i.record === record)) schemaIssue(record, why)
+         if (why !== undefined && !issues.some((i) => false)) schemaIssue(record, why)

[NoCoverage] EqualityOperator
testworld/clients/load.ts:457:52
-         if (why !== undefined && !issues.some((i) => i.record === record)) schemaIssue(record, why)
+         if (why !== undefined && !issues.some((i) => i.record !== record)) schemaIssue(record, why)

[NoCoverage] CallExpression
testworld/clients/load.ts:457:74
-         if (why !== undefined && !issues.some((i) => i.record === record)) schemaIssue(record, why)
+         if (why !== undefined && !issues.some((i) => i.record === record)) ;

[NoCoverage] StringLiteral
testworld/clients/load.ts:460:63
-     if (daysIn(start, end) !== key.fiscalYear.days) schemaIssue('answer-key.json fiscalYear.days', `it is ${String(key.fiscalYear.days)} but the fiscal year runs ${start} to ${end}, ${String(daysIn(start, end))} days`)
+     if (daysIn(start, end) !== key.fiscalYear.days) schemaIssue("", `it is ${String(key.fiscalYear.days)} but the fiscal year runs ${start} to ${end}, ${String(daysIn(start, end))} days`)

[NoCoverage] StringLiteral
testworld/clients/load.ts:460:98
-     if (daysIn(start, end) !== key.fiscalYear.days) schemaIssue('answer-key.json fiscalYear.days', `it is ${String(key.fiscalYear.days)} but the fiscal year runs ${start} to ${end}, ${String(daysIn(start, end))} days`)
+     if (daysIn(start, end) !== key.fiscalYear.days) schemaIssue('answer-key.json fiscalYear.days', ``)

[NoCoverage] ObjectLiteral
testworld/clients/load.ts:480:78
-       if (t.totalDebitCents !== key.trialBalance[name].totalDebit) issues.push({ client: id, check: 'trial-balance', record: name, reason: `its totalDebit is written ${String(key.trialBalance[name].totalDebit)} but its rows add up to ${String(t.totalDebitCents)}` })
+       if (t.totalDebitCents !== key.trialBalance[name].totalDebit) issues.push({})

[NoCoverage] StringLiteral
testworld/clients/load.ts:480:99
-       if (t.totalDebitCents !== key.trialBalance[name].totalDebit) issues.push({ client: id, check: 'trial-balance', record: name, reason: `its totalDebit is written ${String(key.trialBalance[name].totalDebit)} but its rows add up to ${String(t.totalDebitCents)}` })
+       if (t.totalDebitCents !== key.trialBalance[name].totalDebit) issues.push({ client: id, check: "", record: name, reason: `its totalDebit is written ${String(key.trialBalance[name].totalDebit)} but its rows add up to ${String(t.totalDebitCents)}` })

[NoCoverage] StringLiteral
testworld/clients/load.ts:480:138
-       if (t.totalDebitCents !== key.trialBalance[name].totalDebit) issues.push({ client: id, check: 'trial-balance', record: name, reason: `its totalDebit is written ${String(key.trialBalance[name].totalDebit)} but its rows add up to ${String(t.totalDebitCents)}` })
+       if (t.totalDebitCents !== key.trialBalance[name].totalDebit) issues.push({ client: id, check: 'trial-balance', record: name, reason: `` })

[NoCoverage] ObjectLiteral
testworld/clients/load.ts:481:80
-       if (t.totalCreditCents !== key.trialBalance[name].totalCredit) issues.push({ client: id, check: 'trial-balance', record: name, reason: `its totalCredit is written ${String(key.trialBalance[name].totalCredit)} but its rows add up to ${String(t.totalCreditCents)}` })
+       if (t.totalCreditCents !== key.trialBalance[name].totalCredit) issues.push({})

[NoCoverage] StringLiteral
testworld/clients/load.ts:481:101
-       if (t.totalCreditCents !== key.trialBalance[name].totalCredit) issues.push({ client: id, check: 'trial-balance', record: name, reason: `its totalCredit is written ${String(key.trialBalance[name].totalCredit)} but its rows add up to ${String(t.totalCreditCents)}` })
+       if (t.totalCreditCents !== key.trialBalance[name].totalCredit) issues.push({ client: id, check: "", record: name, reason: `its totalCredit is written ${String(key.trialBalance[name].totalCredit)} but its rows add up to ${String(t.totalCreditCents)}` })

[NoCoverage] StringLiteral
testworld/clients/load.ts:481:140
-       if (t.totalCreditCents !== key.trialBalance[name].totalCredit) issues.push({ client: id, check: 'trial-balance', record: name, reason: `its totalCredit is written ${String(key.trialBalance[name].totalCredit)} but its rows add up to ${String(t.totalCreditCents)}` })
+       if (t.totalCreditCents !== key.trialBalance[name].totalCredit) issues.push({ client: id, check: 'trial-balance', record: name, reason: `` })

[NoCoverage] ArrayDeclaration
testworld/clients/load.ts:532:142
-       const months = (Object.hasOwn(key.statementBalances, a.key) ? (key.statementBalances[a.key] as (typeof key.statementBalances)[string]) : []).map((m) => {
+       const months = (Object.hasOwn(key.statementBalances, a.key) ? (key.statementBalances[a.key] as (typeof key.statementBalances)[string]) : ["Stryker was here"]).map((m) => {

[NoCoverage] StringLiteral
testworld/clients/load.ts:542:50
-       if (a.rowsInExport !== exported) schemaIssue(`${a.key} rowsInExport`, `it is written ${String(a.rowsInExport)} but ${String(exported)} of its transactions are in the export`)
+       if (a.rowsInExport !== exported) schemaIssue(``, `it is written ${String(a.rowsInExport)} but ${String(exported)} of its transactions are in the export`)

[NoCoverage] StringLiteral
testworld/clients/load.ts:542:75
-       if (a.rowsInExport !== exported) schemaIssue(`${a.key} rowsInExport`, `it is written ${String(a.rowsInExport)} but ${String(exported)} of its transactions are in the export`)
+       if (a.rowsInExport !== exported) schemaIssue(`${a.key} rowsInExport`, ``)

[NoCoverage] StringLiteral
testworld/clients/load.ts:544:58
-       if (a.rowsMissingFromExport !== missing) schemaIssue(`${a.key} rowsMissingFromExport`, `it is written ${String(a.rowsMissingFromExport)} but ${String(missing)} of its transactions are missing from the export`)
+       if (a.rowsMissingFromExport !== missing) schemaIssue(``, `it is written ${String(a.rowsMissingFromExport)} but ${String(missing)} of its transactions are missing from the export`)

[NoCoverage] StringLiteral
testworld/clients/load.ts:544:92
-       if (a.rowsMissingFromExport !== missing) schemaIssue(`${a.key} rowsMissingFromExport`, `it is written ${String(a.rowsMissingFromExport)} but ${String(missing)} of its transactions are missing from the export`)
+       if (a.rowsMissingFromExport !== missing) schemaIssue(`${a.key} rowsMissingFromExport`, ``)

[NoCoverage] ArrayDeclaration
testworld/clients/load.ts:576:117
-         return typeof r.account === 'string' && typeof r.name === 'string' ? [{ account: r.account, name: r.name }] : []
+         return typeof r.account === 'string' && typeof r.name === 'string' ? [{ account: r.account, name: r.name }] : ["Stryker was here"]

[NoCoverage] StringLiteral
testworld/clients/load.ts:595:97
-         if (!AJE_ID.test(v) || !key.adjustingEntries.some((j) => j.id === v)) schemaIssue(record, `"${v}" is not an adjusting entry of this client`)
+         if (!AJE_ID.test(v) || !key.adjustingEntries.some((j) => j.id === v)) schemaIssue(record, ``)

[NoCoverage] StringLiteral
testworld/clients/load.ts:596:102
-       } else if (/^\d\d-[A-Z]{2,4}-/.test(v) && (!TX_ID.test(v) || !txIds.has(v))) schemaIssue(record, `"${v}" is not a transaction of this client`)
+       } else if (/^\d\d-[A-Z]{2,4}-/.test(v) && (!TX_ID.test(v) || !txIds.has(v))) schemaIssue(record, ``)

[NoCoverage] StringLiteral
testworld/clients/load.ts:600:83
-       for (const [i, s] of (sources ?? []).entries()) if (!resolves(s)) schemaIssue(`${record}.${String(i)}`, `"${s}" is not in onboarding.json`)
+       for (const [i, s] of (sources ?? []).entries()) if (!resolves(s)) schemaIssue(``, `"${s}" is not in onboarding.json`)

[NoCoverage] StringLiteral
testworld/clients/load.ts:600:109
-       for (const [i, s] of (sources ?? []).entries()) if (!resolves(s)) schemaIssue(`${record}.${String(i)}`, `"${s}" is not in onboarding.json`)
+       for (const [i, s] of (sources ?? []).entries()) if (!resolves(s)) schemaIssue(`${record}.${String(i)}`, ``)

[NoCoverage] ArrayDeclaration
testworld/clients/load.ts:603:62
-     for (const [i, a] of (key.t2Inputs?.schedule1?.addBacks ?? []).entries()) evidence(`answer-key.json t2Inputs.schedule1.addBacks.${String(i)}.source.onboarding`, a.source?.onboarding)
+     for (const [i, a] of (key.t2Inputs?.schedule1?.addBacks ?? ["Stryker was here"]).entries()) evidence(`answer-key.json t2Inputs.schedule1.addBacks.${String(i)}.source.onboarding`, a.source?.onboarding)

[NoCoverage] ObjectLiteral
testworld/clients/load.ts:659:17
-       issues.push({ client: id, check: 'trial-balance', record: 'opening', reason: `the opening trial balance has no rows and the corporation was not incorporated on the fiscal year start ${start}` })
+       issues.push({})

[NoCoverage] StringLiteral
testworld/clients/load.ts:659:38
-       issues.push({ client: id, check: 'trial-balance', record: 'opening', reason: `the opening trial balance has no rows and the corporation was not incorporated on the fiscal year start ${start}` })
+       issues.push({ client: id, check: "", record: 'opening', reason: `the opening trial balance has no rows and the corporation was not incorporated on the fiscal year start ${start}` })

[NoCoverage] StringLiteral
testworld/clients/load.ts:659:63
-       issues.push({ client: id, check: 'trial-balance', record: 'opening', reason: `the opening trial balance has no rows and the corporation was not incorporated on the fiscal year start ${start}` })
+       issues.push({ client: id, check: 'trial-balance', record: "", reason: `the opening trial balance has no rows and the corporation was not incorporated on the fiscal year start ${start}` })

[NoCoverage] StringLiteral
testworld/clients/load.ts:659:82
-       issues.push({ client: id, check: 'trial-balance', record: 'opening', reason: `the opening trial balance has no rows and the corporation was not incorporated on the fiscal year start ${start}` })
+       issues.push({ client: id, check: 'trial-balance', record: 'opening', reason: `` })

[Survived] StringLiteral
testworld/clients/load.ts:269:98
-     return readdirSync(root, { withFileTypes: true }).find((e) => e.isSymbolicLink() && new RegExp(`^${id.slice(1)}-`).test(e.name))?.name
+     return readdirSync(root, { withFileTypes: true }).find((e) => e.isSymbolicLink() && new RegExp(``).test(e.name))?.name
Tests ran:
    W00c RC4 a client folder that is itself a link is refused (spec review 3, gap 2: every folder) ARC-8 C01 with its client folder a link to a renamed copy beside it is not listed by clientFolders, and its load is refused with a 'file' issue naming the folder
    W00c RC4 a client folder that is itself a link is refused (spec review 3, gap 2: every folder) ARC-8 C02 with its client folder a link to a renamed copy beside it is not listed by clientFolders, and its load is refused with a 'file' issue naming the folder
    W00c RC4 a client folder that is itself a link is refused (spec review 3, gap 2: every folder) ARC-8 C03 with its client folder a link to a renamed copy beside it is not listed by clientFolders, and its load is refused with a 'file' issue naming the folder
  and 12 more tests!


[Survived] LogicalOperator
testworld/clients/load.ts:269:65
-     return readdirSync(root, { withFileTypes: true }).find((e) => e.isSymbolicLink() && new RegExp(`^${id.slice(1)}-`).test(e.name))?.name
+     return readdirSync(root, { withFileTypes: true }).find((e) => e.isSymbolicLink() || new RegExp(`^${id.slice(1)}-`).test(e.name))?.name
Tests ran:
    W00c RC4 a client folder that is itself a link is refused (spec review 3, gap 2: every folder) ARC-8 C01 with its client folder a link to a renamed copy beside it is not listed by clientFolders, and its load is refused with a 'file' issue naming the folder
    W00c RC4 a client folder that is itself a link is refused (spec review 3, gap 2: every folder) ARC-8 C02 with its client folder a link to a renamed copy beside it is not listed by clientFolders, and its load is refused with a 'file' issue naming the folder
    W00c RC4 a client folder that is itself a link is refused (spec review 3, gap 2: every folder) ARC-8 C03 with its client folder a link to a renamed copy beside it is not listed by clientFolders, and its load is refused with a 'file' issue naming the folder
  and 14 more tests!


[Survived] LogicalOperator
testworld/clients/load.ts:280:65
-     if (key === 'amount') return ('acct' in h && 'date' in h) || ('lines' in h && 'reason' in h)
+     if (key === 'amount') return ('acct' in h && 'date' in h) || ('lines' in h || 'reason' in h)
Tests ran:
    W00c RC4 an account file is checked where it resolves (every account of every folder) ARC-8 C01 CHQ file set to accounts/zz-(Test).csv, a link to ../answer-key.json, is refused with a 'file' issue naming the account and the field
    W00c RC4 an account file is checked where it resolves (every account of every folder) ARC-8 C01 BCD file set to accounts/zz-(Test).csv, a link to ../answer-key.json, is refused with a 'file' issue naming the account and the field
    W00c RC4 an account file is checked where it resolves (every account of every folder) ARC-8 C01 PCD file set to accounts/zz-(Test).csv, a link to ../answer-key.json, is refused with a 'file' issue naming the account and the field
  and 448 more tests!


[Survived] ConditionalExpression
testworld/clients/load.ts:333:7
-     if (again.length > 0 || reserved.length > 0) return undefined
+     if (false) return undefined
Tests ran:
    W00c RC4 an account file is checked where it resolves (every account of every folder) ARC-8 C01 CHQ file set to accounts/zz-(Test).csv, a link to ../answer-key.json, is refused with a 'file' issue naming the account and the field
    W00c RC4 an account file is checked where it resolves (every account of every folder) ARC-8 C01 BCD file set to accounts/zz-(Test).csv, a link to ../answer-key.json, is refused with a 'file' issue naming the account and the field
    W00c RC4 an account file is checked where it resolves (every account of every folder) ARC-8 C01 PCD file set to accounts/zz-(Test).csv, a link to ../answer-key.json, is refused with a 'file' issue naming the account and the field
  and 543 more tests!


[Survived] LogicalOperator
testworld/clients/load.ts:333:7
-     if (again.length > 0 || reserved.length > 0) return undefined
+     if (again.length > 0 && reserved.length > 0) return undefined
Tests ran:
    W00c RC4 an account file is checked where it resolves (every account of every folder) ARC-8 C01 CHQ file set to accounts/zz-(Test).csv, a link to ../answer-key.json, is refused with a 'file' issue naming the account and the field
    W00c RC4 an account file is checked where it resolves (every account of every folder) ARC-8 C01 BCD file set to accounts/zz-(Test).csv, a link to ../answer-key.json, is refused with a 'file' issue naming the account and the field
    W00c RC4 an account file is checked where it resolves (every account of every folder) ARC-8 C01 PCD file set to accounts/zz-(Test).csv, a link to ../answer-key.json, is refused with a 'file' issue naming the account and the field
  and 543 more tests!


[Survived] ConditionalExpression
testworld/clients/load.ts:333:7
-     if (again.length > 0 || reserved.length > 0) return undefined
+     if (false || reserved.length > 0) return undefined
Tests ran:
    W00c RC4 an account file is checked where it resolves (every account of every folder) ARC-8 C01 CHQ file set to accounts/zz-(Test).csv, a link to ../answer-key.json, is refused with a 'file' issue naming the account and the field
    W00c RC4 an account file is checked where it resolves (every account of every folder) ARC-8 C01 BCD file set to accounts/zz-(Test).csv, a link to ../answer-key.json, is refused with a 'file' issue naming the account and the field
    W00c RC4 an account file is checked where it resolves (every account of every folder) ARC-8 C01 PCD file set to accounts/zz-(Test).csv, a link to ../answer-key.json, is refused with a 'file' issue naming the account and the field
  and 543 more tests!


[Survived] ConditionalExpression
testworld/clients/load.ts:333:27
-     if (again.length > 0 || reserved.length > 0) return undefined
+     if (again.length > 0 || false) return undefined
Tests ran:
    W00c RC4 an account file is checked where it resolves (every account of every folder) ARC-8 C01 CHQ file set to accounts/zz-(Test).csv, a link to ../answer-key.json, is refused with a 'file' issue naming the account and the field
    W00c RC4 an account file is checked where it resolves (every account of every folder) ARC-8 C01 BCD file set to accounts/zz-(Test).csv, a link to ../answer-key.json, is refused with a 'file' issue naming the account and the field
    W00c RC4 an account file is checked where it resolves (every account of every folder) ARC-8 C01 PCD file set to accounts/zz-(Test).csv, a link to ../answer-key.json, is refused with a 'file' issue naming the account and the field
  and 543 more tests!


[Survived] ConditionalExpression
testworld/clients/load.ts:367:7
-     if (typeof json === 'string') visit(path, json)
+     if (true) visit(path, json)
Tests ran:
    W00c RC4 an account file is checked where it resolves (every account of every folder) ARC-8 C01 CHQ file set to accounts/zz-(Test).csv, a link to ../answer-key.json, is refused with a 'file' issue naming the account and the field
    W00c RC4 an account file is checked where it resolves (every account of every folder) ARC-8 C01 BCD file set to accounts/zz-(Test).csv, a link to ../answer-key.json, is refused with a 'file' issue naming the account and the field
    W00c RC4 an account file is checked where it resolves (every account of every folder) ARC-8 C01 PCD file set to accounts/zz-(Test).csv, a link to ../answer-key.json, is refused with a 'file' issue naming the account and the field
  and 274 more tests!


[Survived] ConditionalExpression
testworld/clients/load.ts:367:7
-     if (typeof json === 'string') visit(path, json)
+     if (false) visit(path, json)
Tests ran:
    W00c RC4 an account file is checked where it resolves (every account of every folder) ARC-8 C01 CHQ file set to accounts/zz-(Test).csv, a link to ../answer-key.json, is refused with a 'file' issue naming the account and the field
    W00c RC4 an account file is checked where it resolves (every account of every folder) ARC-8 C01 BCD file set to accounts/zz-(Test).csv, a link to ../answer-key.json, is refused with a 'file' issue naming the account and the field
    W00c RC4 an account file is checked where it resolves (every account of every folder) ARC-8 C01 PCD file set to accounts/zz-(Test).csv, a link to ../answer-key.json, is refused with a 'file' issue naming the account and the field
  and 274 more tests!


[Survived] ArrayDeclaration
testworld/clients/load.ts:366:143
-   function stringLeaves(json: unknown, visit: (path: readonly (string | number)[], value: string) => void, path: readonly (string | number)[] = []): void {
+   function stringLeaves(json: unknown, visit: (path: readonly (string | number)[], value: string) => void, path: readonly (string | number)[] = ["Stryker was here"]): void {
Tests ran:
    W00c RC4 an account file is checked where it resolves (every account of every folder) ARC-8 C01 CHQ file set to accounts/zz-(Test).csv, a link to ../answer-key.json, is refused with a 'file' issue naming the account and the field
    W00c RC4 an account file is checked where it resolves (every account of every folder) ARC-8 C01 BCD file set to accounts/zz-(Test).csv, a link to ../answer-key.json, is refused with a 'file' issue naming the account and the field
    W00c RC4 an account file is checked where it resolves (every account of every folder) ARC-8 C01 PCD file set to accounts/zz-(Test).csv, a link to ../answer-key.json, is refused with a 'file' issue naming the account and the field
  and 274 more tests!


[Survived] EqualityOperator
testworld/clients/load.ts:367:7
-     if (typeof json === 'string') visit(path, json)
+     if (typeof json !== 'string') visit(path, json)
Tests ran:
    W00c RC4 an account file is checked where it resolves (every account of every folder) ARC-8 C01 CHQ file set to accounts/zz-(Test).csv, a link to ../answer-key.json, is refused with a 'file' issue naming the account and the field
    W00c RC4 an account file is checked where it resolves (every account of every folder) ARC-8 C01 BCD file set to accounts/zz-(Test).csv, a link to ../answer-key.json, is refused with a 'file' issue naming the account and the field
    W00c RC4 an account file is checked where it resolves (every account of every folder) ARC-8 C01 PCD file set to accounts/zz-(Test).csv, a link to ../answer-key.json, is refused with a 'file' issue naming the account and the field
  and 274 more tests!


[Survived] StringLiteral
testworld/clients/load.ts:367:23
-     if (typeof json === 'string') visit(path, json)
+     if (typeof json === "") visit(path, json)
Tests ran:
    W00c RC4 an account file is checked where it resolves (every account of every folder) ARC-8 C01 CHQ file set to accounts/zz-(Test).csv, a link to ../answer-key.json, is refused with a 'file' issue naming the account and the field
    W00c RC4 an account file is checked where it resolves (every account of every folder) ARC-8 C01 BCD file set to accounts/zz-(Test).csv, a link to ../answer-key.json, is refused with a 'file' issue naming the account and the field
    W00c RC4 an account file is checked where it resolves (every account of every folder) ARC-8 C01 PCD file set to accounts/zz-(Test).csv, a link to ../answer-key.json, is refused with a 'file' issue naming the account and the field
  and 274 more tests!


[Survived] CallExpression
testworld/clients/load.ts:367:33
-     if (typeof json === 'string') visit(path, json)
+     if (typeof json === 'string') ;
Tests ran:
    W00c RC4 an account file is checked where it resolves (every account of every folder) ARC-8 C01 CHQ file set to accounts/zz-(Test).csv, a link to ../answer-key.json, is refused with a 'file' issue naming the account and the field
    W00c RC4 an account file is checked where it resolves (every account of every folder) ARC-8 C01 BCD file set to accounts/zz-(Test).csv, a link to ../answer-key.json, is refused with a 'file' issue naming the account and the field
    W00c RC4 an account file is checked where it resolves (every account of every folder) ARC-8 C01 PCD file set to accounts/zz-(Test).csv, a link to ../answer-key.json, is refused with a 'file' issue naming the account and the field
  and 274 more tests!


[Survived] ConditionalExpression
testworld/clients/load.ts:368:12
-     else if (Array.isArray(json)) for (const [i, x] of json.entries()) stringLeaves(x, visit, [...path, i])
+     else if (false) for (const [i, x] of json.entries()) stringLeaves(x, visit, [...path, i])
Tests ran:
    W00c RC4 an account file is checked where it resolves (every account of every folder) ARC-8 C01 CHQ file set to accounts/zz-(Test).csv, a link to ../answer-key.json, is refused with a 'file' issue naming the account and the field
    W00c RC4 an account file is checked where it resolves (every account of every folder) ARC-8 C01 BCD file set to accounts/zz-(Test).csv, a link to ../answer-key.json, is refused with a 'file' issue naming the account and the field
    W00c RC4 an account file is checked where it resolves (every account of every folder) ARC-8 C01 PCD file set to accounts/zz-(Test).csv, a link to ../answer-key.json, is refused with a 'file' issue naming the account and the field
  and 274 more tests!


[Survived] ArrayDeclaration
testworld/clients/load.ts:368:93
-     else if (Array.isArray(json)) for (const [i, x] of json.entries()) stringLeaves(x, visit, [...path, i])
+     else if (Array.isArray(json)) for (const [i, x] of json.entries()) stringLeaves(x, visit, [])
Tests ran:
    W00c RC4 an account file is checked where it resolves (every account of every folder) ARC-8 C01 CHQ file set to accounts/zz-(Test).csv, a link to ../answer-key.json, is refused with a 'file' issue naming the account and the field
    W00c RC4 an account file is checked where it resolves (every account of every folder) ARC-8 C01 BCD file set to accounts/zz-(Test).csv, a link to ../answer-key.json, is refused with a 'file' issue naming the account and the field
    W00c RC4 an account file is checked where it resolves (every account of every folder) ARC-8 C01 PCD file set to accounts/zz-(Test).csv, a link to ../answer-key.json, is refused with a 'file' issue naming the account and the field
  and 274 more tests!


[Survived] ConditionalExpression
testworld/clients/load.ts:369:12
-     else if (json !== null && typeof json === 'object') for (const [k, v] of Object.entries(json)) stringLeaves(v, visit, [...path, k])
+     else if (false) for (const [k, v] of Object.entries(json)) stringLeaves(v, visit, [...path, k])
Tests ran:
    W00c RC4 an account file is checked where it resolves (every account of every folder) ARC-8 C01 CHQ file set to accounts/zz-(Test).csv, a link to ../answer-key.json, is refused with a 'file' issue naming the account and the field
    W00c RC4 an account file is checked where it resolves (every account of every folder) ARC-8 C01 BCD file set to accounts/zz-(Test).csv, a link to ../answer-key.json, is refused with a 'file' issue naming the account and the field
    W00c RC4 an account file is checked where it resolves (every account of every folder) ARC-8 C01 PCD file set to accounts/zz-(Test).csv, a link to ../answer-key.json, is refused with a 'file' issue naming the account and the field
  and 274 more tests!


[Survived] EqualityOperator
testworld/clients/load.ts:369:12
-     else if (json !== null && typeof json === 'object') for (const [k, v] of Object.entries(json)) stringLeaves(v, visit, [...path, k])
+     else if (json === null && typeof json === 'object') for (const [k, v] of Object.entries(json)) stringLeaves(v, visit, [...path, k])
Tests ran:
    W00c RC4 an account file is checked where it resolves (every account of every folder) ARC-8 C01 CHQ file set to accounts/zz-(Test).csv, a link to ../answer-key.json, is refused with a 'file' issue naming the account and the field
    W00c RC4 an account file is checked where it resolves (every account of every folder) ARC-8 C01 BCD file set to accounts/zz-(Test).csv, a link to ../answer-key.json, is refused with a 'file' issue naming the account and the field
    W00c RC4 an account file is checked where it resolves (every account of every folder) ARC-8 C01 PCD file set to accounts/zz-(Test).csv, a link to ../answer-key.json, is refused with a 'file' issue naming the account and the field
  and 274 more tests!


[Survived] EqualityOperator
testworld/clients/load.ts:369:29
-     else if (json !== null && typeof json === 'object') for (const [k, v] of Object.entries(json)) stringLeaves(v, visit, [...path, k])
+     else if (json !== null && typeof json !== 'object') for (const [k, v] of Object.entries(json)) stringLeaves(v, visit, [...path, k])
Tests ran:
    W00c RC4 an account file is checked where it resolves (every account of every folder) ARC-8 C01 CHQ file set to accounts/zz-(Test).csv, a link to ../answer-key.json, is refused with a 'file' issue naming the account and the field
    W00c RC4 an account file is checked where it resolves (every account of every folder) ARC-8 C01 BCD file set to accounts/zz-(Test).csv, a link to ../answer-key.json, is refused with a 'file' issue naming the account and the field
    W00c RC4 an account file is checked where it resolves (every account of every folder) ARC-8 C01 PCD file set to accounts/zz-(Test).csv, a link to ../answer-key.json, is refused with a 'file' issue naming the account and the field
  and 274 more tests!


[Survived] StringLiteral
testworld/clients/load.ts:369:45
-     else if (json !== null && typeof json === 'object') for (const [k, v] of Object.entries(json)) stringLeaves(v, visit, [...path, k])
+     else if (json !== null && typeof json === "") for (const [k, v] of Object.entries(json)) stringLeaves(v, visit, [...path, k])
Tests ran:
    W00c RC4 an account file is checked where it resolves (every account of every folder) ARC-8 C01 CHQ file set to accounts/zz-(Test).csv, a link to ../answer-key.json, is refused with a 'file' issue naming the account and the field
    W00c RC4 an account file is checked where it resolves (every account of every folder) ARC-8 C01 BCD file set to accounts/zz-(Test).csv, a link to ../answer-key.json, is refused with a 'file' issue naming the account and the field
    W00c RC4 an account file is checked where it resolves (every account of every folder) ARC-8 C01 PCD file set to accounts/zz-(Test).csv, a link to ../answer-key.json, is refused with a 'file' issue naming the account and the field
  and 274 more tests!


[Survived] ConditionalExpression
testworld/clients/load.ts:369:29
-     else if (json !== null && typeof json === 'object') for (const [k, v] of Object.entries(json)) stringLeaves(v, visit, [...path, k])
+     else if (json !== null && true) for (const [k, v] of Object.entries(json)) stringLeaves(v, visit, [...path, k])
Tests ran:
    W00c RC4 an account file is checked where it resolves (every account of every folder) ARC-8 C01 CHQ file set to accounts/zz-(Test).csv, a link to ../answer-key.json, is refused with a 'file' issue naming the account and the field
    W00c RC4 an account file is checked where it resolves (every account of every folder) ARC-8 C01 BCD file set to accounts/zz-(Test).csv, a link to ../answer-key.json, is refused with a 'file' issue naming the account and the field
    W00c RC4 an account file is checked where it resolves (every account of every folder) ARC-8 C01 PCD file set to accounts/zz-(Test).csv, a link to ../answer-key.json, is refused with a 'file' issue naming the account and the field
  and 274 more tests!


[Survived] ArrayDeclaration
testworld/clients/load.ts:369:121
-     else if (json !== null && typeof json === 'object') for (const [k, v] of Object.entries(json)) stringLeaves(v, visit, [...path, k])
+     else if (json !== null && typeof json === 'object') for (const [k, v] of Object.entries(json)) stringLeaves(v, visit, [])
Tests ran:
    W00c RC4 an account file is checked where it resolves (every account of every folder) ARC-8 C01 CHQ file set to accounts/zz-(Test).csv, a link to ../answer-key.json, is refused with a 'file' issue naming the account and the field
    W00c RC4 an account file is checked where it resolves (every account of every folder) ARC-8 C01 BCD file set to accounts/zz-(Test).csv, a link to ../answer-key.json, is refused with a 'file' issue naming the account and the field
    W00c RC4 an account file is checked where it resolves (every account of every folder) ARC-8 C01 PCD file set to accounts/zz-(Test).csv, a link to ../answer-key.json, is refused with a 'file' issue naming the account and the field
  and 274 more tests!


[Survived] ConditionalExpression
testworld/clients/load.ts:381:7
-     if (TIMESTAMP.test(v)) return isCalendarDate(v.slice(0, 10)) ? undefined : 'its date part is not a calendar date written YYYY-MM-DD'
+     if (false) return isCalendarDate(v.slice(0, 10)) ? undefined : 'its date part is not a calendar date written YYYY-MM-DD'
Tests ran:
    W00c RC4 an account file is checked where it resolves (every account of every folder) ARC-8 C01 CHQ file set to accounts/zz-(Test).csv, a link to ../answer-key.json, is refused with a 'file' issue naming the account and the field
    W00c RC4 an account file is checked where it resolves (every account of every folder) ARC-8 C01 BCD file set to accounts/zz-(Test).csv, a link to ../answer-key.json, is refused with a 'file' issue naming the account and the field
    W00c RC4 an account file is checked where it resolves (every account of every folder) ARC-8 C01 PCD file set to accounts/zz-(Test).csv, a link to ../answer-key.json, is refused with a 'file' issue naming the account and the field
  and 274 more tests!


[Survived] ConditionalExpression
testworld/clients/load.ts:382:7
-     if (!DATE_SHAPED.test(v) || DECIMAL.test(v) || isCalendarDate(v) || MONTH.test(v)) return undefined
+     if (true) return undefined
Tests ran:
    W00c RC4 an account file is checked where it resolves (every account of every folder) ARC-8 C01 CHQ file set to accounts/zz-(Test).csv, a link to ../answer-key.json, is refused with a 'file' issue naming the account and the field
    W00c RC4 an account file is checked where it resolves (every account of every folder) ARC-8 C01 BCD file set to accounts/zz-(Test).csv, a link to ../answer-key.json, is refused with a 'file' issue naming the account and the field
    W00c RC4 an account file is checked where it resolves (every account of every folder) ARC-8 C01 PCD file set to accounts/zz-(Test).csv, a link to ../answer-key.json, is refused with a 'file' issue naming the account and the field
  and 274 more tests!


[Survived] ConditionalExpression
testworld/clients/load.ts:398:9
-       if (cur === null || typeof cur !== 'object' || !Object.hasOwn(cur, k)) return false
+       if (false || !Object.hasOwn(cur, k)) return false
Tests ran:
    W00c RC4 an account file is checked where it resolves (every account of every folder) ARC-8 C01 CHQ file set to accounts/zz-(Test).csv, a link to ../answer-key.json, is refused with a 'file' issue naming the account and the field
    W00c RC4 an account file is checked where it resolves (every account of every folder) ARC-8 C01 BCD file set to accounts/zz-(Test).csv, a link to ../answer-key.json, is refused with a 'file' issue naming the account and the field
    W00c RC4 an account file is checked where it resolves (every account of every folder) ARC-8 C01 PCD file set to accounts/zz-(Test).csv, a link to ../answer-key.json, is refused with a 'file' issue naming the account and the field
  and 271 more tests!


[Survived] LogicalOperator
testworld/clients/load.ts:398:9
-       if (cur === null || typeof cur !== 'object' || !Object.hasOwn(cur, k)) return false
+       if (cur === null && typeof cur !== 'object' || !Object.hasOwn(cur, k)) return false
Tests ran:
    W00c RC4 an account file is checked where it resolves (every account of every folder) ARC-8 C01 CHQ file set to accounts/zz-(Test).csv, a link to ../answer-key.json, is refused with a 'file' issue naming the account and the field
    W00c RC4 an account file is checked where it resolves (every account of every folder) ARC-8 C01 BCD file set to accounts/zz-(Test).csv, a link to ../answer-key.json, is refused with a 'file' issue naming the account and the field
    W00c RC4 an account file is checked where it resolves (every account of every folder) ARC-8 C01 PCD file set to accounts/zz-(Test).csv, a link to ../answer-key.json, is refused with a 'file' issue naming the account and the field
  and 271 more tests!


[Survived] ConditionalExpression
testworld/clients/load.ts:398:9
-       if (cur === null || typeof cur !== 'object' || !Object.hasOwn(cur, k)) return false
+       if (false || typeof cur !== 'object' || !Object.hasOwn(cur, k)) return false
Tests ran:
    W00c RC4 an account file is checked where it resolves (every account of every folder) ARC-8 C01 CHQ file set to accounts/zz-(Test).csv, a link to ../answer-key.json, is refused with a 'file' issue naming the account and the field
    W00c RC4 an account file is checked where it resolves (every account of every folder) ARC-8 C01 BCD file set to accounts/zz-(Test).csv, a link to ../answer-key.json, is refused with a 'file' issue naming the account and the field
    W00c RC4 an account file is checked where it resolves (every account of every folder) ARC-8 C01 PCD file set to accounts/zz-(Test).csv, a link to ../answer-key.json, is refused with a 'file' issue naming the account and the field
  and 271 more tests!


[Survived] ConditionalExpression
testworld/clients/load.ts:398:25
-       if (cur === null || typeof cur !== 'object' || !Object.hasOwn(cur, k)) return false
+       if (cur === null || false || !Object.hasOwn(cur, k)) return false
Tests ran:
    W00c RC4 an account file is checked where it resolves (every account of every folder) ARC-8 C01 CHQ file set to accounts/zz-(Test).csv, a link to ../answer-key.json, is refused with a 'file' issue naming the account and the field
    W00c RC4 an account file is checked where it resolves (every account of every folder) ARC-8 C01 BCD file set to accounts/zz-(Test).csv, a link to ../answer-key.json, is refused with a 'file' issue naming the account and the field
    W00c RC4 an account file is checked where it resolves (every account of every folder) ARC-8 C01 PCD file set to accounts/zz-(Test).csv, a link to ../answer-key.json, is refused with a 'file' issue naming the account and the field
  and 271 more tests!


[Survived] ConditionalExpression
testworld/clients/load.ts:408:7
-     if (folder === undefined) {
+     if (true) {
Tests ran:
    W00c RC4 an account file is checked where it resolves (every account of every folder) ARC-8 C01 CHQ file set to accounts/zz-(Test).csv, a link to ../answer-key.json, is refused with a 'file' issue naming the account and the field
    W00c RC4 an account file is checked where it resolves (every account of every folder) ARC-8 C01 BCD file set to accounts/zz-(Test).csv, a link to ../answer-key.json, is refused with a 'file' issue naming the account and the field
    W00c RC4 an account file is checked where it resolves (every account of every folder) ARC-8 C01 PCD file set to accounts/zz-(Test).csv, a link to ../answer-key.json, is refused with a 'file' issue naming the account and the field
  and 560 more tests!


[Survived] ConditionalExpression
testworld/clients/load.ts:438:9
-       if (value === undefined) return
+       if (true) return
Tests ran:
    W00c RC4 an account file is checked where it resolves (every account of every folder) ARC-8 C01 CHQ file set to accounts/zz-(Test).csv, a link to ../answer-key.json, is refused with a 'file' issue naming the account and the field
    W00c RC4 an account file is checked where it resolves (every account of every folder) ARC-8 C01 BCD file set to accounts/zz-(Test).csv, a link to ../answer-key.json, is refused with a 'file' issue naming the account and the field
    W00c RC4 an account file is checked where it resolves (every account of every folder) ARC-8 C01 PCD file set to accounts/zz-(Test).csv, a link to ../answer-key.json, is refused with a 'file' issue naming the account and the field
  and 274 more tests!


[Survived] ConditionalExpression
testworld/clients/load.ts:438:9
-       if (value === undefined) return
+       if (false) return
Tests ran:
    W00c RC4 an account file is checked where it resolves (every account of every folder) ARC-8 C01 CHQ file set to accounts/zz-(Test).csv, a link to ../answer-key.json, is refused with a 'file' issue naming the account and the field
    W00c RC4 an account file is checked where it resolves (every account of every folder) ARC-8 C01 BCD file set to accounts/zz-(Test).csv, a link to ../answer-key.json, is refused with a 'file' issue naming the account and the field
    W00c RC4 an account file is checked where it resolves (every account of every folder) ARC-8 C01 PCD file set to accounts/zz-(Test).csv, a link to ../answer-key.json, is refused with a 'file' issue naming the account and the field
  and 274 more tests!


[Survived] EqualityOperator
testworld/clients/load.ts:438:9
-       if (value === undefined) return
+       if (value !== undefined) return
Tests ran:
    W00c RC4 an account file is checked where it resolves (every account of every folder) ARC-8 C01 CHQ file set to accounts/zz-(Test).csv, a link to ../answer-key.json, is refused with a 'file' issue naming the account and the field
    W00c RC4 an account file is checked where it resolves (every account of every folder) ARC-8 C01 BCD file set to accounts/zz-(Test).csv, a link to ../answer-key.json, is refused with a 'file' issue naming the account and the field
    W00c RC4 an account file is checked where it resolves (every account of every folder) ARC-8 C01 PCD file set to accounts/zz-(Test).csv, a link to ../answer-key.json, is refused with a 'file' issue naming the account and the field
  and 274 more tests!


[Survived] ConditionalExpression
testworld/clients/load.ts:439:9
-       if (!isCalendarDate(value)) schemaIssue(`onboarding.json ${field}`, 'it is not a calendar date written YYYY-MM-DD')
+       if (false) schemaIssue(`onboarding.json ${field}`, 'it is not a calendar date written YYYY-MM-DD')
Tests ran:
    W00c RC4 an account file is checked where it resolves (every account of every folder) ARC-8 C01 CHQ file set to accounts/zz-(Test).csv, a link to ../answer-key.json, is refused with a 'file' issue naming the account and the field
    W00c RC4 an account file is checked where it resolves (every account of every folder) ARC-8 C01 BCD file set to accounts/zz-(Test).csv, a link to ../answer-key.json, is refused with a 'file' issue naming the account and the field
    W00c RC4 an account file is checked where it resolves (every account of every folder) ARC-8 C01 PCD file set to accounts/zz-(Test).csv, a link to ../answer-key.json, is refused with a 'file' issue naming the account and the field
  and 274 more tests!


[Survived] ConditionalExpression
testworld/clients/load.ts:442:11
-         if (why !== undefined) schemaIssue(`onboarding.json ${field}`, why)
+         if (false) schemaIssue(`onboarding.json ${field}`, why)
Tests ran:
    W00c RC4 an account file is checked where it resolves (every account of every folder) ARC-8 C01 CHQ file set to accounts/zz-(Test).csv, a link to ../answer-key.json, is refused with a 'file' issue naming the account and the field
    W00c RC4 an account file is checked where it resolves (every account of every folder) ARC-8 C01 BCD file set to accounts/zz-(Test).csv, a link to ../answer-key.json, is refused with a 'file' issue naming the account and the field
    W00c RC4 an account file is checked where it resolves (every account of every folder) ARC-8 C01 PCD file set to accounts/zz-(Test).csv, a link to ../answer-key.json, is refused with a 'file' issue naming the account and the field
  and 274 more tests!


[Survived] StringLiteral
testworld/clients/load.ts:445:8
-     twin('corporation.financial_year_end', onb.corporation.financial_year_end, (v) => (v === end ? undefined : `it is ${v} but the fiscal year ends ${end}`))
+     twin("", onb.corporation.financial_year_end, (v) => (v === end ? undefined : `it is ${v} but the fiscal year ends ${end}`))
Tests ran:
    W00c RC4 an account file is checked where it resolves (every account of every folder) ARC-8 C01 CHQ file set to accounts/zz-(Test).csv, a link to ../answer-key.json, is refused with a 'file' issue naming the account and the field
    W00c RC4 an account file is checked where it resolves (every account of every folder) ARC-8 C01 BCD file set to accounts/zz-(Test).csv, a link to ../answer-key.json, is refused with a 'file' issue naming the account and the field
    W00c RC4 an account file is checked where it resolves (every account of every folder) ARC-8 C01 PCD file set to accounts/zz-(Test).csv, a link to ../answer-key.json, is refused with a 'file' issue naming the account and the field
  and 274 more tests!


[Survived] ArrowFunction
testworld/clients/load.ts:445:78
-     twin('corporation.financial_year_end', onb.corporation.financial_year_end, (v) => (v === end ? undefined : `it is ${v} but the fiscal year ends ${end}`))
+     twin('corporation.financial_year_end', onb.corporation.financial_year_end, () => undefined)
Tests ran:
    W00c RC4 an account file is checked where it resolves (every account of every folder) ARC-8 C01 CHQ file set to accounts/zz-(Test).csv, a link to ../answer-key.json, is refused with a 'file' issue naming the account and the field
    W00c RC4 an account file is checked where it resolves (every account of every folder) ARC-8 C01 BCD file set to accounts/zz-(Test).csv, a link to ../answer-key.json, is refused with a 'file' issue naming the account and the field
    W00c RC4 an account file is checked where it resolves (every account of every folder) ARC-8 C01 PCD file set to accounts/zz-(Test).csv, a link to ../answer-key.json, is refused with a 'file' issue naming the account and the field
  and 274 more tests!


[Survived] ConditionalExpression
testworld/clients/load.ts:445:86
-     twin('corporation.financial_year_end', onb.corporation.financial_year_end, (v) => (v === end ? undefined : `it is ${v} but the fiscal year ends ${end}`))
+     twin('corporation.financial_year_end', onb.corporation.financial_year_end, (v) => (true ? undefined : `it is ${v} but the fiscal year ends ${end}`))
Tests ran:
    W00c RC4 an account file is checked where it resolves (every account of every folder) ARC-8 C01 CHQ file set to accounts/zz-(Test).csv, a link to ../answer-key.json, is refused with a 'file' issue naming the account and the field
    W00c RC4 an account file is checked where it resolves (every account of every folder) ARC-8 C01 BCD file set to accounts/zz-(Test).csv, a link to ../answer-key.json, is refused with a 'file' issue naming the account and the field
    W00c RC4 an account file is checked where it resolves (every account of every folder) ARC-8 C01 PCD file set to accounts/zz-(Test).csv, a link to ../answer-key.json, is refused with a 'file' issue naming the account and the field
  and 274 more tests!


[Survived] StringLiteral
testworld/clients/load.ts:446:8
-     twin('corporation.fiscal_year_start', onb.corporation.fiscal_year_start, (v) => (v === start ? undefined : `it is ${v} but the fiscal year starts ${start}`))
+     twin("", onb.corporation.fiscal_year_start, (v) => (v === start ? undefined : `it is ${v} but the fiscal year starts ${start}`))
Tests ran:
    W00c RC4 an account file is checked where it resolves (every account of every folder) ARC-8 C01 CHQ file set to accounts/zz-(Test).csv, a link to ../answer-key.json, is refused with a 'file' issue naming the account and the field
    W00c RC4 an account file is checked where it resolves (every account of every folder) ARC-8 C01 BCD file set to accounts/zz-(Test).csv, a link to ../answer-key.json, is refused with a 'file' issue naming the account and the field
    W00c RC4 an account file is checked where it resolves (every account of every folder) ARC-8 C01 PCD file set to accounts/zz-(Test).csv, a link to ../answer-key.json, is refused with a 'file' issue naming the account and the field
  and 274 more tests!


[Survived] ArrowFunction
testworld/clients/load.ts:446:76
-     twin('corporation.fiscal_year_start', onb.corporation.fiscal_year_start, (v) => (v === start ? undefined : `it is ${v} but the fiscal year starts ${start}`))
+     twin('corporation.fiscal_year_start', onb.corporation.fiscal_year_start, () => undefined)
Tests ran:
    W00c RC4 an account file is checked where it resolves (every account of every folder) ARC-8 C01 CHQ file set to accounts/zz-(Test).csv, a link to ../answer-key.json, is refused with a 'file' issue naming the account and the field
    W00c RC4 an account file is checked where it resolves (every account of every folder) ARC-8 C01 BCD file set to accounts/zz-(Test).csv, a link to ../answer-key.json, is refused with a 'file' issue naming the account and the field
    W00c RC4 an account file is checked where it resolves (every account of every folder) ARC-8 C01 PCD file set to accounts/zz-(Test).csv, a link to ../answer-key.json, is refused with a 'file' issue naming the account and the field
  and 274 more tests!


[Survived] ConditionalExpression
testworld/clients/load.ts:446:84
-     twin('corporation.fiscal_year_start', onb.corporation.fiscal_year_start, (v) => (v === start ? undefined : `it is ${v} but the fiscal year starts ${start}`))
+     twin('corporation.fiscal_year_start', onb.corporation.fiscal_year_start, (v) => (true ? undefined : `it is ${v} but the fiscal year starts ${start}`))
Tests ran:
    W00c RC4 an account file is checked where it resolves (every account of every folder) ARC-8 C01 CHQ file set to accounts/zz-(Test).csv, a link to ../answer-key.json, is refused with a 'file' issue naming the account and the field
    W00c RC4 an account file is checked where it resolves (every account of every folder) ARC-8 C01 BCD file set to accounts/zz-(Test).csv, a link to ../answer-key.json, is refused with a 'file' issue naming the account and the field
    W00c RC4 an account file is checked where it resolves (every account of every folder) ARC-8 C01 PCD file set to accounts/zz-(Test).csv, a link to ../answer-key.json, is refused with a 'file' issue naming the account and the field
  and 274 more tests!


[Survived] StringLiteral
testworld/clients/load.ts:447:8
-     twin('corporation.incorporation_date', onb.corporation.incorporation_date, (v) => (v <= start ? undefined : `it is ${v}, after the fiscal year starts on ${start}`))
+     twin("", onb.corporation.incorporation_date, (v) => (v <= start ? undefined : `it is ${v}, after the fiscal year starts on ${start}`))
Tests ran:
    W00c RC4 an account file is checked where it resolves (every account of every folder) ARC-8 C01 CHQ file set to accounts/zz-(Test).csv, a link to ../answer-key.json, is refused with a 'file' issue naming the account and the field
    W00c RC4 an account file is checked where it resolves (every account of every folder) ARC-8 C01 BCD file set to accounts/zz-(Test).csv, a link to ../answer-key.json, is refused with a 'file' issue naming the account and the field
    W00c RC4 an account file is checked where it resolves (every account of every folder) ARC-8 C01 PCD file set to accounts/zz-(Test).csv, a link to ../answer-key.json, is refused with a 'file' issue naming the account and the field
  and 274 more tests!


[Survived] ArrowFunction
testworld/clients/load.ts:447:78
-     twin('corporation.incorporation_date', onb.corporation.incorporation_date, (v) => (v <= start ? undefined : `it is ${v}, after the fiscal year starts on ${start}`))
+     twin('corporation.incorporation_date', onb.corporation.incorporation_date, () => undefined)
Tests ran:
    W00c RC4 an account file is checked where it resolves (every account of every folder) ARC-8 C01 CHQ file set to accounts/zz-(Test).csv, a link to ../answer-key.json, is refused with a 'file' issue naming the account and the field
    W00c RC4 an account file is checked where it resolves (every account of every folder) ARC-8 C01 BCD file set to accounts/zz-(Test).csv, a link to ../answer-key.json, is refused with a 'file' issue naming the account and the field
    W00c RC4 an account file is checked where it resolves (every account of every folder) ARC-8 C01 PCD file set to accounts/zz-(Test).csv, a link to ../answer-key.json, is refused with a 'file' issue naming the account and the field
  and 274 more tests!


[Survived] ConditionalExpression
testworld/clients/load.ts:447:86
-     twin('corporation.incorporation_date', onb.corporation.incorporation_date, (v) => (v <= start ? undefined : `it is ${v}, after the fiscal year starts on ${start}`))
+     twin('corporation.incorporation_date', onb.corporation.incorporation_date, (v) => (true ? undefined : `it is ${v}, after the fiscal year starts on ${start}`))
Tests ran:
    W00c RC4 an account file is checked where it resolves (every account of every folder) ARC-8 C01 CHQ file set to accounts/zz-(Test).csv, a link to ../answer-key.json, is refused with a 'file' issue naming the account and the field
    W00c RC4 an account file is checked where it resolves (every account of every folder) ARC-8 C01 BCD file set to accounts/zz-(Test).csv, a link to ../answer-key.json, is refused with a 'file' issue naming the account and the field
    W00c RC4 an account file is checked where it resolves (every account of every folder) ARC-8 C01 PCD file set to accounts/zz-(Test).csv, a link to ../answer-key.json, is refused with a 'file' issue naming the account and the field
  and 274 more tests!


[Survived] StringLiteral
testworld/clients/load.ts:448:8
-     twin('prior_year_closing_balances.as_of', onb.prior_year_closing_balances?.as_of, (v) =>
+     twin("", onb.prior_year_closing_balances?.as_of, (v) =>
Tests ran:
    W00c RC4 an account file is checked where it resolves (every account of every folder) ARC-8 C01 CHQ file set to accounts/zz-(Test).csv, a link to ../answer-key.json, is refused with a 'file' issue naming the account and the field
    W00c RC4 an account file is checked where it resolves (every account of every folder) ARC-8 C01 BCD file set to accounts/zz-(Test).csv, a link to ../answer-key.json, is refused with a 'file' issue naming the account and the field
    W00c RC4 an account file is checked where it resolves (every account of every folder) ARC-8 C01 PCD file set to accounts/zz-(Test).csv, a link to ../answer-key.json, is refused with a 'file' issue naming the account and the field
  and 274 more tests!


[Survived] OptionalChaining
testworld/clients/load.ts:448:45
-     twin('prior_year_closing_balances.as_of', onb.prior_year_closing_balances?.as_of, (v) =>
+     twin('prior_year_closing_balances.as_of', onb.prior_year_closing_balances.as_of, (v) =>
Tests ran:
    W00c RC4 an account file is checked where it resolves (every account of every folder) ARC-8 C01 CHQ file set to accounts/zz-(Test).csv, a link to ../answer-key.json, is refused with a 'file' issue naming the account and the field
    W00c RC4 an account file is checked where it resolves (every account of every folder) ARC-8 C01 BCD file set to accounts/zz-(Test).csv, a link to ../answer-key.json, is refused with a 'file' issue naming the account and the field
    W00c RC4 an account file is checked where it resolves (every account of every folder) ARC-8 C01 PCD file set to accounts/zz-(Test).csv, a link to ../answer-key.json, is refused with a 'file' issue naming the account and the field
  and 274 more tests!


[Survived] ConditionalExpression
testworld/clients/load.ts:449:5
-       v === dayBefore(start) ? undefined : `it is ${v} but the prior year closes the day before the fiscal year starts on ${start}`,
+       true ? undefined : `it is ${v} but the prior year closes the day before the fiscal year starts on ${start}`,
Tests ran:
    W00c RC4 an account file is checked where it resolves (every account of every folder) ARC-8 C01 CHQ file set to accounts/zz-(Test).csv, a link to ../answer-key.json, is refused with a 'file' issue naming the account and the field
    W00c RC4 an account file is checked where it resolves (every account of every folder) ARC-8 C01 BCD file set to accounts/zz-(Test).csv, a link to ../answer-key.json, is refused with a 'file' issue naming the account and the field
    W00c RC4 an account file is checked where it resolves (every account of every folder) ARC-8 C01 PCD file set to accounts/zz-(Test).csv, a link to ../answer-key.json, is refused with a 'file' issue naming the account and the field
  and 274 more tests!


[Survived] StringLiteral
testworld/clients/load.ts:456:22
-         const record = `${file} ${path.join('.')}`
+         const record = ``
Tests ran:
    W00c RC4 an account file is checked where it resolves (every account of every folder) ARC-8 C01 CHQ file set to accounts/zz-(Test).csv, a link to ../answer-key.json, is refused with a 'file' issue naming the account and the field
    W00c RC4 an account file is checked where it resolves (every account of every folder) ARC-8 C01 BCD file set to accounts/zz-(Test).csv, a link to ../answer-key.json, is refused with a 'file' issue naming the account and the field
    W00c RC4 an account file is checked where it resolves (every account of every folder) ARC-8 C01 PCD file set to accounts/zz-(Test).csv, a link to ../answer-key.json, is refused with a 'file' issue naming the account and the field
  and 274 more tests!


[Survived] StringLiteral
testworld/clients/load.ts:456:43
-         const record = `${file} ${path.join('.')}`
+         const record = `${file} ${path.join("")}`
Tests ran:
    W00c RC4 an account file is checked where it resolves (every account of every folder) ARC-8 C01 CHQ file set to accounts/zz-(Test).csv, a link to ../answer-key.json, is refused with a 'file' issue naming the account and the field
    W00c RC4 an account file is checked where it resolves (every account of every folder) ARC-8 C01 BCD file set to accounts/zz-(Test).csv, a link to ../answer-key.json, is refused with a 'file' issue naming the account and the field
    W00c RC4 an account file is checked where it resolves (every account of every folder) ARC-8 C01 PCD file set to accounts/zz-(Test).csv, a link to ../answer-key.json, is refused with a 'file' issue naming the account and the field
  and 274 more tests!


[Survived] ConditionalExpression
testworld/clients/load.ts:457:11
-         if (why !== undefined && !issues.some((i) => i.record === record)) schemaIssue(record, why)
+         if (false) schemaIssue(record, why)
Tests ran:
    W00c RC4 an account file is checked where it resolves (every account of every folder) ARC-8 C01 CHQ file set to accounts/zz-(Test).csv, a link to ../answer-key.json, is refused with a 'file' issue naming the account and the field
    W00c RC4 an account file is checked where it resolves (every account of every folder) ARC-8 C01 BCD file set to accounts/zz-(Test).csv, a link to ../answer-key.json, is refused with a 'file' issue naming the account and the field
    W00c RC4 an account file is checked where it resolves (every account of every folder) ARC-8 C01 PCD file set to accounts/zz-(Test).csv, a link to ../answer-key.json, is refused with a 'file' issue naming the account and the field
  and 274 more tests!


[Survived] ConditionalExpression
testworld/clients/load.ts:460:7
-     if (daysIn(start, end) !== key.fiscalYear.days) schemaIssue('answer-key.json fiscalYear.days', `it is ${String(key.fiscalYear.days)} but the fiscal year runs ${start} to ${end}, ${String(daysIn(start, end))} days`)
+     if (false) schemaIssue('answer-key.json fiscalYear.days', `it is ${String(key.fiscalYear.days)} but the fiscal year runs ${start} to ${end}, ${String(daysIn(start, end))} days`)
Tests ran:
    W00c RC4 an account file is checked where it resolves (every account of every folder) ARC-8 C01 CHQ file set to accounts/zz-(Test).csv, a link to ../answer-key.json, is refused with a 'file' issue naming the account and the field
    W00c RC4 an account file is checked where it resolves (every account of every folder) ARC-8 C01 BCD file set to accounts/zz-(Test).csv, a link to ../answer-key.json, is refused with a 'file' issue naming the account and the field
    W00c RC4 an account file is checked where it resolves (every account of every folder) ARC-8 C01 PCD file set to accounts/zz-(Test).csv, a link to ../answer-key.json, is refused with a 'file' issue naming the account and the field
  and 274 more tests!


[Survived] ConditionalExpression
testworld/clients/load.ts:480:9
-       if (t.totalDebitCents !== key.trialBalance[name].totalDebit) issues.push({ client: id, check: 'trial-balance', record: name, reason: `its totalDebit is written ${String(key.trialBalance[name].totalDebit)} but its rows add up to ${String(t.totalDebitCents)}` })
+       if (false) issues.push({ client: id, check: 'trial-balance', record: name, reason: `its totalDebit is written ${String(key.trialBalance[name].totalDebit)} but its rows add up to ${String(t.totalDebitCents)}` })
Tests ran:
    W00c RC4 an account file is checked where it resolves (every account of every folder) ARC-8 C01 CHQ file set to accounts/zz-(Test).csv, a link to ../answer-key.json, is refused with a 'file' issue naming the account and the field
    W00c RC4 an account file is checked where it resolves (every account of every folder) ARC-8 C01 BCD file set to accounts/zz-(Test).csv, a link to ../answer-key.json, is refused with a 'file' issue naming the account and the field
    W00c RC4 an account file is checked where it resolves (every account of every folder) ARC-8 C01 PCD file set to accounts/zz-(Test).csv, a link to ../answer-key.json, is refused with a 'file' issue naming the account and the field
  and 274 more tests!


[Survived] StringLiteral
testworld/clients/load.ts:485:42
-       if (debits !== j.amount) schemaIssue(`${j.id} amount`, `it is written ${String(j.amount)} but its lines debit ${String(debits)}`)
+       if (debits !== j.amount) schemaIssue(``, `it is written ${String(j.amount)} but its lines debit ${String(debits)}`)
Tests ran:
    ARC-13 money fields read as cents from their text ARC-13 a bad amount on a line with no id names the file and the field only


[Survived] StringLiteral
testworld/clients/load.ts:485:60
-       if (debits !== j.amount) schemaIssue(`${j.id} amount`, `it is written ${String(j.amount)} but its lines debit ${String(debits)}`)
+       if (debits !== j.amount) schemaIssue(`${j.id} amount`, ``)
Tests ran:
    ARC-13 money fields read as cents from their text ARC-13 a bad amount on a line with no id names the file and the field only


[Survived] ConditionalExpression
testworld/clients/load.ts:481:9
-       if (t.totalCreditCents !== key.trialBalance[name].totalCredit) issues.push({ client: id, check: 'trial-balance', record: name, reason: `its totalCredit is written ${String(key.trialBalance[name].totalCredit)} but its rows add up to ${String(t.totalCreditCents)}` })
+       if (false) issues.push({ client: id, check: 'trial-balance', record: name, reason: `its totalCredit is written ${String(key.trialBalance[name].totalCredit)} but its rows add up to ${String(t.totalCreditCents)}` })
Tests ran:
    W00c RC4 an account file is checked where it resolves (every account of every folder) ARC-8 C01 CHQ file set to accounts/zz-(Test).csv, a link to ../answer-key.json, is refused with a 'file' issue naming the account and the field
    W00c RC4 an account file is checked where it resolves (every account of every folder) ARC-8 C01 BCD file set to accounts/zz-(Test).csv, a link to ../answer-key.json, is refused with a 'file' issue naming the account and the field
    W00c RC4 an account file is checked where it resolves (every account of every folder) ARC-8 C01 PCD file set to accounts/zz-(Test).csv, a link to ../answer-key.json, is refused with a 'file' issue naming the account and the field
  and 274 more tests!


[Survived] ConditionalExpression
testworld/clients/load.ts:485:9
-       if (debits !== j.amount) schemaIssue(`${j.id} amount`, `it is written ${String(j.amount)} but its lines debit ${String(debits)}`)
+       if (false) schemaIssue(`${j.id} amount`, `it is written ${String(j.amount)} but its lines debit ${String(debits)}`)
Tests ran:
    W00c RC4 an account file is checked where it resolves (every account of every folder) ARC-8 C01 CHQ file set to accounts/zz-(Test).csv, a link to ../answer-key.json, is refused with a 'file' issue naming the account and the field
    W00c RC4 an account file is checked where it resolves (every account of every folder) ARC-8 C01 BCD file set to accounts/zz-(Test).csv, a link to ../answer-key.json, is refused with a 'file' issue naming the account and the field
    W00c RC4 an account file is checked where it resolves (every account of every folder) ARC-8 C01 PCD file set to accounts/zz-(Test).csv, a link to ../answer-key.json, is refused with a 'file' issue naming the account and the field
  and 261 more tests!


[Survived] ObjectLiteral
testworld/clients/load.ts:537:56
-         if (m.rolls !== (net === m.closing)) issues.push({ client: id, check: 'roll', record: `${a.key} ${m.month}`, reason: `its rolls is written ${String(m.rolls)} but its opening, activity and closing say ${String(net === m.closing)}` })
+         if (m.rolls !== (net === m.closing)) issues.push({})
Tests ran:
    ARC-13 money fields read as cents from their text ARC-13 a one-decimal too many amount is refused with the record, the field and the reason


[Survived] StringLiteral
testworld/clients/load.ts:537:77
-         if (m.rolls !== (net === m.closing)) issues.push({ client: id, check: 'roll', record: `${a.key} ${m.month}`, reason: `its rolls is written ${String(m.rolls)} but its opening, activity and closing say ${String(net === m.closing)}` })
+         if (m.rolls !== (net === m.closing)) issues.push({ client: id, check: "", record: `${a.key} ${m.month}`, reason: `its rolls is written ${String(m.rolls)} but its opening, activity and closing say ${String(net === m.closing)}` })
Tests ran:
    ARC-13 money fields read as cents from their text ARC-13 a one-decimal too many amount is refused with the record, the field and the reason


[Survived] StringLiteral
testworld/clients/load.ts:537:93
-         if (m.rolls !== (net === m.closing)) issues.push({ client: id, check: 'roll', record: `${a.key} ${m.month}`, reason: `its rolls is written ${String(m.rolls)} but its opening, activity and closing say ${String(net === m.closing)}` })
+         if (m.rolls !== (net === m.closing)) issues.push({ client: id, check: 'roll', record: ``, reason: `its rolls is written ${String(m.rolls)} but its opening, activity and closing say ${String(net === m.closing)}` })
Tests ran:
    ARC-13 money fields read as cents from their text ARC-13 a one-decimal too many amount is refused with the record, the field and the reason


[Survived] StringLiteral
testworld/clients/load.ts:537:124
-         if (m.rolls !== (net === m.closing)) issues.push({ client: id, check: 'roll', record: `${a.key} ${m.month}`, reason: `its rolls is written ${String(m.rolls)} but its opening, activity and closing say ${String(net === m.closing)}` })
+         if (m.rolls !== (net === m.closing)) issues.push({ client: id, check: 'roll', record: `${a.key} ${m.month}`, reason: `` })
Tests ran:
    ARC-13 money fields read as cents from their text ARC-13 a one-decimal too many amount is refused with the record, the field and the reason


[Survived] ConditionalExpression
testworld/clients/load.ts:537:216
-         if (m.rolls !== (net === m.closing)) issues.push({ client: id, check: 'roll', record: `${a.key} ${m.month}`, reason: `its rolls is written ${String(m.rolls)} but its opening, activity and closing say ${String(net === m.closing)}` })
+         if (m.rolls !== (net === m.closing)) issues.push({ client: id, check: 'roll', record: `${a.key} ${m.month}`, reason: `its rolls is written ${String(m.rolls)} but its opening, activity and closing say ${String(true)}` })
Tests ran:
    ARC-13 money fields read as cents from their text ARC-13 a one-decimal too many amount is refused with the record, the field and the reason


[Survived] ConditionalExpression
testworld/clients/load.ts:537:216
-         if (m.rolls !== (net === m.closing)) issues.push({ client: id, check: 'roll', record: `${a.key} ${m.month}`, reason: `its rolls is written ${String(m.rolls)} but its opening, activity and closing say ${String(net === m.closing)}` })
+         if (m.rolls !== (net === m.closing)) issues.push({ client: id, check: 'roll', record: `${a.key} ${m.month}`, reason: `its rolls is written ${String(m.rolls)} but its opening, activity and closing say ${String(false)}` })
Tests ran:
    ARC-13 money fields read as cents from their text ARC-13 a one-decimal too many amount is refused with the record, the field and the reason


[Survived] EqualityOperator
testworld/clients/load.ts:537:216
-         if (m.rolls !== (net === m.closing)) issues.push({ client: id, check: 'roll', record: `${a.key} ${m.month}`, reason: `its rolls is written ${String(m.rolls)} but its opening, activity and closing say ${String(net === m.closing)}` })
+         if (m.rolls !== (net === m.closing)) issues.push({ client: id, check: 'roll', record: `${a.key} ${m.month}`, reason: `its rolls is written ${String(m.rolls)} but its opening, activity and closing say ${String(net !== m.closing)}` })
Tests ran:
    ARC-13 money fields read as cents from their text ARC-13 a one-decimal too many amount is refused with the record, the field and the reason


[Survived] ObjectLiteral
testworld/clients/load.ts:538:59
-         if (m.exportActivity !== activityCents) issues.push({ client: id, check: 'roll', record: `${a.key} ${m.month}`, reason: `its exportActivity is written ${String(m.exportActivity)} but its transactions in the export add up to ${String(activityCents)}` })
+         if (m.exportActivity !== activityCents) issues.push({})
Tests ran:
    ARC-13 money fields read as cents from their text ARC-13 a one-decimal too many amount is refused with the record, the field and the reason


[Survived] StringLiteral
testworld/clients/load.ts:538:80
-         if (m.exportActivity !== activityCents) issues.push({ client: id, check: 'roll', record: `${a.key} ${m.month}`, reason: `its exportActivity is written ${String(m.exportActivity)} but its transactions in the export add up to ${String(activityCents)}` })
+         if (m.exportActivity !== activityCents) issues.push({ client: id, check: "", record: `${a.key} ${m.month}`, reason: `its exportActivity is written ${String(m.exportActivity)} but its transactions in the export add up to ${String(activityCents)}` })
Tests ran:
    ARC-13 money fields read as cents from their text ARC-13 a one-decimal too many amount is refused with the record, the field and the reason


[Survived] StringLiteral
testworld/clients/load.ts:538:96
-         if (m.exportActivity !== activityCents) issues.push({ client: id, check: 'roll', record: `${a.key} ${m.month}`, reason: `its exportActivity is written ${String(m.exportActivity)} but its transactions in the export add up to ${String(activityCents)}` })
+         if (m.exportActivity !== activityCents) issues.push({ client: id, check: 'roll', record: ``, reason: `its exportActivity is written ${String(m.exportActivity)} but its transactions in the export add up to ${String(activityCents)}` })
Tests ran:
    ARC-13 money fields read as cents from their text ARC-13 a one-decimal too many amount is refused with the record, the field and the reason


[Survived] StringLiteral
testworld/clients/load.ts:538:127
-         if (m.exportActivity !== activityCents) issues.push({ client: id, check: 'roll', record: `${a.key} ${m.month}`, reason: `its exportActivity is written ${String(m.exportActivity)} but its transactions in the export add up to ${String(activityCents)}` })
+         if (m.exportActivity !== activityCents) issues.push({ client: id, check: 'roll', record: `${a.key} ${m.month}`, reason: `` })
Tests ran:
    ARC-13 money fields read as cents from their text ARC-13 a one-decimal too many amount is refused with the record, the field and the reason


[Survived] ConditionalExpression
testworld/clients/load.ts:537:11
-         if (m.rolls !== (net === m.closing)) issues.push({ client: id, check: 'roll', record: `${a.key} ${m.month}`, reason: `its rolls is written ${String(m.rolls)} but its opening, activity and closing say ${String(net === m.closing)}` })
+         if (false) issues.push({ client: id, check: 'roll', record: `${a.key} ${m.month}`, reason: `its rolls is written ${String(m.rolls)} but its opening, activity and closing say ${String(net === m.closing)}` })
Tests ran:
    W00c RC4 an account file is checked where it resolves (every account of every folder) ARC-8 C01 CHQ file set to accounts/zz-(Test).csv, a link to ../answer-key.json, is refused with a 'file' issue naming the account and the field
    W00c RC4 an account file is checked where it resolves (every account of every folder) ARC-8 C01 BCD file set to accounts/zz-(Test).csv, a link to ../answer-key.json, is refused with a 'file' issue naming the account and the field
    W00c RC4 an account file is checked where it resolves (every account of every folder) ARC-8 C01 PCD file set to accounts/zz-(Test).csv, a link to ../answer-key.json, is refused with a 'file' issue naming the account and the field
  and 271 more tests!


[Survived] ConditionalExpression
testworld/clients/load.ts:538:11
-         if (m.exportActivity !== activityCents) issues.push({ client: id, check: 'roll', record: `${a.key} ${m.month}`, reason: `its exportActivity is written ${String(m.exportActivity)} but its transactions in the export add up to ${String(activityCents)}` })
+         if (false) issues.push({ client: id, check: 'roll', record: `${a.key} ${m.month}`, reason: `its exportActivity is written ${String(m.exportActivity)} but its transactions in the export add up to ${String(activityCents)}` })
Tests ran:
    W00c RC4 an account file is checked where it resolves (every account of every folder) ARC-8 C01 CHQ file set to accounts/zz-(Test).csv, a link to ../answer-key.json, is refused with a 'file' issue naming the account and the field
    W00c RC4 an account file is checked where it resolves (every account of every folder) ARC-8 C01 BCD file set to accounts/zz-(Test).csv, a link to ../answer-key.json, is refused with a 'file' issue naming the account and the field
    W00c RC4 an account file is checked where it resolves (every account of every folder) ARC-8 C01 PCD file set to accounts/zz-(Test).csv, a link to ../answer-key.json, is refused with a 'file' issue naming the account and the field
  and 271 more tests!


[Survived] ConditionalExpression
testworld/clients/load.ts:539:104
-         return { month: m.month, openingCents: m.opening, closingCents: m.closing, activityCents, rolls: net === m.closing }
+         return { month: m.month, openingCents: m.opening, closingCents: m.closing, activityCents, rolls: true }
Tests ran:
    W00c RC4 an account file is checked where it resolves (every account of every folder) ARC-8 C01 CHQ file set to accounts/zz-(Test).csv, a link to ../answer-key.json, is refused with a 'file' issue naming the account and the field
    W00c RC4 an account file is checked where it resolves (every account of every folder) ARC-8 C01 BCD file set to accounts/zz-(Test).csv, a link to ../answer-key.json, is refused with a 'file' issue naming the account and the field
    W00c RC4 an account file is checked where it resolves (every account of every folder) ARC-8 C01 PCD file set to accounts/zz-(Test).csv, a link to ../answer-key.json, is refused with a 'file' issue naming the account and the field
  and 271 more tests!


[Survived] ConditionalExpression
testworld/clients/load.ts:539:104
-         return { month: m.month, openingCents: m.opening, closingCents: m.closing, activityCents, rolls: net === m.closing }
+         return { month: m.month, openingCents: m.opening, closingCents: m.closing, activityCents, rolls: false }
Tests ran:
    W00c RC4 an account file is checked where it resolves (every account of every folder) ARC-8 C01 CHQ file set to accounts/zz-(Test).csv, a link to ../answer-key.json, is refused with a 'file' issue naming the account and the field
    W00c RC4 an account file is checked where it resolves (every account of every folder) ARC-8 C01 BCD file set to accounts/zz-(Test).csv, a link to ../answer-key.json, is refused with a 'file' issue naming the account and the field
    W00c RC4 an account file is checked where it resolves (every account of every folder) ARC-8 C01 PCD file set to accounts/zz-(Test).csv, a link to ../answer-key.json, is refused with a 'file' issue naming the account and the field
  and 271 more tests!


[Survived] EqualityOperator
testworld/clients/load.ts:539:104
-         return { month: m.month, openingCents: m.opening, closingCents: m.closing, activityCents, rolls: net === m.closing }
+         return { month: m.month, openingCents: m.opening, closingCents: m.closing, activityCents, rolls: net !== m.closing }
Tests ran:
    W00c RC4 an account file is checked where it resolves (every account of every folder) ARC-8 C01 CHQ file set to accounts/zz-(Test).csv, a link to ../answer-key.json, is refused with a 'file' issue naming the account and the field
    W00c RC4 an account file is checked where it resolves (every account of every folder) ARC-8 C01 BCD file set to accounts/zz-(Test).csv, a link to ../answer-key.json, is refused with a 'file' issue naming the account and the field
    W00c RC4 an account file is checked where it resolves (every account of every folder) ARC-8 C01 PCD file set to accounts/zz-(Test).csv, a link to ../answer-key.json, is refused with a 'file' issue naming the account and the field
  and 271 more tests!


[Survived] ConditionalExpression
testworld/clients/load.ts:542:9
-       if (a.rowsInExport !== exported) schemaIssue(`${a.key} rowsInExport`, `it is written ${String(a.rowsInExport)} but ${String(exported)} of its transactions are in the export`)
+       if (false) schemaIssue(`${a.key} rowsInExport`, `it is written ${String(a.rowsInExport)} but ${String(exported)} of its transactions are in the export`)
Tests ran:
    W00c RC4 an account file is checked where it resolves (every account of every folder) ARC-8 C01 CHQ file set to accounts/zz-(Test).csv, a link to ../answer-key.json, is refused with a 'file' issue naming the account and the field
    W00c RC4 an account file is checked where it resolves (every account of every folder) ARC-8 C01 BCD file set to accounts/zz-(Test).csv, a link to ../answer-key.json, is refused with a 'file' issue naming the account and the field
    W00c RC4 an account file is checked where it resolves (every account of every folder) ARC-8 C01 PCD file set to accounts/zz-(Test).csv, a link to ../answer-key.json, is refused with a 'file' issue naming the account and the field
  and 271 more tests!


[Survived] ConditionalExpression
testworld/clients/load.ts:576:14
-         return typeof r.account === 'string' && typeof r.name === 'string' ? [{ account: r.account, name: r.name }] : []
+         return true ? [{ account: r.account, name: r.name }] : []
Tests ran:
    W00c RC4 an account file is checked where it resolves (every account of every folder) ARC-8 C07 CHQ file set to accounts/zz-(Test).csv, a link to ../answer-key.json, is refused with a 'file' issue naming the account and the field
    W00c RC4 an account file is checked where it resolves (every account of every folder) ARC-8 C08 CHQ file set to accounts/zz-(Test).csv, a link to ../answer-key.json, is refused with a 'file' issue naming the account and the field
    W00c RC4 an account file is checked where it resolves (every account of every folder) ARC-8 C08 USD file set to accounts/zz-(Test).csv, a link to ../answer-key.json, is refused with a 'file' issue naming the account and the field
  and 52 more tests!


[Survived] LogicalOperator
testworld/clients/load.ts:576:14
-         return typeof r.account === 'string' && typeof r.name === 'string' ? [{ account: r.account, name: r.name }] : []
+         return typeof r.account === 'string' || typeof r.name === 'string' ? [{ account: r.account, name: r.name }] : []
Tests ran:
    W00c RC4 an account file is checked where it resolves (every account of every folder) ARC-8 C07 CHQ file set to accounts/zz-(Test).csv, a link to ../answer-key.json, is refused with a 'file' issue naming the account and the field
    W00c RC4 an account file is checked where it resolves (every account of every folder) ARC-8 C08 CHQ file set to accounts/zz-(Test).csv, a link to ../answer-key.json, is refused with a 'file' issue naming the account and the field
    W00c RC4 an account file is checked where it resolves (every account of every folder) ARC-8 C08 USD file set to accounts/zz-(Test).csv, a link to ../answer-key.json, is refused with a 'file' issue naming the account and the field
  and 52 more tests!


[Survived] ConditionalExpression
testworld/clients/load.ts:544:9
-       if (a.rowsMissingFromExport !== missing) schemaIssue(`${a.key} rowsMissingFromExport`, `it is written ${String(a.rowsMissingFromExport)} but ${String(missing)} of its transactions are missing from the export`)
+       if (false) schemaIssue(`${a.key} rowsMissingFromExport`, `it is written ${String(a.rowsMissingFromExport)} but ${String(missing)} of its transactions are missing from the export`)
Tests ran:
    W00c RC4 an account file is checked where it resolves (every account of every folder) ARC-8 C01 CHQ file set to accounts/zz-(Test).csv, a link to ../answer-key.json, is refused with a 'file' issue naming the account and the field
    W00c RC4 an account file is checked where it resolves (every account of every folder) ARC-8 C01 BCD file set to accounts/zz-(Test).csv, a link to ../answer-key.json, is refused with a 'file' issue naming the account and the field
    W00c RC4 an account file is checked where it resolves (every account of every folder) ARC-8 C01 PCD file set to accounts/zz-(Test).csv, a link to ../answer-key.json, is refused with a 'file' issue naming the account and the field
  and 271 more tests!


[Survived] ConditionalExpression
testworld/clients/load.ts:576:14
-         return typeof r.account === 'string' && typeof r.name === 'string' ? [{ account: r.account, name: r.name }] : []
+         return true && typeof r.name === 'string' ? [{ account: r.account, name: r.name }] : []
Tests ran:
    W00c RC4 an account file is checked where it resolves (every account of every folder) ARC-8 C07 CHQ file set to accounts/zz-(Test).csv, a link to ../answer-key.json, is refused with a 'file' issue naming the account and the field
    W00c RC4 an account file is checked where it resolves (every account of every folder) ARC-8 C08 CHQ file set to accounts/zz-(Test).csv, a link to ../answer-key.json, is refused with a 'file' issue naming the account and the field
    W00c RC4 an account file is checked where it resolves (every account of every folder) ARC-8 C08 USD file set to accounts/zz-(Test).csv, a link to ../answer-key.json, is refused with a 'file' issue naming the account and the field
  and 52 more tests!


[Survived] ConditionalExpression
testworld/clients/load.ts:576:47
-         return typeof r.account === 'string' && typeof r.name === 'string' ? [{ account: r.account, name: r.name }] : []
+         return typeof r.account === 'string' && true ? [{ account: r.account, name: r.name }] : []
Tests ran:
    W00c RC4 an account file is checked where it resolves (every account of every folder) ARC-8 C07 CHQ file set to accounts/zz-(Test).csv, a link to ../answer-key.json, is refused with a 'file' issue naming the account and the field
    W00c RC4 an account file is checked where it resolves (every account of every folder) ARC-8 C08 CHQ file set to accounts/zz-(Test).csv, a link to ../answer-key.json, is refused with a 'file' issue naming the account and the field
    W00c RC4 an account file is checked where it resolves (every account of every folder) ARC-8 C08 USD file set to accounts/zz-(Test).csv, a link to ../answer-key.json, is refused with a 'file' issue naming the account and the field
  and 52 more tests!


[Survived] ConditionalExpression
testworld/clients/load.ts:580:61
-       if (Array.isArray(onbAnswers) && onbAnswers.some((x) => (x as { question_asked?: unknown }).question_asked === source)) return true
+       if (Array.isArray(onbAnswers) && onbAnswers.some((x) => true)) return true
Tests ran:
    W00c RC4 the client JSON files are regular files, never links (every folder) END-9 C12 loads unchanged (no link anywhere in the sample folders)
    W00c RC4 a client folder that is itself a link is refused (spec review 3, gap 2: every folder) END-9 with C01 a linked client folder, every other folder still loads
    W00c RC4 a client folder that is itself a link is refused (spec review 3, gap 2: every folder) END-9 with C02 a linked client folder, every other folder still loads
  and 17 more tests!


[Survived] EqualityOperator
testworld/clients/load.ts:580:61
-       if (Array.isArray(onbAnswers) && onbAnswers.some((x) => (x as { question_asked?: unknown }).question_asked === source)) return true
+       if (Array.isArray(onbAnswers) && onbAnswers.some((x) => (x as {
+     question_asked?: unknown;
+   }).question_asked !== source)) return true
Tests ran:
    W00c RC4 the client JSON files are regular files, never links (every folder) END-9 C12 loads unchanged (no link anywhere in the sample folders)
    W00c RC4 a client folder that is itself a link is refused (spec review 3, gap 2: every folder) END-9 with C01 a linked client folder, every other folder still loads
    W00c RC4 a client folder that is itself a link is refused (spec review 3, gap 2: every folder) END-9 with C02 a linked client folder, every other folder still loads
  and 17 more tests!


[Survived] ConditionalExpression
testworld/clients/load.ts:591:9
-       if ((top === 'transactions' || top === 'adjustingEntries') && sub === 'id' && path.length === 3) return
+       if (true) return
Tests ran:
    W00c RC4 an account file is checked where it resolves (every account of every folder) ARC-8 C01 CHQ file set to accounts/zz-(Test).csv, a link to ../answer-key.json, is refused with a 'file' issue naming the account and the field
    W00c RC4 an account file is checked where it resolves (every account of every folder) ARC-8 C01 BCD file set to accounts/zz-(Test).csv, a link to ../answer-key.json, is refused with a 'file' issue naming the account and the field
    W00c RC4 an account file is checked where it resolves (every account of every folder) ARC-8 C01 PCD file set to accounts/zz-(Test).csv, a link to ../answer-key.json, is refused with a 'file' issue naming the account and the field
  and 274 more tests!


[Survived] ConditionalExpression
testworld/clients/load.ts:591:9
-       if ((top === 'transactions' || top === 'adjustingEntries') && sub === 'id' && path.length === 3) return
+       if (false) return
Tests ran:
    W00c RC4 an account file is checked where it resolves (every account of every folder) ARC-8 C01 CHQ file set to accounts/zz-(Test).csv, a link to ../answer-key.json, is refused with a 'file' issue naming the account and the field
    W00c RC4 an account file is checked where it resolves (every account of every folder) ARC-8 C01 BCD file set to accounts/zz-(Test).csv, a link to ../answer-key.json, is refused with a 'file' issue naming the account and the field
    W00c RC4 an account file is checked where it resolves (every account of every folder) ARC-8 C01 PCD file set to accounts/zz-(Test).csv, a link to ../answer-key.json, is refused with a 'file' issue naming the account and the field
  and 274 more tests!


[Survived] LogicalOperator
testworld/clients/load.ts:591:9
-       if ((top === 'transactions' || top === 'adjustingEntries') && sub === 'id' && path.length === 3) return
+       if ((top === 'transactions' || top === 'adjustingEntries') && sub === 'id' || path.length === 3) return
Tests ran:
    W00c RC4 an account file is checked where it resolves (every account of every folder) ARC-8 C01 CHQ file set to accounts/zz-(Test).csv, a link to ../answer-key.json, is refused with a 'file' issue naming the account and the field
    W00c RC4 an account file is checked where it resolves (every account of every folder) ARC-8 C01 BCD file set to accounts/zz-(Test).csv, a link to ../answer-key.json, is refused with a 'file' issue naming the account and the field
    W00c RC4 an account file is checked where it resolves (every account of every folder) ARC-8 C01 PCD file set to accounts/zz-(Test).csv, a link to ../answer-key.json, is refused with a 'file' issue naming the account and the field
  and 274 more tests!


[Survived] ConditionalExpression
testworld/clients/load.ts:591:9
-       if ((top === 'transactions' || top === 'adjustingEntries') && sub === 'id' && path.length === 3) return
+       if (true && path.length === 3) return
Tests ran:
    W00c RC4 an account file is checked where it resolves (every account of every folder) ARC-8 C01 CHQ file set to accounts/zz-(Test).csv, a link to ../answer-key.json, is refused with a 'file' issue naming the account and the field
    W00c RC4 an account file is checked where it resolves (every account of every folder) ARC-8 C01 BCD file set to accounts/zz-(Test).csv, a link to ../answer-key.json, is refused with a 'file' issue naming the account and the field
    W00c RC4 an account file is checked where it resolves (every account of every folder) ARC-8 C01 PCD file set to accounts/zz-(Test).csv, a link to ../answer-key.json, is refused with a 'file' issue naming the account and the field
  and 274 more tests!


[Survived] LogicalOperator
testworld/clients/load.ts:591:9
-       if ((top === 'transactions' || top === 'adjustingEntries') && sub === 'id' && path.length === 3) return
+       if (top === 'transactions' || top === 'adjustingEntries' || sub === 'id' && path.length === 3) return
Tests ran:
    W00c RC4 an account file is checked where it resolves (every account of every folder) ARC-8 C01 CHQ file set to accounts/zz-(Test).csv, a link to ../answer-key.json, is refused with a 'file' issue naming the account and the field
    W00c RC4 an account file is checked where it resolves (every account of every folder) ARC-8 C01 BCD file set to accounts/zz-(Test).csv, a link to ../answer-key.json, is refused with a 'file' issue naming the account and the field
    W00c RC4 an account file is checked where it resolves (every account of every folder) ARC-8 C01 PCD file set to accounts/zz-(Test).csv, a link to ../answer-key.json, is refused with a 'file' issue naming the account and the field
  and 274 more tests!


[Survived] ConditionalExpression
testworld/clients/load.ts:591:10
-       if ((top === 'transactions' || top === 'adjustingEntries') && sub === 'id' && path.length === 3) return
+       if ((true) && sub === 'id' && path.length === 3) return
Tests ran:
    W00c RC4 an account file is checked where it resolves (every account of every folder) ARC-8 C01 CHQ file set to accounts/zz-(Test).csv, a link to ../answer-key.json, is refused with a 'file' issue naming the account and the field
    W00c RC4 an account file is checked where it resolves (every account of every folder) ARC-8 C01 BCD file set to accounts/zz-(Test).csv, a link to ../answer-key.json, is refused with a 'file' issue naming the account and the field
    W00c RC4 an account file is checked where it resolves (every account of every folder) ARC-8 C01 PCD file set to accounts/zz-(Test).csv, a link to ../answer-key.json, is refused with a 'file' issue naming the account and the field
  and 274 more tests!


[Survived] LogicalOperator
testworld/clients/load.ts:591:10
-       if ((top === 'transactions' || top === 'adjustingEntries') && sub === 'id' && path.length === 3) return
+       if ((top === 'transactions' && top === 'adjustingEntries') && sub === 'id' && path.length === 3) return
Tests ran:
    W00c RC4 an account file is checked where it resolves (every account of every folder) ARC-8 C01 CHQ file set to accounts/zz-(Test).csv, a link to ../answer-key.json, is refused with a 'file' issue naming the account and the field
    W00c RC4 an account file is checked where it resolves (every account of every folder) ARC-8 C01 BCD file set to accounts/zz-(Test).csv, a link to ../answer-key.json, is refused with a 'file' issue naming the account and the field
    W00c RC4 an account file is checked where it resolves (every account of every folder) ARC-8 C01 PCD file set to accounts/zz-(Test).csv, a link to ../answer-key.json, is refused with a 'file' issue naming the account and the field
  and 274 more tests!


[Survived] ConditionalExpression
testworld/clients/load.ts:591:10
-       if ((top === 'transactions' || top === 'adjustingEntries') && sub === 'id' && path.length === 3) return
+       if ((false || top === 'adjustingEntries') && sub === 'id' && path.length === 3) return
Tests ran:
    W00c RC4 an account file is checked where it resolves (every account of every folder) ARC-8 C01 CHQ file set to accounts/zz-(Test).csv, a link to ../answer-key.json, is refused with a 'file' issue naming the account and the field
    W00c RC4 an account file is checked where it resolves (every account of every folder) ARC-8 C01 BCD file set to accounts/zz-(Test).csv, a link to ../answer-key.json, is refused with a 'file' issue naming the account and the field
    W00c RC4 an account file is checked where it resolves (every account of every folder) ARC-8 C01 PCD file set to accounts/zz-(Test).csv, a link to ../answer-key.json, is refused with a 'file' issue naming the account and the field
  and 274 more tests!


[Survived] EqualityOperator
testworld/clients/load.ts:591:10
-       if ((top === 'transactions' || top === 'adjustingEntries') && sub === 'id' && path.length === 3) return
+       if ((top !== 'transactions' || top === 'adjustingEntries') && sub === 'id' && path.length === 3) return
Tests ran:
    W00c RC4 an account file is checked where it resolves (every account of every folder) ARC-8 C01 CHQ file set to accounts/zz-(Test).csv, a link to ../answer-key.json, is refused with a 'file' issue naming the account and the field
    W00c RC4 an account file is checked where it resolves (every account of every folder) ARC-8 C01 BCD file set to accounts/zz-(Test).csv, a link to ../answer-key.json, is refused with a 'file' issue naming the account and the field
    W00c RC4 an account file is checked where it resolves (every account of every folder) ARC-8 C01 PCD file set to accounts/zz-(Test).csv, a link to ../answer-key.json, is refused with a 'file' issue naming the account and the field
  and 274 more tests!


[Survived] StringLiteral
testworld/clients/load.ts:591:18
-       if ((top === 'transactions' || top === 'adjustingEntries') && sub === 'id' && path.length === 3) return
+       if ((top === "" || top === 'adjustingEntries') && sub === 'id' && path.length === 3) return
Tests ran:
    W00c RC4 an account file is checked where it resolves (every account of every folder) ARC-8 C01 CHQ file set to accounts/zz-(Test).csv, a link to ../answer-key.json, is refused with a 'file' issue naming the account and the field
    W00c RC4 an account file is checked where it resolves (every account of every folder) ARC-8 C01 BCD file set to accounts/zz-(Test).csv, a link to ../answer-key.json, is refused with a 'file' issue naming the account and the field
    W00c RC4 an account file is checked where it resolves (every account of every folder) ARC-8 C01 PCD file set to accounts/zz-(Test).csv, a link to ../answer-key.json, is refused with a 'file' issue naming the account and the field
  and 274 more tests!


[Survived] ConditionalExpression
testworld/clients/load.ts:591:36
-       if ((top === 'transactions' || top === 'adjustingEntries') && sub === 'id' && path.length === 3) return
+       if ((top === 'transactions' || false) && sub === 'id' && path.length === 3) return
Tests ran:
    W00c RC4 an account file is checked where it resolves (every account of every folder) ARC-8 C01 CHQ file set to accounts/zz-(Test).csv, a link to ../answer-key.json, is refused with a 'file' issue naming the account and the field
    W00c RC4 an account file is checked where it resolves (every account of every folder) ARC-8 C01 BCD file set to accounts/zz-(Test).csv, a link to ../answer-key.json, is refused with a 'file' issue naming the account and the field
    W00c RC4 an account file is checked where it resolves (every account of every folder) ARC-8 C01 PCD file set to accounts/zz-(Test).csv, a link to ../answer-key.json, is refused with a 'file' issue naming the account and the field
  and 274 more tests!


[Survived] EqualityOperator
testworld/clients/load.ts:591:36
-       if ((top === 'transactions' || top === 'adjustingEntries') && sub === 'id' && path.length === 3) return
+       if ((top === 'transactions' || top !== 'adjustingEntries') && sub === 'id' && path.length === 3) return
Tests ran:
    W00c RC4 an account file is checked where it resolves (every account of every folder) ARC-8 C01 CHQ file set to accounts/zz-(Test).csv, a link to ../answer-key.json, is refused with a 'file' issue naming the account and the field
    W00c RC4 an account file is checked where it resolves (every account of every folder) ARC-8 C01 BCD file set to accounts/zz-(Test).csv, a link to ../answer-key.json, is refused with a 'file' issue naming the account and the field
    W00c RC4 an account file is checked where it resolves (every account of every folder) ARC-8 C01 PCD file set to accounts/zz-(Test).csv, a link to ../answer-key.json, is refused with a 'file' issue naming the account and the field
  and 274 more tests!


[Survived] StringLiteral
testworld/clients/load.ts:591:44
-       if ((top === 'transactions' || top === 'adjustingEntries') && sub === 'id' && path.length === 3) return
+       if ((top === 'transactions' || top === "") && sub === 'id' && path.length === 3) return
Tests ran:
    W00c RC4 an account file is checked where it resolves (every account of every folder) ARC-8 C01 CHQ file set to accounts/zz-(Test).csv, a link to ../answer-key.json, is refused with a 'file' issue naming the account and the field
    W00c RC4 an account file is checked where it resolves (every account of every folder) ARC-8 C01 BCD file set to accounts/zz-(Test).csv, a link to ../answer-key.json, is refused with a 'file' issue naming the account and the field
    W00c RC4 an account file is checked where it resolves (every account of every folder) ARC-8 C01 PCD file set to accounts/zz-(Test).csv, a link to ../answer-key.json, is refused with a 'file' issue naming the account and the field
  and 274 more tests!


[Survived] ConditionalExpression
testworld/clients/load.ts:591:67
-       if ((top === 'transactions' || top === 'adjustingEntries') && sub === 'id' && path.length === 3) return
+       if ((top === 'transactions' || top === 'adjustingEntries') && true && path.length === 3) return
Tests ran:
    W00c RC4 an account file is checked where it resolves (every account of every folder) ARC-8 C01 CHQ file set to accounts/zz-(Test).csv, a link to ../answer-key.json, is refused with a 'file' issue naming the account and the field
    W00c RC4 an account file is checked where it resolves (every account of every folder) ARC-8 C01 BCD file set to accounts/zz-(Test).csv, a link to ../answer-key.json, is refused with a 'file' issue naming the account and the field
    W00c RC4 an account file is checked where it resolves (every account of every folder) ARC-8 C01 PCD file set to accounts/zz-(Test).csv, a link to ../answer-key.json, is refused with a 'file' issue naming the account and the field
  and 274 more tests!


[Survived] EqualityOperator
testworld/clients/load.ts:591:67
-       if ((top === 'transactions' || top === 'adjustingEntries') && sub === 'id' && path.length === 3) return
+       if ((top === 'transactions' || top === 'adjustingEntries') && sub !== 'id' && path.length === 3) return
Tests ran:
    W00c RC4 an account file is checked where it resolves (every account of every folder) ARC-8 C01 CHQ file set to accounts/zz-(Test).csv, a link to ../answer-key.json, is refused with a 'file' issue naming the account and the field
    W00c RC4 an account file is checked where it resolves (every account of every folder) ARC-8 C01 BCD file set to accounts/zz-(Test).csv, a link to ../answer-key.json, is refused with a 'file' issue naming the account and the field
    W00c RC4 an account file is checked where it resolves (every account of every folder) ARC-8 C01 PCD file set to accounts/zz-(Test).csv, a link to ../answer-key.json, is refused with a 'file' issue naming the account and the field
  and 274 more tests!


[Survived] StringLiteral
testworld/clients/load.ts:591:75
-       if ((top === 'transactions' || top === 'adjustingEntries') && sub === 'id' && path.length === 3) return
+       if ((top === 'transactions' || top === 'adjustingEntries') && sub === "" && path.length === 3) return
Tests ran:
    W00c RC4 an account file is checked where it resolves (every account of every folder) ARC-8 C01 CHQ file set to accounts/zz-(Test).csv, a link to ../answer-key.json, is refused with a 'file' issue naming the account and the field
    W00c RC4 an account file is checked where it resolves (every account of every folder) ARC-8 C01 BCD file set to accounts/zz-(Test).csv, a link to ../answer-key.json, is refused with a 'file' issue naming the account and the field
    W00c RC4 an account file is checked where it resolves (every account of every folder) ARC-8 C01 PCD file set to accounts/zz-(Test).csv, a link to ../answer-key.json, is refused with a 'file' issue naming the account and the field
  and 274 more tests!


[Survived] ConditionalExpression
testworld/clients/load.ts:591:83
-       if ((top === 'transactions' || top === 'adjustingEntries') && sub === 'id' && path.length === 3) return
+       if ((top === 'transactions' || top === 'adjustingEntries') && sub === 'id' && true) return
Tests ran:
    W00c RC4 an account file is checked where it resolves (every account of every folder) ARC-8 C01 CHQ file set to accounts/zz-(Test).csv, a link to ../answer-key.json, is refused with a 'file' issue naming the account and the field
    W00c RC4 an account file is checked where it resolves (every account of every folder) ARC-8 C01 BCD file set to accounts/zz-(Test).csv, a link to ../answer-key.json, is refused with a 'file' issue naming the account and the field
    W00c RC4 an account file is checked where it resolves (every account of every folder) ARC-8 C01 PCD file set to accounts/zz-(Test).csv, a link to ../answer-key.json, is refused with a 'file' issue naming the account and the field
  and 274 more tests!


[Survived] ConditionalExpression
testworld/clients/load.ts:592:9
-       if (top === 'adjustingEntries' && sub === 'source' && third === 'transactions') return
+       if (true) return
Tests ran:
    W00c RC4 an account file is checked where it resolves (every account of every folder) ARC-8 C01 CHQ file set to accounts/zz-(Test).csv, a link to ../answer-key.json, is refused with a 'file' issue naming the account and the field
    W00c RC4 an account file is checked where it resolves (every account of every folder) ARC-8 C01 BCD file set to accounts/zz-(Test).csv, a link to ../answer-key.json, is refused with a 'file' issue naming the account and the field
    W00c RC4 an account file is checked where it resolves (every account of every folder) ARC-8 C01 PCD file set to accounts/zz-(Test).csv, a link to ../answer-key.json, is refused with a 'file' issue naming the account and the field
  and 274 more tests!


[Survived] EqualityOperator
testworld/clients/load.ts:591:83
-       if ((top === 'transactions' || top === 'adjustingEntries') && sub === 'id' && path.length === 3) return
+       if ((top === 'transactions' || top === 'adjustingEntries') && sub === 'id' && path.length !== 3) return
Tests ran:
    W00c RC4 an account file is checked where it resolves (every account of every folder) ARC-8 C01 CHQ file set to accounts/zz-(Test).csv, a link to ../answer-key.json, is refused with a 'file' issue naming the account and the field
    W00c RC4 an account file is checked where it resolves (every account of every folder) ARC-8 C01 BCD file set to accounts/zz-(Test).csv, a link to ../answer-key.json, is refused with a 'file' issue naming the account and the field
    W00c RC4 an account file is checked where it resolves (every account of every folder) ARC-8 C01 PCD file set to accounts/zz-(Test).csv, a link to ../answer-key.json, is refused with a 'file' issue naming the account and the field
  and 274 more tests!


[Survived] ConditionalExpression
testworld/clients/load.ts:592:9
-       if (top === 'adjustingEntries' && sub === 'source' && third === 'transactions') return
+       if (false) return
Tests ran:
    W00c RC4 an account file is checked where it resolves (every account of every folder) ARC-8 C01 CHQ file set to accounts/zz-(Test).csv, a link to ../answer-key.json, is refused with a 'file' issue naming the account and the field
    W00c RC4 an account file is checked where it resolves (every account of every folder) ARC-8 C01 BCD file set to accounts/zz-(Test).csv, a link to ../answer-key.json, is refused with a 'file' issue naming the account and the field
    W00c RC4 an account file is checked where it resolves (every account of every folder) ARC-8 C01 PCD file set to accounts/zz-(Test).csv, a link to ../answer-key.json, is refused with a 'file' issue naming the account and the field
  and 274 more tests!


[Survived] LogicalOperator
testworld/clients/load.ts:592:9
-       if (top === 'adjustingEntries' && sub === 'source' && third === 'transactions') return
+       if (top === 'adjustingEntries' && sub === 'source' || third === 'transactions') return
Tests ran:
    W00c RC4 an account file is checked where it resolves (every account of every folder) ARC-8 C01 CHQ file set to accounts/zz-(Test).csv, a link to ../answer-key.json, is refused with a 'file' issue naming the account and the field
    W00c RC4 an account file is checked where it resolves (every account of every folder) ARC-8 C01 BCD file set to accounts/zz-(Test).csv, a link to ../answer-key.json, is refused with a 'file' issue naming the account and the field
    W00c RC4 an account file is checked where it resolves (every account of every folder) ARC-8 C01 PCD file set to accounts/zz-(Test).csv, a link to ../answer-key.json, is refused with a 'file' issue naming the account and the field
  and 274 more tests!


[Survived] ConditionalExpression
testworld/clients/load.ts:592:9
-       if (top === 'adjustingEntries' && sub === 'source' && third === 'transactions') return
+       if (true && third === 'transactions') return
Tests ran:
    W00c RC4 an account file is checked where it resolves (every account of every folder) ARC-8 C01 CHQ file set to accounts/zz-(Test).csv, a link to ../answer-key.json, is refused with a 'file' issue naming the account and the field
    W00c RC4 an account file is checked where it resolves (every account of every folder) ARC-8 C01 BCD file set to accounts/zz-(Test).csv, a link to ../answer-key.json, is refused with a 'file' issue naming the account and the field
    W00c RC4 an account file is checked where it resolves (every account of every folder) ARC-8 C01 PCD file set to accounts/zz-(Test).csv, a link to ../answer-key.json, is refused with a 'file' issue naming the account and the field
  and 274 more tests!


[Survived] LogicalOperator
testworld/clients/load.ts:592:9
-       if (top === 'adjustingEntries' && sub === 'source' && third === 'transactions') return
+       if (top === 'adjustingEntries' || sub === 'source' && third === 'transactions') return
Tests ran:
    W00c RC4 an account file is checked where it resolves (every account of every folder) ARC-8 C01 CHQ file set to accounts/zz-(Test).csv, a link to ../answer-key.json, is refused with a 'file' issue naming the account and the field
    W00c RC4 an account file is checked where it resolves (every account of every folder) ARC-8 C01 BCD file set to accounts/zz-(Test).csv, a link to ../answer-key.json, is refused with a 'file' issue naming the account and the field
    W00c RC4 an account file is checked where it resolves (every account of every folder) ARC-8 C01 PCD file set to accounts/zz-(Test).csv, a link to ../answer-key.json, is refused with a 'file' issue naming the account and the field
  and 274 more tests!


[Survived] ConditionalExpression
testworld/clients/load.ts:592:9
-       if (top === 'adjustingEntries' && sub === 'source' && third === 'transactions') return
+       if (true && sub === 'source' && third === 'transactions') return
Tests ran:
    W00c RC4 an account file is checked where it resolves (every account of every folder) ARC-8 C01 CHQ file set to accounts/zz-(Test).csv, a link to ../answer-key.json, is refused with a 'file' issue naming the account and the field
    W00c RC4 an account file is checked where it resolves (every account of every folder) ARC-8 C01 BCD file set to accounts/zz-(Test).csv, a link to ../answer-key.json, is refused with a 'file' issue naming the account and the field
    W00c RC4 an account file is checked where it resolves (every account of every folder) ARC-8 C01 PCD file set to accounts/zz-(Test).csv, a link to ../answer-key.json, is refused with a 'file' issue naming the account and the field
  and 274 more tests!


[Survived] EqualityOperator
testworld/clients/load.ts:592:9
-       if (top === 'adjustingEntries' && sub === 'source' && third === 'transactions') return
+       if (top !== 'adjustingEntries' && sub === 'source' && third === 'transactions') return
Tests ran:
    W00c RC4 an account file is checked where it resolves (every account of every folder) ARC-8 C01 CHQ file set to accounts/zz-(Test).csv, a link to ../answer-key.json, is refused with a 'file' issue naming the account and the field
    W00c RC4 an account file is checked where it resolves (every account of every folder) ARC-8 C01 BCD file set to accounts/zz-(Test).csv, a link to ../answer-key.json, is refused with a 'file' issue naming the account and the field
    W00c RC4 an account file is checked where it resolves (every account of every folder) ARC-8 C01 PCD file set to accounts/zz-(Test).csv, a link to ../answer-key.json, is refused with a 'file' issue naming the account and the field
  and 274 more tests!


[Survived] StringLiteral
testworld/clients/load.ts:592:17
-       if (top === 'adjustingEntries' && sub === 'source' && third === 'transactions') return
+       if (top === "" && sub === 'source' && third === 'transactions') return
Tests ran:
    W00c RC4 an account file is checked where it resolves (every account of every folder) ARC-8 C01 CHQ file set to accounts/zz-(Test).csv, a link to ../answer-key.json, is refused with a 'file' issue naming the account and the field
    W00c RC4 an account file is checked where it resolves (every account of every folder) ARC-8 C01 BCD file set to accounts/zz-(Test).csv, a link to ../answer-key.json, is refused with a 'file' issue naming the account and the field
    W00c RC4 an account file is checked where it resolves (every account of every folder) ARC-8 C01 PCD file set to accounts/zz-(Test).csv, a link to ../answer-key.json, is refused with a 'file' issue naming the account and the field
  and 274 more tests!


[Survived] ConditionalExpression
testworld/clients/load.ts:592:39
-       if (top === 'adjustingEntries' && sub === 'source' && third === 'transactions') return
+       if (top === 'adjustingEntries' && true && third === 'transactions') return
Tests ran:
    W00c RC4 an account file is checked where it resolves (every account of every folder) ARC-8 C01 CHQ file set to accounts/zz-(Test).csv, a link to ../answer-key.json, is refused with a 'file' issue naming the account and the field
    W00c RC4 an account file is checked where it resolves (every account of every folder) ARC-8 C01 BCD file set to accounts/zz-(Test).csv, a link to ../answer-key.json, is refused with a 'file' issue naming the account and the field
    W00c RC4 an account file is checked where it resolves (every account of every folder) ARC-8 C01 PCD file set to accounts/zz-(Test).csv, a link to ../answer-key.json, is refused with a 'file' issue naming the account and the field
  and 261 more tests!


[Survived] EqualityOperator
testworld/clients/load.ts:592:39
-       if (top === 'adjustingEntries' && sub === 'source' && third === 'transactions') return
+       if (top === 'adjustingEntries' && sub !== 'source' && third === 'transactions') return
Tests ran:
    W00c RC4 an account file is checked where it resolves (every account of every folder) ARC-8 C01 CHQ file set to accounts/zz-(Test).csv, a link to ../answer-key.json, is refused with a 'file' issue naming the account and the field
    W00c RC4 an account file is checked where it resolves (every account of every folder) ARC-8 C01 BCD file set to accounts/zz-(Test).csv, a link to ../answer-key.json, is refused with a 'file' issue naming the account and the field
    W00c RC4 an account file is checked where it resolves (every account of every folder) ARC-8 C01 PCD file set to accounts/zz-(Test).csv, a link to ../answer-key.json, is refused with a 'file' issue naming the account and the field
  and 261 more tests!


[Survived] StringLiteral
testworld/clients/load.ts:592:47
-       if (top === 'adjustingEntries' && sub === 'source' && third === 'transactions') return
+       if (top === 'adjustingEntries' && sub === "" && third === 'transactions') return
Tests ran:
    W00c RC4 an account file is checked where it resolves (every account of every folder) ARC-8 C01 CHQ file set to accounts/zz-(Test).csv, a link to ../answer-key.json, is refused with a 'file' issue naming the account and the field
    W00c RC4 an account file is checked where it resolves (every account of every folder) ARC-8 C01 BCD file set to accounts/zz-(Test).csv, a link to ../answer-key.json, is refused with a 'file' issue naming the account and the field
    W00c RC4 an account file is checked where it resolves (every account of every folder) ARC-8 C01 PCD file set to accounts/zz-(Test).csv, a link to ../answer-key.json, is refused with a 'file' issue naming the account and the field
  and 261 more tests!


[Survived] ConditionalExpression
testworld/clients/load.ts:592:59
-       if (top === 'adjustingEntries' && sub === 'source' && third === 'transactions') return
+       if (top === 'adjustingEntries' && sub === 'source' && true) return
Tests ran:
    W00c RC4 an account file is checked where it resolves (every account of every folder) ARC-8 C01 CHQ file set to accounts/zz-(Test).csv, a link to ../answer-key.json, is refused with a 'file' issue naming the account and the field
    W00c RC4 an account file is checked where it resolves (every account of every folder) ARC-8 C01 BCD file set to accounts/zz-(Test).csv, a link to ../answer-key.json, is refused with a 'file' issue naming the account and the field
    W00c RC4 an account file is checked where it resolves (every account of every folder) ARC-8 C01 PCD file set to accounts/zz-(Test).csv, a link to ../answer-key.json, is refused with a 'file' issue naming the account and the field
  and 261 more tests!


[Survived] EqualityOperator
testworld/clients/load.ts:592:59
-       if (top === 'adjustingEntries' && sub === 'source' && third === 'transactions') return
+       if (top === 'adjustingEntries' && sub === 'source' && third !== 'transactions') return
Tests ran:
    W00c RC4 an account file is checked where it resolves (every account of every folder) ARC-8 C01 CHQ file set to accounts/zz-(Test).csv, a link to ../answer-key.json, is refused with a 'file' issue naming the account and the field
    W00c RC4 an account file is checked where it resolves (every account of every folder) ARC-8 C01 BCD file set to accounts/zz-(Test).csv, a link to ../answer-key.json, is refused with a 'file' issue naming the account and the field
    W00c RC4 an account file is checked where it resolves (every account of every folder) ARC-8 C01 PCD file set to accounts/zz-(Test).csv, a link to ../answer-key.json, is refused with a 'file' issue naming the account and the field
  and 261 more tests!


[Survived] StringLiteral
testworld/clients/load.ts:592:69
-       if (top === 'adjustingEntries' && sub === 'source' && third === 'transactions') return
+       if (top === 'adjustingEntries' && sub === 'source' && third === "") return
Tests ran:
    W00c RC4 an account file is checked where it resolves (every account of every folder) ARC-8 C01 CHQ file set to accounts/zz-(Test).csv, a link to ../answer-key.json, is refused with a 'file' issue naming the account and the field
    W00c RC4 an account file is checked where it resolves (every account of every folder) ARC-8 C01 BCD file set to accounts/zz-(Test).csv, a link to ../answer-key.json, is refused with a 'file' issue naming the account and the field
    W00c RC4 an account file is checked where it resolves (every account of every folder) ARC-8 C01 PCD file set to accounts/zz-(Test).csv, a link to ../answer-key.json, is refused with a 'file' issue naming the account and the field
  and 261 more tests!


[Survived] StringLiteral
testworld/clients/load.ts:593:20
-       const record = `answer-key.json ${path.join('.')}`
+       const record = ``
Tests ran:
    W00c RC4 an account file is checked where it resolves (every account of every folder) ARC-8 C01 CHQ file set to accounts/zz-(Test).csv, a link to ../answer-key.json, is refused with a 'file' issue naming the account and the field
    W00c RC4 an account file is checked where it resolves (every account of every folder) ARC-8 C01 BCD file set to accounts/zz-(Test).csv, a link to ../answer-key.json, is refused with a 'file' issue naming the account and the field
    W00c RC4 an account file is checked where it resolves (every account of every folder) ARC-8 C01 PCD file set to accounts/zz-(Test).csv, a link to ../answer-key.json, is refused with a 'file' issue naming the account and the field
  and 274 more tests!


[Survived] StringLiteral
testworld/clients/load.ts:593:49
-       const record = `answer-key.json ${path.join('.')}`
+       const record = `answer-key.json ${path.join("")}`
Tests ran:
    W00c RC4 an account file is checked where it resolves (every account of every folder) ARC-8 C01 CHQ file set to accounts/zz-(Test).csv, a link to ../answer-key.json, is refused with a 'file' issue naming the account and the field
    W00c RC4 an account file is checked where it resolves (every account of every folder) ARC-8 C01 BCD file set to accounts/zz-(Test).csv, a link to ../answer-key.json, is refused with a 'file' issue naming the account and the field
    W00c RC4 an account file is checked where it resolves (every account of every folder) ARC-8 C01 PCD file set to accounts/zz-(Test).csv, a link to ../answer-key.json, is refused with a 'file' issue naming the account and the field
  and 274 more tests!


[Survived] ConditionalExpression
testworld/clients/load.ts:595:11
-         if (!AJE_ID.test(v) || !key.adjustingEntries.some((j) => j.id === v)) schemaIssue(record, `"${v}" is not an adjusting entry of this client`)
+         if (false) schemaIssue(record, `"${v}" is not an adjusting entry of this client`)
Tests ran:
    W00c RC4 an account file is checked where it resolves (every account of every folder) ARC-8 C01 CHQ file set to accounts/zz-(Test).csv, a link to ../answer-key.json, is refused with a 'file' issue naming the account and the field
    W00c RC4 an account file is checked where it resolves (every account of every folder) ARC-8 C01 BCD file set to accounts/zz-(Test).csv, a link to ../answer-key.json, is refused with a 'file' issue naming the account and the field
    W00c RC4 an account file is checked where it resolves (every account of every folder) ARC-8 C01 PCD file set to accounts/zz-(Test).csv, a link to ../answer-key.json, is refused with a 'file' issue naming the account and the field
  and 261 more tests!


[Survived] LogicalOperator
testworld/clients/load.ts:595:11
-         if (!AJE_ID.test(v) || !key.adjustingEntries.some((j) => j.id === v)) schemaIssue(record, `"${v}" is not an adjusting entry of this client`)
+         if (!AJE_ID.test(v) && !key.adjustingEntries.some(j => j.id === v)) schemaIssue(record, `"${v}" is not an adjusting entry of this client`)
Tests ran:
    W00c RC4 an account file is checked where it resolves (every account of every folder) ARC-8 C01 CHQ file set to accounts/zz-(Test).csv, a link to ../answer-key.json, is refused with a 'file' issue naming the account and the field
    W00c RC4 an account file is checked where it resolves (every account of every folder) ARC-8 C01 BCD file set to accounts/zz-(Test).csv, a link to ../answer-key.json, is refused with a 'file' issue naming the account and the field
    W00c RC4 an account file is checked where it resolves (every account of every folder) ARC-8 C01 PCD file set to accounts/zz-(Test).csv, a link to ../answer-key.json, is refused with a 'file' issue naming the account and the field
  and 261 more tests!


[Survived] ConditionalExpression
testworld/clients/load.ts:595:64
-         if (!AJE_ID.test(v) || !key.adjustingEntries.some((j) => j.id === v)) schemaIssue(record, `"${v}" is not an adjusting entry of this client`)
+         if (!AJE_ID.test(v) || !key.adjustingEntries.some((j) => true)) schemaIssue(record, `"${v}" is not an adjusting entry of this client`)
Tests ran:
    W00c RC4 an account file is checked where it resolves (every account of every folder) ARC-8 C01 CHQ file set to accounts/zz-(Test).csv, a link to ../answer-key.json, is refused with a 'file' issue naming the account and the field
    W00c RC4 an account file is checked where it resolves (every account of every folder) ARC-8 C01 BCD file set to accounts/zz-(Test).csv, a link to ../answer-key.json, is refused with a 'file' issue naming the account and the field
    W00c RC4 an account file is checked where it resolves (every account of every folder) ARC-8 C01 PCD file set to accounts/zz-(Test).csv, a link to ../answer-key.json, is refused with a 'file' issue naming the account and the field
  and 261 more tests!


[Survived] ConditionalExpression
testworld/clients/load.ts:596:16
-       } else if (/^\d\d-[A-Z]{2,4}-/.test(v) && (!TX_ID.test(v) || !txIds.has(v))) schemaIssue(record, `"${v}" is not a transaction of this client`)
+       } else if (false) schemaIssue(record, `"${v}" is not a transaction of this client`)
Tests ran:
    W00c RC4 an account file is checked where it resolves (every account of every folder) ARC-8 C01 CHQ file set to accounts/zz-(Test).csv, a link to ../answer-key.json, is refused with a 'file' issue naming the account and the field
    W00c RC4 an account file is checked where it resolves (every account of every folder) ARC-8 C01 BCD file set to accounts/zz-(Test).csv, a link to ../answer-key.json, is refused with a 'file' issue naming the account and the field
    W00c RC4 an account file is checked where it resolves (every account of every folder) ARC-8 C01 PCD file set to accounts/zz-(Test).csv, a link to ../answer-key.json, is refused with a 'file' issue naming the account and the field
  and 274 more tests!


[Survived] Regex
testworld/clients/load.ts:596:16
-       } else if (/^\d\d-[A-Z]{2,4}-/.test(v) && (!TX_ID.test(v) || !txIds.has(v))) schemaIssue(record, `"${v}" is not a transaction of this client`)
+       } else if (/^\D\d-[A-Z]{2,4}-/.test(v) && (!TX_ID.test(v) || !txIds.has(v))) schemaIssue(record, `"${v}" is not a transaction of this client`)
Tests ran:
    W00c RC4 an account file is checked where it resolves (every account of every folder) ARC-8 C01 CHQ file set to accounts/zz-(Test).csv, a link to ../answer-key.json, is refused with a 'file' issue naming the account and the field
    W00c RC4 an account file is checked where it resolves (every account of every folder) ARC-8 C01 BCD file set to accounts/zz-(Test).csv, a link to ../answer-key.json, is refused with a 'file' issue naming the account and the field
    W00c RC4 an account file is checked where it resolves (every account of every folder) ARC-8 C01 PCD file set to accounts/zz-(Test).csv, a link to ../answer-key.json, is refused with a 'file' issue naming the account and the field
  and 274 more tests!


[Survived] Regex
testworld/clients/load.ts:596:16
-       } else if (/^\d\d-[A-Z]{2,4}-/.test(v) && (!TX_ID.test(v) || !txIds.has(v))) schemaIssue(record, `"${v}" is not a transaction of this client`)
+       } else if (/^\d\D-[A-Z]{2,4}-/.test(v) && (!TX_ID.test(v) || !txIds.has(v))) schemaIssue(record, `"${v}" is not a transaction of this client`)
Tests ran:
    W00c RC4 an account file is checked where it resolves (every account of every folder) ARC-8 C01 CHQ file set to accounts/zz-(Test).csv, a link to ../answer-key.json, is refused with a 'file' issue naming the account and the field
    W00c RC4 an account file is checked where it resolves (every account of every folder) ARC-8 C01 BCD file set to accounts/zz-(Test).csv, a link to ../answer-key.json, is refused with a 'file' issue naming the account and the field
    W00c RC4 an account file is checked where it resolves (every account of every folder) ARC-8 C01 PCD file set to accounts/zz-(Test).csv, a link to ../answer-key.json, is refused with a 'file' issue naming the account and the field
  and 274 more tests!


[Survived] Regex
testworld/clients/load.ts:596:16
-       } else if (/^\d\d-[A-Z]{2,4}-/.test(v) && (!TX_ID.test(v) || !txIds.has(v))) schemaIssue(record, `"${v}" is not a transaction of this client`)
+       } else if (/^\d\d-[A-Z]-/.test(v) && (!TX_ID.test(v) || !txIds.has(v))) schemaIssue(record, `"${v}" is not a transaction of this client`)
Tests ran:
    W00c RC4 an account file is checked where it resolves (every account of every folder) ARC-8 C01 CHQ file set to accounts/zz-(Test).csv, a link to ../answer-key.json, is refused with a 'file' issue naming the account and the field
    W00c RC4 an account file is checked where it resolves (every account of every folder) ARC-8 C01 BCD file set to accounts/zz-(Test).csv, a link to ../answer-key.json, is refused with a 'file' issue naming the account and the field
    W00c RC4 an account file is checked where it resolves (every account of every folder) ARC-8 C01 PCD file set to accounts/zz-(Test).csv, a link to ../answer-key.json, is refused with a 'file' issue naming the account and the field
  and 274 more tests!


[Survived] Regex
testworld/clients/load.ts:596:16
-       } else if (/^\d\d-[A-Z]{2,4}-/.test(v) && (!TX_ID.test(v) || !txIds.has(v))) schemaIssue(record, `"${v}" is not a transaction of this client`)
+       } else if (/^\d\d-[^A-Z]{2,4}-/.test(v) && (!TX_ID.test(v) || !txIds.has(v))) schemaIssue(record, `"${v}" is not a transaction of this client`)
Tests ran:
    W00c RC4 an account file is checked where it resolves (every account of every folder) ARC-8 C01 CHQ file set to accounts/zz-(Test).csv, a link to ../answer-key.json, is refused with a 'file' issue naming the account and the field
    W00c RC4 an account file is checked where it resolves (every account of every folder) ARC-8 C01 BCD file set to accounts/zz-(Test).csv, a link to ../answer-key.json, is refused with a 'file' issue naming the account and the field
    W00c RC4 an account file is checked where it resolves (every account of every folder) ARC-8 C01 PCD file set to accounts/zz-(Test).csv, a link to ../answer-key.json, is refused with a 'file' issue naming the account and the field
  and 274 more tests!


[Survived] LogicalOperator
testworld/clients/load.ts:596:48
-       } else if (/^\d\d-[A-Z]{2,4}-/.test(v) && (!TX_ID.test(v) || !txIds.has(v))) schemaIssue(record, `"${v}" is not a transaction of this client`)
+       } else if (/^\d\d-[A-Z]{2,4}-/.test(v) && (!TX_ID.test(v) && !txIds.has(v))) schemaIssue(record, `"${v}" is not a transaction of this client`)
Tests ran:
    W00c RC4 an account file is checked where it resolves (every account of every folder) ARC-8 C01 CHQ file set to accounts/zz-(Test).csv, a link to ../answer-key.json, is refused with a 'file' issue naming the account and the field
    W00c RC4 an account file is checked where it resolves (every account of every folder) ARC-8 C01 BCD file set to accounts/zz-(Test).csv, a link to ../answer-key.json, is refused with a 'file' issue naming the account and the field
    W00c RC4 an account file is checked where it resolves (every account of every folder) ARC-8 C01 PCD file set to accounts/zz-(Test).csv, a link to ../answer-key.json, is refused with a 'file' issue naming the account and the field
  and 271 more tests!


[Survived] ConditionalExpression
testworld/clients/load.ts:600:57
-       for (const [i, s] of (sources ?? []).entries()) if (!resolves(s)) schemaIssue(`${record}.${String(i)}`, `"${s}" is not in onboarding.json`)
+       for (const [i, s] of (sources ?? []).entries()) if (false) schemaIssue(`${record}.${String(i)}`, `"${s}" is not in onboarding.json`)
Tests ran:
    W00c RC4 an account file is checked where it resolves (every account of every folder) ARC-8 C01 CHQ file set to accounts/zz-(Test).csv, a link to ../answer-key.json, is refused with a 'file' issue naming the account and the field
    W00c RC4 an account file is checked where it resolves (every account of every folder) ARC-8 C01 BCD file set to accounts/zz-(Test).csv, a link to ../answer-key.json, is refused with a 'file' issue naming the account and the field
    W00c RC4 an account file is checked where it resolves (every account of every folder) ARC-8 C01 PCD file set to accounts/zz-(Test).csv, a link to ../answer-key.json, is refused with a 'file' issue naming the account and the field
  and 274 more tests!


[Survived] StringLiteral
testworld/clients/load.ts:602:54
-     for (const [i, f] of key.flags.entries()) evidence(`answer-key.json flags.${String(i)}.evidence.onboarding`, f.evidence?.onboarding)
+     for (const [i, f] of key.flags.entries()) evidence(``, f.evidence?.onboarding)
Tests ran:
    W00c RC4 an account file is checked where it resolves (every account of every folder) ARC-8 C01 CHQ file set to accounts/zz-(Test).csv, a link to ../answer-key.json, is refused with a 'file' issue naming the account and the field
    W00c RC4 an account file is checked where it resolves (every account of every folder) ARC-8 C01 BCD file set to accounts/zz-(Test).csv, a link to ../answer-key.json, is refused with a 'file' issue naming the account and the field
    W00c RC4 an account file is checked where it resolves (every account of every folder) ARC-8 C01 PCD file set to accounts/zz-(Test).csv, a link to ../answer-key.json, is refused with a 'file' issue naming the account and the field
  and 274 more tests!


[Survived] OptionalChaining
testworld/clients/load.ts:602:112
-     for (const [i, f] of key.flags.entries()) evidence(`answer-key.json flags.${String(i)}.evidence.onboarding`, f.evidence?.onboarding)
+     for (const [i, f] of key.flags.entries()) evidence(`answer-key.json flags.${String(i)}.evidence.onboarding`, f.evidence.onboarding)
Tests ran:
    W00c RC4 an account file is checked where it resolves (every account of every folder) ARC-8 C01 CHQ file set to accounts/zz-(Test).csv, a link to ../answer-key.json, is refused with a 'file' issue naming the account and the field
    W00c RC4 an account file is checked where it resolves (every account of every folder) ARC-8 C01 BCD file set to accounts/zz-(Test).csv, a link to ../answer-key.json, is refused with a 'file' issue naming the account and the field
    W00c RC4 an account file is checked where it resolves (every account of every folder) ARC-8 C01 PCD file set to accounts/zz-(Test).csv, a link to ../answer-key.json, is refused with a 'file' issue naming the account and the field
  and 274 more tests!


[Survived] LogicalOperator
testworld/clients/load.ts:603:25
-     for (const [i, a] of (key.t2Inputs?.schedule1?.addBacks ?? []).entries()) evidence(`answer-key.json t2Inputs.schedule1.addBacks.${String(i)}.source.onboarding`, a.source?.onboarding)
+     for (const [i, a] of (key.t2Inputs?.schedule1?.addBacks && []).entries()) evidence(`answer-key.json t2Inputs.schedule1.addBacks.${String(i)}.source.onboarding`, a.source?.onboarding)
Tests ran:
    W00c RC4 an account file is checked where it resolves (every account of every folder) ARC-8 C01 CHQ file set to accounts/zz-(Test).csv, a link to ../answer-key.json, is refused with a 'file' issue naming the account and the field
    W00c RC4 an account file is checked where it resolves (every account of every folder) ARC-8 C01 BCD file set to accounts/zz-(Test).csv, a link to ../answer-key.json, is refused with a 'file' issue naming the account and the field
    W00c RC4 an account file is checked where it resolves (every account of every folder) ARC-8 C01 PCD file set to accounts/zz-(Test).csv, a link to ../answer-key.json, is refused with a 'file' issue naming the account and the field
  and 274 more tests!


[Survived] OptionalChaining
testworld/clients/load.ts:603:25
-     for (const [i, a] of (key.t2Inputs?.schedule1?.addBacks ?? []).entries()) evidence(`answer-key.json t2Inputs.schedule1.addBacks.${String(i)}.source.onboarding`, a.source?.onboarding)
+     for (const [i, a] of (key.t2Inputs?.schedule1.addBacks ?? []).entries()) evidence(`answer-key.json t2Inputs.schedule1.addBacks.${String(i)}.source.onboarding`, a.source?.onboarding)
Tests ran:
    W00c RC4 an account file is checked where it resolves (every account of every folder) ARC-8 C01 CHQ file set to accounts/zz-(Test).csv, a link to ../answer-key.json, is refused with a 'file' issue naming the account and the field
    W00c RC4 an account file is checked where it resolves (every account of every folder) ARC-8 C01 BCD file set to accounts/zz-(Test).csv, a link to ../answer-key.json, is refused with a 'file' issue naming the account and the field
    W00c RC4 an account file is checked where it resolves (every account of every folder) ARC-8 C01 PCD file set to accounts/zz-(Test).csv, a link to ../answer-key.json, is refused with a 'file' issue naming the account and the field
  and 274 more tests!


[Survived] StringLiteral
testworld/clients/load.ts:603:86
-     for (const [i, a] of (key.t2Inputs?.schedule1?.addBacks ?? []).entries()) evidence(`answer-key.json t2Inputs.schedule1.addBacks.${String(i)}.source.onboarding`, a.source?.onboarding)
+     for (const [i, a] of (key.t2Inputs?.schedule1?.addBacks ?? []).entries()) evidence(``, a.source?.onboarding)
Tests ran:
    W00c RC4 an account file is checked where it resolves (every account of every folder) ARC-8 C01 CHQ file set to accounts/zz-(Test).csv, a link to ../answer-key.json, is refused with a 'file' issue naming the account and the field
    W00c RC4 an account file is checked where it resolves (every account of every folder) ARC-8 C01 BCD file set to accounts/zz-(Test).csv, a link to ../answer-key.json, is refused with a 'file' issue naming the account and the field
    W00c RC4 an account file is checked where it resolves (every account of every folder) ARC-8 C01 PCD file set to accounts/zz-(Test).csv, a link to ../answer-key.json, is refused with a 'file' issue naming the account and the field
  and 254 more tests!


[Survived] OptionalChaining
testworld/clients/load.ts:603:25
-     for (const [i, a] of (key.t2Inputs?.schedule1?.addBacks ?? []).entries()) evidence(`answer-key.json t2Inputs.schedule1.addBacks.${String(i)}.source.onboarding`, a.source?.onboarding)
+     for (const [i, a] of (key.t2Inputs.schedule1?.addBacks ?? []).entries()) evidence(`answer-key.json t2Inputs.schedule1.addBacks.${String(i)}.source.onboarding`, a.source?.onboarding)
Tests ran:
    W00c RC4 an account file is checked where it resolves (every account of every folder) ARC-8 C01 CHQ file set to accounts/zz-(Test).csv, a link to ../answer-key.json, is refused with a 'file' issue naming the account and the field
    W00c RC4 an account file is checked where it resolves (every account of every folder) ARC-8 C01 BCD file set to accounts/zz-(Test).csv, a link to ../answer-key.json, is refused with a 'file' issue naming the account and the field
    W00c RC4 an account file is checked where it resolves (every account of every folder) ARC-8 C01 PCD file set to accounts/zz-(Test).csv, a link to ../answer-key.json, is refused with a 'file' issue naming the account and the field
  and 274 more tests!


[Survived] OptionalChaining
testworld/clients/load.ts:603:164
-     for (const [i, a] of (key.t2Inputs?.schedule1?.addBacks ?? []).entries()) evidence(`answer-key.json t2Inputs.schedule1.addBacks.${String(i)}.source.onboarding`, a.source?.onboarding)
+     for (const [i, a] of (key.t2Inputs?.schedule1?.addBacks ?? []).entries()) evidence(`answer-key.json t2Inputs.schedule1.addBacks.${String(i)}.source.onboarding`, a.source.onboarding)
Tests ran:
    W00c RC4 an account file is checked where it resolves (every account of every folder) ARC-8 C01 CHQ file set to accounts/zz-(Test).csv, a link to ../answer-key.json, is refused with a 'file' issue naming the account and the field
    W00c RC4 an account file is checked where it resolves (every account of every folder) ARC-8 C01 BCD file set to accounts/zz-(Test).csv, a link to ../answer-key.json, is refused with a 'file' issue naming the account and the field
    W00c RC4 an account file is checked where it resolves (every account of every folder) ARC-8 C01 PCD file set to accounts/zz-(Test).csv, a link to ../answer-key.json, is refused with a 'file' issue naming the account and the field
  and 254 more tests!


[Survived] LogicalOperator
testworld/clients/load.ts:647:88
-       flags: key.flags.map((f) => ({ id: f.id, rule: f.rule, detail: f.detail, severity: f.severity ?? null, action: f.action ?? null })),
+       flags: key.flags.map((f) => ({ id: f.id, rule: f.rule, detail: f.detail, severity: f.severity && null, action: f.action ?? null })),
Tests ran:
    W00c RC4 an account file is checked where it resolves (every account of every folder) ARC-8 C01 CHQ file set to accounts/zz-(Test).csv, a link to ../answer-key.json, is refused with a 'file' issue naming the account and the field
    W00c RC4 an account file is checked where it resolves (every account of every folder) ARC-8 C01 BCD file set to accounts/zz-(Test).csv, a link to ../answer-key.json, is refused with a 'file' issue naming the account and the field
    W00c RC4 an account file is checked where it resolves (every account of every folder) ARC-8 C01 PCD file set to accounts/zz-(Test).csv, a link to ../answer-key.json, is refused with a 'file' issue naming the account and the field
  and 274 more tests!


[Survived] LogicalOperator
testworld/clients/load.ts:647:116
-       flags: key.flags.map((f) => ({ id: f.id, rule: f.rule, detail: f.detail, severity: f.severity ?? null, action: f.action ?? null })),
+       flags: key.flags.map((f) => ({ id: f.id, rule: f.rule, detail: f.detail, severity: f.severity ?? null, action: f.action && null })),
Tests ran:
    W00c RC4 an account file is checked where it resolves (every account of every folder) ARC-8 C01 CHQ file set to accounts/zz-(Test).csv, a link to ../answer-key.json, is refused with a 'file' issue naming the account and the field
    W00c RC4 an account file is checked where it resolves (every account of every folder) ARC-8 C01 BCD file set to accounts/zz-(Test).csv, a link to ../answer-key.json, is refused with a 'file' issue naming the account and the field
    W00c RC4 an account file is checked where it resolves (every account of every folder) ARC-8 C01 PCD file set to accounts/zz-(Test).csv, a link to ../answer-key.json, is refused with a 'file' issue naming the account and the field
  and 274 more tests!


[Survived] LogicalOperator
testworld/clients/load.ts:648:16
-       priorYear: key.prior_year ?? null,
+       priorYear: key.prior_year && null,
Tests ran:
    W00c RC4 an account file is checked where it resolves (every account of every folder) ARC-8 C01 CHQ file set to accounts/zz-(Test).csv, a link to ../answer-key.json, is refused with a 'file' issue naming the account and the field
    W00c RC4 an account file is checked where it resolves (every account of every folder) ARC-8 C01 BCD file set to accounts/zz-(Test).csv, a link to ../answer-key.json, is refused with a 'file' issue naming the account and the field
    W00c RC4 an account file is checked where it resolves (every account of every folder) ARC-8 C01 PCD file set to accounts/zz-(Test).csv, a link to ../answer-key.json, is refused with a 'file' issue naming the account and the field
  and 274 more tests!


[Survived] ConditionalExpression
testworld/clients/load.ts:658:7
-     if (parsed.data.trialBalance.opening.rows.length === 0 && onb.corporation.incorporation_date !== start) {
+     if (false) {
Tests ran:
    W00c RC4 an account file is checked where it resolves (every account of every folder) ARC-8 C01 CHQ file set to accounts/zz-(Test).csv, a link to ../answer-key.json, is refused with a 'file' issue naming the account and the field
    W00c RC4 an account file is checked where it resolves (every account of every folder) ARC-8 C01 BCD file set to accounts/zz-(Test).csv, a link to ../answer-key.json, is refused with a 'file' issue naming the account and the field
    W00c RC4 an account file is checked where it resolves (every account of every folder) ARC-8 C01 PCD file set to accounts/zz-(Test).csv, a link to ../answer-key.json, is refused with a 'file' issue naming the account and the field
  and 273 more tests!


[Survived] MethodExpression
testworld/clients/load.ts:681:21
-       for (const e of readdirSync(dir, { withFileTypes: true }).sort((a, b) => a.name.localeCompare(b.name))) {
+       for (const e of readdirSync(dir, {
+     withFileTypes: true
+   })) {
Tests ran:
    W00c RC4 an account file is checked where it resolves (every account of every folder) ARC-8 C01 CHQ file set to accounts/zz-(Test).csv, a link to ../answer-key.json, is refused with a 'file' issue naming the account and the field
    W00c RC4 an account file is checked where it resolves (every account of every folder) ARC-8 C01 BCD file set to accounts/zz-(Test).csv, a link to ../answer-key.json, is refused with a 'file' issue naming the account and the field
    W00c RC4 an account file is checked where it resolves (every account of every folder) ARC-8 C01 PCD file set to accounts/zz-(Test).csv, a link to ../answer-key.json, is refused with a 'file' issue naming the account and the field
  and 273 more tests!


[Survived] ArrowFunction
testworld/clients/load.ts:681:68
-       for (const e of readdirSync(dir, { withFileTypes: true }).sort((a, b) => a.name.localeCompare(b.name))) {
+       for (const e of readdirSync(dir, { withFileTypes: true }).sort(() => undefined)) {
Tests ran:
    W00c RC4 an account file is checked where it resolves (every account of every folder) ARC-8 C01 CHQ file set to accounts/zz-(Test).csv, a link to ../answer-key.json, is refused with a 'file' issue naming the account and the field
    W00c RC4 an account file is checked where it resolves (every account of every folder) ARC-8 C01 BCD file set to accounts/zz-(Test).csv, a link to ../answer-key.json, is refused with a 'file' issue naming the account and the field
    W00c RC4 an account file is checked where it resolves (every account of every folder) ARC-8 C01 PCD file set to accounts/zz-(Test).csv, a link to ../answer-key.json, is refused with a 'file' issue naming the account and the field
  and 273 more tests!


[Survived] MethodExpression
testworld/clients/load.ts:259:19
-     for (const e of readdirSync(root, { withFileTypes: true }).sort((a, b) => (a.name < b.name ? -1 : a.name > b.name ? 1 : 0))) {
+     for (const e of readdirSync(root, {
+     withFileTypes: true
+   })) {
Ran all tests for this mutant.

[Survived] ArrowFunction
testworld/clients/load.ts:259:67
-     for (const e of readdirSync(root, { withFileTypes: true }).sort((a, b) => (a.name < b.name ? -1 : a.name > b.name ? 1 : 0))) {
+     for (const e of readdirSync(root, { withFileTypes: true }).sort(() => undefined)) {
Ran all tests for this mutant.

[Survived] ConditionalExpression
testworld/clients/load.ts:259:78
-     for (const e of readdirSync(root, { withFileTypes: true }).sort((a, b) => (a.name < b.name ? -1 : a.name > b.name ? 1 : 0))) {
+     for (const e of readdirSync(root, { withFileTypes: true }).sort((a, b) => (false ? -1 : a.name > b.name ? 1 : 0))) {
Ran all tests for this mutant.

[Survived] EqualityOperator
testworld/clients/load.ts:259:78
-     for (const e of readdirSync(root, { withFileTypes: true }).sort((a, b) => (a.name < b.name ? -1 : a.name > b.name ? 1 : 0))) {
+     for (const e of readdirSync(root, { withFileTypes: true }).sort((a, b) => (a.name <= b.name ? -1 : a.name > b.name ? 1 : 0))) {
Ran all tests for this mutant.

[Survived] ConditionalExpression
testworld/clients/load.ts:259:101
-     for (const e of readdirSync(root, { withFileTypes: true }).sort((a, b) => (a.name < b.name ? -1 : a.name > b.name ? 1 : 0))) {
+     for (const e of readdirSync(root, { withFileTypes: true }).sort((a, b) => (a.name < b.name ? -1 : true ? 1 : 0))) {
Ran all tests for this mutant.

[Survived] ConditionalExpression
testworld/clients/load.ts:259:101
-     for (const e of readdirSync(root, { withFileTypes: true }).sort((a, b) => (a.name < b.name ? -1 : a.name > b.name ? 1 : 0))) {
+     for (const e of readdirSync(root, { withFileTypes: true }).sort((a, b) => (a.name < b.name ? -1 : false ? 1 : 0))) {
Ran all tests for this mutant.

[Survived] EqualityOperator
testworld/clients/load.ts:259:101
-     for (const e of readdirSync(root, { withFileTypes: true }).sort((a, b) => (a.name < b.name ? -1 : a.name > b.name ? 1 : 0))) {
+     for (const e of readdirSync(root, { withFileTypes: true }).sort((a, b) => (a.name < b.name ? -1 : a.name >= b.name ? 1 : 0))) {
Ran all tests for this mutant.

[Survived] EqualityOperator
testworld/clients/load.ts:259:101
-     for (const e of readdirSync(root, { withFileTypes: true }).sort((a, b) => (a.name < b.name ? -1 : a.name > b.name ? 1 : 0))) {
+     for (const e of readdirSync(root, { withFileTypes: true }).sort((a, b) => (a.name < b.name ? -1 : a.name <= b.name ? 1 : 0))) {
Ran all tests for this mutant.

[Survived] Regex
testworld/clients/load.ts:373:21
-   const DATE_SHAPED = /^\d{1,4}[-/.]\d{1,2}(?:[-/.]\d{1,4})?$/
+   const DATE_SHAPED = /^\d[-/.]\d{1,2}(?:[-/.]\d{1,4})?$/
Ran all tests for this mutant.

[Survived] Regex
testworld/clients/load.ts:373:21
-   const DATE_SHAPED = /^\d{1,4}[-/.]\d{1,2}(?:[-/.]\d{1,4})?$/
+   const DATE_SHAPED = /^\D{1,4}[-/.]\d{1,2}(?:[-/.]\d{1,4})?$/
Ran all tests for this mutant.

[Survived] Regex
testworld/clients/load.ts:373:21
-   const DATE_SHAPED = /^\d{1,4}[-/.]\d{1,2}(?:[-/.]\d{1,4})?$/
+   const DATE_SHAPED = /^\d{1,4}[-/.]\d(?:[-/.]\d{1,4})?$/
Ran all tests for this mutant.

[Survived] Regex
testworld/clients/load.ts:373:21
-   const DATE_SHAPED = /^\d{1,4}[-/.]\d{1,2}(?:[-/.]\d{1,4})?$/
+   const DATE_SHAPED = /^\d{1,4}[-/.]\D{1,2}(?:[-/.]\d{1,4})?$/
Ran all tests for this mutant.

[Survived] Regex
testworld/clients/load.ts:373:21
-   const DATE_SHAPED = /^\d{1,4}[-/.]\d{1,2}(?:[-/.]\d{1,4})?$/
+   const DATE_SHAPED = /^\d{1,4}[-/.]\d{1,2}(?:[^-/.]\d{1,4})?$/
Ran all tests for this mutant.

[Survived] Regex
testworld/clients/load.ts:373:21
-   const DATE_SHAPED = /^\d{1,4}[-/.]\d{1,2}(?:[-/.]\d{1,4})?$/
+   const DATE_SHAPED = /^\d{1,4}[-/.]\d{1,2}(?:[-/.]\d{1,4})$/
Ran all tests for this mutant.

[Survived] Regex
testworld/clients/load.ts:373:21
-   const DATE_SHAPED = /^\d{1,4}[-/.]\d{1,2}(?:[-/.]\d{1,4})?$/
+   const DATE_SHAPED = /^\d{1,4}[-/.]\d{1,2}(?:[-/.]\d)?$/
Ran all tests for this mutant.

[Survived] Regex
testworld/clients/load.ts:373:21
-   const DATE_SHAPED = /^\d{1,4}[-/.]\d{1,2}(?:[-/.]\d{1,4})?$/
+   const DATE_SHAPED = /^\d{1,4}[-/.]\d{1,2}(?:[-/.]\D{1,4})?$/
Ran all tests for this mutant.

[Survived] Regex
testworld/clients/load.ts:375:17
-   const DECIMAL = /^\d+\.\d+$/
+   const DECIMAL = /\d+\.\d+$/
Ran all tests for this mutant.

[Survived] Regex
testworld/clients/load.ts:375:17
-   const DECIMAL = /^\d+\.\d+$/
+   const DECIMAL = /^\d+\.\d+/
Ran all tests for this mutant.

[Survived] Regex
testworld/clients/load.ts:376:15
-   const MONTH = /^\d{4}-(?:0[1-9]|1[0-2])$/
+   const MONTH = /\d{4}-(?:0[1-9]|1[0-2])$/
Ran all tests for this mutant.

[Survived] Regex
testworld/clients/load.ts:376:15
-   const MONTH = /^\d{4}-(?:0[1-9]|1[0-2])$/
+   const MONTH = /^\d{4}-(?:0[1-9]|1[0-2])/
Ran all tests for this mutant.

[Survived] Regex
testworld/clients/load.ts:377:19
-   const TIMESTAMP = /^\d{4}-\d\d-\d\dT/
+   const TIMESTAMP = /\d{4}-\d\d-\d\dT/
Ran all tests for this mutant.

[Survived] Regex
testworld/clients/load.ts:377:19
-   const TIMESTAMP = /^\d{4}-\d\d-\d\dT/
+   const TIMESTAMP = /^\d-\d\d-\d\dT/
Ran all tests for this mutant.

[Survived] Regex
testworld/clients/load.ts:377:19
-   const TIMESTAMP = /^\d{4}-\d\d-\d\dT/
+   const TIMESTAMP = /^\D{4}-\d\d-\d\dT/
Ran all tests for this mutant.

[Survived] Regex
testworld/clients/load.ts:377:19
-   const TIMESTAMP = /^\d{4}-\d\d-\d\dT/
+   const TIMESTAMP = /^\d{4}-\D\d-\d\dT/
Ran all tests for this mutant.

[Survived] Regex
testworld/clients/load.ts:377:19
-   const TIMESTAMP = /^\d{4}-\d\d-\d\dT/
+   const TIMESTAMP = /^\d{4}-\d\D-\d\dT/
Ran all tests for this mutant.

[Survived] Regex
testworld/clients/load.ts:377:19
-   const TIMESTAMP = /^\d{4}-\d\d-\d\dT/
+   const TIMESTAMP = /^\d{4}-\d\d-\D\dT/
Ran all tests for this mutant.

[Survived] Regex
testworld/clients/load.ts:377:19
-   const TIMESTAMP = /^\d{4}-\d\d-\d\dT/
+   const TIMESTAMP = /^\d{4}-\d\d-\d\DT/
Ran all tests for this mutant.

[Survived] Regex
testworld/clients/load.ts:391:15
-   const TX_ID = /^\d\d-[A-Z]{2,4}-\d{4}-\d\d-\d{4}$/
+   const TX_ID = /\d\d-[A-Z]{2,4}-\d{4}-\d\d-\d{4}$/
Ran all tests for this mutant.

[Survived] Regex
testworld/clients/load.ts:391:15
-   const TX_ID = /^\d\d-[A-Z]{2,4}-\d{4}-\d\d-\d{4}$/
+   const TX_ID = /^\d\d-[A-Z]{2,4}-\d{4}-\d\d-\d{4}/
Ran all tests for this mutant.

[Survived] Regex
testworld/clients/load.ts:392:16
-   const AJE_ID = /^\d\d-AJE-\d\d$/
+   const AJE_ID = /\d\d-AJE-\d\d$/
Ran all tests for this mutant.

[Survived] Regex
testworld/clients/load.ts:392:16
-   const AJE_ID = /^\d\d-AJE-\d\d$/
+   const AJE_ID = /^\d\d-AJE-\d\d/
Ran all tests for this mutant.

Ran 163.42 tests per mutant on average.
----------|------------------|----------|-----------|------------|----------|----------|
          | % Mutation score |          |           |            |          |          |
File      |  total | covered | # killed | # timeout | # survived | # no cov | # errors |
----------|--------|---------|----------|-----------|------------|----------|----------|
All files |  51.60 |   57.65 |      218 |         8 |        166 |       46 |        0 |
 load.ts  |  51.60 |   57.65 |      218 |         8 |        166 |       46 |        0 |
----------|--------|---------|----------|-----------|------------|----------|----------|
[32m05:06:12 (5441) INFO JsonReporter[39m Your report can be found at: file:///home/user/ashbridge-returns/reports/W00c-mutation/b-load.json
[91m05:06:12 (5441) ERROR MutationTestReportHelper[39m Final mutation score 51.60 under breaking threshold 70, setting exit code to 1 (failure).
[32m05:06:12 (5441) INFO MutationTestReportHelper[39m (improve mutation score or set `thresholds.break = null` to prevent this error in the future)
[32m05:06:12 (5441) INFO MutationTestExecutor[39m Done in 38 minutes and 27 seconds.
