[32m03:39:05 (7145) INFO ProjectReader[39m No incremental result file found at reports/W00c-mutation/n-index-model-incr.json, a full mutation testing run will be performed.
[32m03:39:05 (7145) INFO ProjectReader[39m Found 1 of 1532 file(s) to be mutated.
[32m03:39:05 (7145) INFO Instrumenter[39m Instrumented 1 source file(s) with 0 mutant(s)
[32m03:39:06 (7145) INFO ConcurrencyTokenProvider[39m Creating 4 test runner process(es).
[32m03:39:06 (7145) INFO BroadcastReporter[39m Detected that current console does not support the "progress" reporter, downgrading to "progress-append-only" reporter
[32m03:39:07 (7145) INFO DryRunExecutor[39m Starting initial test run (vitest test runner with "perTest" coverage analysis). This may take a while.
[32m03:40:41 (7145) INFO DryRunExecutor[39m Initial test run succeeded. Ran 1656 tests in 1 minute and 33 seconds (net 92264.96813499987 ms, overhead 1669.0318650001282 ms).

All tests
  kinds-faults.acceptance.test.ts
    ✘ W00 kinds register (card check 6) END-9 listKinds returns K01 to K13 in order with the starting sample clients blueprint 00 names (covered 0)
    ✘ W00 kinds register (card check 6) END-9 a kind is "built" only when its folder exists, otherwise "not built" (covered 0)
    ✘ W00 kinds register (card check 6) END-9 asking for a kind that is not built fails with "not built", never skips or returns a stub (covered 0)
    ✘ W00 kinds register (card check 6) END-9 an id outside K01 to K13 is refused, naming the id (covered 0)
    ✘ W00 fault catalogue (card check 7) ARC-8 every flag in the C01 answer key is in the fault catalogue with a non-empty expected result (covered 0)
    ✘ W00 fault catalogue (card check 7) ARC-8 every flag in the C02 answer key is in the fault catalogue with a non-empty expected result (covered 0)
    ✘ W00 fault catalogue (card check 7) ARC-8 every flag in the C03 answer key is in the fault catalogue with a non-empty expected result (covered 0)
    ✘ W00 fault catalogue (card check 7) ARC-8 every flag in the C04 answer key is in the fault catalogue with a non-empty expected result (covered 0)
    ✘ W00 fault catalogue (card check 7) ARC-8 every flag in the C05 answer key is in the fault catalogue with a non-empty expected result (covered 0)
    ✘ W00 fault catalogue (card check 7) ARC-8 every flag in the C06 answer key is in the fault catalogue with a non-empty expected result (covered 0)
    ✘ W00 fault catalogue (card check 7) ARC-8 every flag in the C07 answer key is in the fault catalogue with a non-empty expected result (covered 0)
    ✘ W00 fault catalogue (card check 7) ARC-8 every flag in the C08 answer key is in the fault catalogue with a non-empty expected result (covered 0)
    ✘ W00 fault catalogue (card check 7) ARC-8 every flag in the C09 answer key is in the fault catalogue with a non-empty expected result (covered 0)
    ✘ W00 fault catalogue (card check 7) ARC-8 every flag in the C10 answer key is in the fault catalogue with a non-empty expected result (covered 0)
    ✘ W00 fault catalogue (card check 7) ARC-8 every flag in the C11 answer key is in the fault catalogue with a non-empty expected result (covered 0)
    ✘ W00 fault catalogue (card check 7) ARC-8 every flag in the C12 answer key is in the fault catalogue with a non-empty expected result (covered 0)
    ✘ W00 fault catalogue (card check 7) ARC-8 every flag in the C13 answer key is in the fault catalogue with a non-empty expected result (covered 0)
    ✘ W00 fault catalogue (card check 7) ARC-8 every flag in the C14 answer key is in the fault catalogue with a non-empty expected result (covered 0)
    ✘ W00 fault catalogue (card check 7) ARC-8 every flag in the C15 answer key is in the fault catalogue with a non-empty expected result (covered 0)
    ✘ W00 fault catalogue (card check 7) ARC-8 the catalogue names no flag a sample client does not have, and every entry has an owner and a unique id (covered 0)
    ✘ W00 fault catalogue (card check 7) ARC-8 the catalogue holds the roll waivers by client, account and month: exactly C10 CHQ 2025-03 and 2025-05 (covered 0)
    ✘ W00 fault catalogue (card check 7) ARC-8 the catalogue is hand-written: testworld/model/faults.ts never reads the answer keys or the loader (covered 0)
  links.acceptance.test.ts
    ✘ W00c RC4 the walk ARC-8 the walk finds account files under accounts/ and qbo/ in every folder with accounts (covered 0)
    ✘ W00c RC4 an account file is checked where it resolves (every account of every folder) ARC-8 C01 CHQ file set to accounts/zz-(Test).csv, a link to ../answer-key.json, is refused with a 'file' issue naming the account and the field (covered 0)
    ✘ W00c RC4 an account file is checked where it resolves (every account of every folder) ARC-8 C01 BCD file set to accounts/zz-(Test).csv, a link to ../answer-key.json, is refused with a 'file' issue naming the account and the field (covered 0)
    ✘ W00c RC4 an account file is checked where it resolves (every account of every folder) ARC-8 C01 PCD file set to accounts/zz-(Test).csv, a link to ../answer-key.json, is refused with a 'file' issue naming the account and the field (covered 0)
    ✘ W00c RC4 an account file is checked where it resolves (every account of every folder) ARC-8 C02 CHQ file set to accounts/zz-(Test).csv, a link to ../answer-key.json, is refused with a 'file' issue naming the account and the field (covered 0)
    ✘ W00c RC4 an account file is checked where it resolves (every account of every folder) ARC-8 C02 BCD file set to accounts/zz-(Test).csv, a link to ../answer-key.json, is refused with a 'file' issue naming the account and the field (covered 0)
    ✘ W00c RC4 an account file is checked where it resolves (every account of every folder) ARC-8 C03 CHQ file set to accounts/zz-(Test).csv, a link to ../answer-key.json, is refused with a 'file' issue naming the account and the field (covered 0)
    ✘ W00c RC4 an account file is checked where it resolves (every account of every folder) ARC-8 C03 BCD file set to accounts/zz-(Test).csv, a link to ../answer-key.json, is refused with a 'file' issue naming the account and the field (covered 0)
    ✘ W00c RC4 an account file is checked where it resolves (every account of every folder) ARC-8 C04 CHQ file set to accounts/zz-(Test).csv, a link to ../answer-key.json, is refused with a 'file' issue naming the account and the field (covered 0)
    ✘ W00c RC4 an account file is checked where it resolves (every account of every folder) ARC-8 C04 BCD file set to accounts/zz-(Test).csv, a link to ../answer-key.json, is refused with a 'file' issue naming the account and the field (covered 0)
    ✘ W00c RC4 an account file is checked where it resolves (every account of every folder) ARC-8 C05 CHQ file set to accounts/zz-(Test).csv, a link to ../answer-key.json, is refused with a 'file' issue naming the account and the field (covered 0)
    ✘ W00c RC4 an account file is checked where it resolves (every account of every folder) ARC-8 C05 BRK file set to accounts/zz-(Test).csv, a link to ../answer-key.json, is refused with a 'file' issue naming the account and the field (covered 0)
    ✘ W00c RC4 an account file is checked where it resolves (every account of every folder) ARC-8 C06 CHQ file set to accounts/zz-(Test).csv, a link to ../answer-key.json, is refused with a 'file' issue naming the account and the field (covered 0)
    ✘ W00c RC4 an account file is checked where it resolves (every account of every folder) ARC-8 C06 USD file set to accounts/zz-(Test).csv, a link to ../answer-key.json, is refused with a 'file' issue naming the account and the field (covered 0)
    ✘ W00c RC4 an account file is checked where it resolves (every account of every folder) ARC-8 C06 BCD file set to accounts/zz-(Test).csv, a link to ../answer-key.json, is refused with a 'file' issue naming the account and the field (covered 0)
    ✘ W00c RC4 an account file is checked where it resolves (every account of every folder) ARC-8 C07 CHQ file set to accounts/zz-(Test).csv, a link to ../answer-key.json, is refused with a 'file' issue naming the account and the field (covered 0)
    ✘ W00c RC4 an account file is checked where it resolves (every account of every folder) ARC-8 C08 CHQ file set to accounts/zz-(Test).csv, a link to ../answer-key.json, is refused with a 'file' issue naming the account and the field (covered 0)
    ✘ W00c RC4 an account file is checked where it resolves (every account of every folder) ARC-8 C08 USD file set to accounts/zz-(Test).csv, a link to ../answer-key.json, is refused with a 'file' issue naming the account and the field (covered 0)
    ✘ W00c RC4 an account file is checked where it resolves (every account of every folder) ARC-8 C08 BCD file set to accounts/zz-(Test).csv, a link to ../answer-key.json, is refused with a 'file' issue naming the account and the field (covered 0)
    ✘ W00c RC4 an account file is checked where it resolves (every account of every folder) ARC-8 C08 PCD file set to accounts/zz-(Test).csv, a link to ../answer-key.json, is refused with a 'file' issue naming the account and the field (covered 0)
    ✘ W00c RC4 an account file is checked where it resolves (every account of every folder) ARC-8 C09 CHQ file set to accounts/zz-(Test).csv, a link to ../answer-key.json, is refused with a 'file' issue naming the account and the field (covered 0)
    ✘ W00c RC4 an account file is checked where it resolves (every account of every folder) ARC-8 C09 BCD file set to accounts/zz-(Test).csv, a link to ../answer-key.json, is refused with a 'file' issue naming the account and the field (covered 0)
    ✘ W00c RC4 an account file is checked where it resolves (every account of every folder) ARC-8 C10 CHQ file set to accounts/zz-(Test).csv, a link to ../answer-key.json, is refused with a 'file' issue naming the account and the field (covered 0)
    ✘ W00c RC4 an account file is checked where it resolves (every account of every folder) ARC-8 C10 BCD file set to accounts/zz-(Test).csv, a link to ../answer-key.json, is refused with a 'file' issue naming the account and the field (covered 0)
    ✘ W00c RC4 an account file is checked where it resolves (every account of every folder) ARC-8 C11 CHQ file set to accounts/zz-(Test).csv, a link to ../answer-key.json, is refused with a 'file' issue naming the account and the field (covered 0)
    ✘ W00c RC4 an account file is checked where it resolves (every account of every folder) ARC-8 C11 BCD file set to accounts/zz-(Test).csv, a link to ../answer-key.json, is refused with a 'file' issue naming the account and the field (covered 0)
    ✘ W00c RC4 an account file is checked where it resolves (every account of every folder) ARC-8 C13 CHQ file set to accounts/zz-(Test).csv, a link to ../answer-key.json, is refused with a 'file' issue naming the account and the field (covered 0)
    ✘ W00c RC4 an account file is checked where it resolves (every account of every folder) ARC-8 C13 BCD file set to accounts/zz-(Test).csv, a link to ../answer-key.json, is refused with a 'file' issue naming the account and the field (covered 0)
    ✘ W00c RC4 an account file is checked where it resolves (every account of every folder) ARC-8 C14 CHQ file set to accounts/zz-(Test).csv, a link to ../answer-key.json, is refused with a 'file' issue naming the account and the field (covered 0)
    ✘ W00c RC4 an account file is checked where it resolves (every account of every folder) ARC-8 C14 BCD file set to accounts/zz-(Test).csv, a link to ../answer-key.json, is refused with a 'file' issue naming the account and the field (covered 0)
    ✘ W00c RC4 an account file is checked where it resolves (every account of every folder) ARC-8 C15 CHQ file set to accounts/zz-(Test).csv, a link to ../answer-key.json, is refused with a 'file' issue naming the account and the field (covered 0)
    ✘ W00c RC4 an account file is checked where it resolves (every account of every folder) ARC-8 C15 BCD file set to accounts/zz-(Test).csv, a link to ../answer-key.json, is refused with a 'file' issue naming the account and the field (covered 0)
    ✘ W00c RC4 an account file is checked where it resolves (every account of every folder) ARC-8 C01 CHQ file set to accounts/x-(Test).csv, a link to its own qbo CSV, is refused with a 'file' issue naming the account and the field (covered 0)
    ✘ W00c RC4 an account file is checked where it resolves (every account of every folder) ARC-8 C01 BCD file set to accounts/x-(Test).csv, a link to its own qbo CSV, is refused with a 'file' issue naming the account and the field (covered 0)
    ✘ W00c RC4 an account file is checked where it resolves (every account of every folder) ARC-8 C01 PCD file set to accounts/x-(Test).csv, a link to its own qbo CSV, is refused with a 'file' issue naming the account and the field (covered 0)
    ✘ W00c RC4 an account file is checked where it resolves (every account of every folder) ARC-8 C02 CHQ file set to accounts/x-(Test).csv, a link to its own qbo CSV, is refused with a 'file' issue naming the account and the field (covered 0)
    ✘ W00c RC4 an account file is checked where it resolves (every account of every folder) ARC-8 C02 BCD file set to accounts/x-(Test).csv, a link to its own qbo CSV, is refused with a 'file' issue naming the account and the field (covered 0)
    ✘ W00c RC4 an account file is checked where it resolves (every account of every folder) ARC-8 C03 CHQ file set to accounts/x-(Test).csv, a link to its own qbo CSV, is refused with a 'file' issue naming the account and the field (covered 0)
    ✘ W00c RC4 an account file is checked where it resolves (every account of every folder) ARC-8 C03 BCD file set to accounts/x-(Test).csv, a link to its own qbo CSV, is refused with a 'file' issue naming the account and the field (covered 0)
    ✘ W00c RC4 an account file is checked where it resolves (every account of every folder) ARC-8 C04 CHQ file set to accounts/x-(Test).csv, a link to its own qbo CSV, is refused with a 'file' issue naming the account and the field (covered 0)
    ✘ W00c RC4 an account file is checked where it resolves (every account of every folder) ARC-8 C04 BCD file set to accounts/x-(Test).csv, a link to its own qbo CSV, is refused with a 'file' issue naming the account and the field (covered 0)
    ✘ W00c RC4 an account file is checked where it resolves (every account of every folder) ARC-8 C05 CHQ file set to accounts/x-(Test).csv, a link to its own qbo CSV, is refused with a 'file' issue naming the account and the field (covered 0)
    ✘ W00c RC4 an account file is checked where it resolves (every account of every folder) ARC-8 C05 BRK file set to accounts/x-(Test).csv, a link to its own qbo CSV, is refused with a 'file' issue naming the account and the field (covered 0)
    ✘ W00c RC4 an account file is checked where it resolves (every account of every folder) ARC-8 C06 CHQ file set to accounts/x-(Test).csv, a link to its own qbo CSV, is refused with a 'file' issue naming the account and the field (covered 0)
    ✘ W00c RC4 an account file is checked where it resolves (every account of every folder) ARC-8 C06 USD file set to accounts/x-(Test).csv, a link to its own qbo CSV, is refused with a 'file' issue naming the account and the field (covered 0)
    ✘ W00c RC4 an account file is checked where it resolves (every account of every folder) ARC-8 C06 BCD file set to accounts/x-(Test).csv, a link to its own qbo CSV, is refused with a 'file' issue naming the account and the field (covered 0)
    ✘ W00c RC4 an account file is checked where it resolves (every account of every folder) ARC-8 C07 CHQ file set to accounts/x-(Test).csv, a link to its own qbo CSV, is refused with a 'file' issue naming the account and the field (covered 0)
    ✘ W00c RC4 an account file is checked where it resolves (every account of every folder) ARC-8 C08 CHQ file set to accounts/x-(Test).csv, a link to its own qbo CSV, is refused with a 'file' issue naming the account and the field (covered 0)
    ✘ W00c RC4 an account file is checked where it resolves (every account of every folder) ARC-8 C08 USD file set to accounts/x-(Test).csv, a link to its own qbo CSV, is refused with a 'file' issue naming the account and the field (covered 0)
    ✘ W00c RC4 an account file is checked where it resolves (every account of every folder) ARC-8 C08 BCD file set to accounts/x-(Test).csv, a link to its own qbo CSV, is refused with a 'file' issue naming the account and the field (covered 0)
    ✘ W00c RC4 an account file is checked where it resolves (every account of every folder) ARC-8 C08 PCD file set to accounts/x-(Test).csv, a link to its own qbo CSV, is refused with a 'file' issue naming the account and the field (covered 0)
    ✘ W00c RC4 an account file is checked where it resolves (every account of every folder) ARC-8 C09 CHQ file set to accounts/x-(Test).csv, a link to its own qbo CSV, is refused with a 'file' issue naming the account and the field (covered 0)
    ✘ W00c RC4 an account file is checked where it resolves (every account of every folder) ARC-8 C09 BCD file set to accounts/x-(Test).csv, a link to its own qbo CSV, is refused with a 'file' issue naming the account and the field (covered 0)
    ✘ W00c RC4 an account file is checked where it resolves (every account of every folder) ARC-8 C10 CHQ file set to accounts/x-(Test).csv, a link to its own qbo CSV, is refused with a 'file' issue naming the account and the field (covered 0)
    ✘ W00c RC4 an account file is checked where it resolves (every account of every folder) ARC-8 C10 BCD file set to accounts/x-(Test).csv, a link to its own qbo CSV, is refused with a 'file' issue naming the account and the field (covered 0)
    ✘ W00c RC4 an account file is checked where it resolves (every account of every folder) ARC-8 C11 CHQ file set to accounts/x-(Test).csv, a link to its own qbo CSV, is refused with a 'file' issue naming the account and the field (covered 0)
    ✘ W00c RC4 an account file is checked where it resolves (every account of every folder) ARC-8 C11 BCD file set to accounts/x-(Test).csv, a link to its own qbo CSV, is refused with a 'file' issue naming the account and the field (covered 0)
    ✘ W00c RC4 an account file is checked where it resolves (every account of every folder) ARC-8 C13 CHQ file set to accounts/x-(Test).csv, a link to its own qbo CSV, is refused with a 'file' issue naming the account and the field (covered 0)
    ✘ W00c RC4 an account file is checked where it resolves (every account of every folder) ARC-8 C13 BCD file set to accounts/x-(Test).csv, a link to its own qbo CSV, is refused with a 'file' issue naming the account and the field (covered 0)
    ✘ W00c RC4 an account file is checked where it resolves (every account of every folder) ARC-8 C14 CHQ file set to accounts/x-(Test).csv, a link to its own qbo CSV, is refused with a 'file' issue naming the account and the field (covered 0)
    ✘ W00c RC4 an account file is checked where it resolves (every account of every folder) ARC-8 C14 BCD file set to accounts/x-(Test).csv, a link to its own qbo CSV, is refused with a 'file' issue naming the account and the field (covered 0)
    ✘ W00c RC4 an account file is checked where it resolves (every account of every folder) ARC-8 C15 CHQ file set to accounts/x-(Test).csv, a link to its own qbo CSV, is refused with a 'file' issue naming the account and the field (covered 0)
    ✘ W00c RC4 an account file is checked where it resolves (every account of every folder) ARC-8 C15 BCD file set to accounts/x-(Test).csv, a link to its own qbo CSV, is refused with a 'file' issue naming the account and the field (covered 0)
    ✘ W00c RC4 an account file is checked where it resolves (every account of every folder) ARC-8 C01 CHQ qboFile set to qbo/x-(Test).csv, a link to its own accounts CSV, is refused with a 'file' issue naming the account and the field (covered 0)
    ✘ W00c RC4 an account file is checked where it resolves (every account of every folder) ARC-8 C01 BCD qboFile set to qbo/x-(Test).csv, a link to its own accounts CSV, is refused with a 'file' issue naming the account and the field (covered 0)
    ✘ W00c RC4 an account file is checked where it resolves (every account of every folder) ARC-8 C01 PCD qboFile set to qbo/x-(Test).csv, a link to its own accounts CSV, is refused with a 'file' issue naming the account and the field (covered 0)
    ✘ W00c RC4 an account file is checked where it resolves (every account of every folder) ARC-8 C02 CHQ qboFile set to qbo/x-(Test).csv, a link to its own accounts CSV, is refused with a 'file' issue naming the account and the field (covered 0)
    ✘ W00c RC4 an account file is checked where it resolves (every account of every folder) ARC-8 C02 BCD qboFile set to qbo/x-(Test).csv, a link to its own accounts CSV, is refused with a 'file' issue naming the account and the field (covered 0)
    ✘ W00c RC4 an account file is checked where it resolves (every account of every folder) ARC-8 C03 CHQ qboFile set to qbo/x-(Test).csv, a link to its own accounts CSV, is refused with a 'file' issue naming the account and the field (covered 0)
    ✘ W00c RC4 an account file is checked where it resolves (every account of every folder) ARC-8 C03 BCD qboFile set to qbo/x-(Test).csv, a link to its own accounts CSV, is refused with a 'file' issue naming the account and the field (covered 0)
    ✘ W00c RC4 an account file is checked where it resolves (every account of every folder) ARC-8 C04 CHQ qboFile set to qbo/x-(Test).csv, a link to its own accounts CSV, is refused with a 'file' issue naming the account and the field (covered 0)
    ✘ W00c RC4 an account file is checked where it resolves (every account of every folder) ARC-8 C04 BCD qboFile set to qbo/x-(Test).csv, a link to its own accounts CSV, is refused with a 'file' issue naming the account and the field (covered 0)
    ✘ W00c RC4 an account file is checked where it resolves (every account of every folder) ARC-8 C05 CHQ qboFile set to qbo/x-(Test).csv, a link to its own accounts CSV, is refused with a 'file' issue naming the account and the field (covered 0)
    ✘ W00c RC4 an account file is checked where it resolves (every account of every folder) ARC-8 C05 BRK qboFile set to qbo/x-(Test).csv, a link to its own accounts CSV, is refused with a 'file' issue naming the account and the field (covered 0)
    ✘ W00c RC4 an account file is checked where it resolves (every account of every folder) ARC-8 C06 CHQ qboFile set to qbo/x-(Test).csv, a link to its own accounts CSV, is refused with a 'file' issue naming the account and the field (covered 0)
    ✘ W00c RC4 an account file is checked where it resolves (every account of every folder) ARC-8 C06 USD qboFile set to qbo/x-(Test).csv, a link to its own accounts CSV, is refused with a 'file' issue naming the account and the field (covered 0)
    ✘ W00c RC4 an account file is checked where it resolves (every account of every folder) ARC-8 C06 BCD qboFile set to qbo/x-(Test).csv, a link to its own accounts CSV, is refused with a 'file' issue naming the account and the field (covered 0)
    ✘ W00c RC4 an account file is checked where it resolves (every account of every folder) ARC-8 C07 CHQ qboFile set to qbo/x-(Test).csv, a link to its own accounts CSV, is refused with a 'file' issue naming the account and the field (covered 0)
    ✘ W00c RC4 an account file is checked where it resolves (every account of every folder) ARC-8 C08 CHQ qboFile set to qbo/x-(Test).csv, a link to its own accounts CSV, is refused with a 'file' issue naming the account and the field (covered 0)
    ✘ W00c RC4 an account file is checked where it resolves (every account of every folder) ARC-8 C08 USD qboFile set to qbo/x-(Test).csv, a link to its own accounts CSV, is refused with a 'file' issue naming the account and the field (covered 0)
    ✘ W00c RC4 an account file is checked where it resolves (every account of every folder) ARC-8 C08 BCD qboFile set to qbo/x-(Test).csv, a link to its own accounts CSV, is refused with a 'file' issue naming the account and the field (covered 0)
    ✘ W00c RC4 an account file is checked where it resolves (every account of every folder) ARC-8 C08 PCD qboFile set to qbo/x-(Test).csv, a link to its own accounts CSV, is refused with a 'file' issue naming the account and the field (covered 0)
    ✘ W00c RC4 an account file is checked where it resolves (every account of every folder) ARC-8 C09 CHQ qboFile set to qbo/x-(Test).csv, a link to its own accounts CSV, is refused with a 'file' issue naming the account and the field (covered 0)
    ✘ W00c RC4 an account file is checked where it resolves (every account of every folder) ARC-8 C09 BCD qboFile set to qbo/x-(Test).csv, a link to its own accounts CSV, is refused with a 'file' issue naming the account and the field (covered 0)
    ✘ W00c RC4 an account file is checked where it resolves (every account of every folder) ARC-8 C10 CHQ qboFile set to qbo/x-(Test).csv, a link to its own accounts CSV, is refused with a 'file' issue naming the account and the field (covered 0)
    ✘ W00c RC4 an account file is checked where it resolves (every account of every folder) ARC-8 C10 BCD qboFile set to qbo/x-(Test).csv, a link to its own accounts CSV, is refused with a 'file' issue naming the account and the field (covered 0)
    ✘ W00c RC4 an account file is checked where it resolves (every account of every folder) ARC-8 C11 CHQ qboFile set to qbo/x-(Test).csv, a link to its own accounts CSV, is refused with a 'file' issue naming the account and the field (covered 0)
    ✘ W00c RC4 an account file is checked where it resolves (every account of every folder) ARC-8 C11 BCD qboFile set to qbo/x-(Test).csv, a link to its own accounts CSV, is refused with a 'file' issue naming the account and the field (covered 0)
    ✘ W00c RC4 an account file is checked where it resolves (every account of every folder) ARC-8 C13 CHQ qboFile set to qbo/x-(Test).csv, a link to its own accounts CSV, is refused with a 'file' issue naming the account and the field (covered 0)
    ✘ W00c RC4 an account file is checked where it resolves (every account of every folder) ARC-8 C13 BCD qboFile set to qbo/x-(Test).csv, a link to its own accounts CSV, is refused with a 'file' issue naming the account and the field (covered 0)
    ✘ W00c RC4 an account file is checked where it resolves (every account of every folder) ARC-8 C14 CHQ qboFile set to qbo/x-(Test).csv, a link to its own accounts CSV, is refused with a 'file' issue naming the account and the field (covered 0)
    ✘ W00c RC4 an account file is checked where it resolves (every account of every folder) ARC-8 C14 BCD qboFile set to qbo/x-(Test).csv, a link to its own accounts CSV, is refused with a 'file' issue naming the account and the field (covered 0)
    ✘ W00c RC4 an account file is checked where it resolves (every account of every folder) ARC-8 C15 CHQ qboFile set to qbo/x-(Test).csv, a link to its own accounts CSV, is refused with a 'file' issue naming the account and the field (covered 0)
    ✘ W00c RC4 an account file is checked where it resolves (every account of every folder) ARC-8 C15 BCD qboFile set to qbo/x-(Test).csv, a link to its own accounts CSV, is refused with a 'file' issue naming the account and the field (covered 0)
    ✘ W00c RC4 an account file is checked where it resolves (every account of every folder) ARC-8 C01 CHQ file set to accounts/inside-(Test).csv, a link to its own CSV in the same folder, still loads (covered 0)
    ✘ W00c RC4 an account file is checked where it resolves (every account of every folder) ARC-8 C01 BCD file set to accounts/inside-(Test).csv, a link to its own CSV in the same folder, still loads (covered 0)
    ✘ W00c RC4 an account file is checked where it resolves (every account of every folder) ARC-8 C01 PCD file set to accounts/inside-(Test).csv, a link to its own CSV in the same folder, still loads (covered 0)
    ✘ W00c RC4 an account file is checked where it resolves (every account of every folder) ARC-8 C02 CHQ file set to accounts/inside-(Test).csv, a link to its own CSV in the same folder, still loads (covered 0)
    ✘ W00c RC4 an account file is checked where it resolves (every account of every folder) ARC-8 C02 BCD file set to accounts/inside-(Test).csv, a link to its own CSV in the same folder, still loads (covered 0)
    ✘ W00c RC4 an account file is checked where it resolves (every account of every folder) ARC-8 C03 CHQ file set to accounts/inside-(Test).csv, a link to its own CSV in the same folder, still loads (covered 0)
    ✘ W00c RC4 an account file is checked where it resolves (every account of every folder) ARC-8 C03 BCD file set to accounts/inside-(Test).csv, a link to its own CSV in the same folder, still loads (covered 0)
    ✘ W00c RC4 an account file is checked where it resolves (every account of every folder) ARC-8 C04 CHQ file set to accounts/inside-(Test).csv, a link to its own CSV in the same folder, still loads (covered 0)
    ✘ W00c RC4 an account file is checked where it resolves (every account of every folder) ARC-8 C04 BCD file set to accounts/inside-(Test).csv, a link to its own CSV in the same folder, still loads (covered 0)
    ✘ W00c RC4 an account file is checked where it resolves (every account of every folder) ARC-8 C05 CHQ file set to accounts/inside-(Test).csv, a link to its own CSV in the same folder, still loads (covered 0)
    ✘ W00c RC4 an account file is checked where it resolves (every account of every folder) ARC-8 C05 BRK file set to accounts/inside-(Test).csv, a link to its own CSV in the same folder, still loads (covered 0)
    ✘ W00c RC4 an account file is checked where it resolves (every account of every folder) ARC-8 C06 CHQ file set to accounts/inside-(Test).csv, a link to its own CSV in the same folder, still loads (covered 0)
    ✘ W00c RC4 an account file is checked where it resolves (every account of every folder) ARC-8 C06 USD file set to accounts/inside-(Test).csv, a link to its own CSV in the same folder, still loads (covered 0)
    ✘ W00c RC4 an account file is checked where it resolves (every account of every folder) ARC-8 C06 BCD file set to accounts/inside-(Test).csv, a link to its own CSV in the same folder, still loads (covered 0)
    ✘ W00c RC4 an account file is checked where it resolves (every account of every folder) ARC-8 C07 CHQ file set to accounts/inside-(Test).csv, a link to its own CSV in the same folder, still loads (covered 0)
    ✘ W00c RC4 an account file is checked where it resolves (every account of every folder) ARC-8 C08 CHQ file set to accounts/inside-(Test).csv, a link to its own CSV in the same folder, still loads (covered 0)
    ✘ W00c RC4 an account file is checked where it resolves (every account of every folder) ARC-8 C08 USD file set to accounts/inside-(Test).csv, a link to its own CSV in the same folder, still loads (covered 0)
    ✘ W00c RC4 an account file is checked where it resolves (every account of every folder) ARC-8 C08 BCD file set to accounts/inside-(Test).csv, a link to its own CSV in the same folder, still loads (covered 0)
    ✘ W00c RC4 an account file is checked where it resolves (every account of every folder) ARC-8 C08 PCD file set to accounts/inside-(Test).csv, a link to its own CSV in the same folder, still loads (covered 0)
    ✘ W00c RC4 an account file is checked where it resolves (every account of every folder) ARC-8 C09 CHQ file set to accounts/inside-(Test).csv, a link to its own CSV in the same folder, still loads (covered 0)
    ✘ W00c RC4 an account file is checked where it resolves (every account of every folder) ARC-8 C09 BCD file set to accounts/inside-(Test).csv, a link to its own CSV in the same folder, still loads (covered 0)
    ✘ W00c RC4 an account file is checked where it resolves (every account of every folder) ARC-8 C10 CHQ file set to accounts/inside-(Test).csv, a link to its own CSV in the same folder, still loads (covered 0)
    ✘ W00c RC4 an account file is checked where it resolves (every account of every folder) ARC-8 C10 BCD file set to accounts/inside-(Test).csv, a link to its own CSV in the same folder, still loads (covered 0)
    ✘ W00c RC4 an account file is checked where it resolves (every account of every folder) ARC-8 C11 CHQ file set to accounts/inside-(Test).csv, a link to its own CSV in the same folder, still loads (covered 0)
    ✘ W00c RC4 an account file is checked where it resolves (every account of every folder) ARC-8 C11 BCD file set to accounts/inside-(Test).csv, a link to its own CSV in the same folder, still loads (covered 0)
    ✘ W00c RC4 an account file is checked where it resolves (every account of every folder) ARC-8 C13 CHQ file set to accounts/inside-(Test).csv, a link to its own CSV in the same folder, still loads (covered 0)
    ✘ W00c RC4 an account file is checked where it resolves (every account of every folder) ARC-8 C13 BCD file set to accounts/inside-(Test).csv, a link to its own CSV in the same folder, still loads (covered 0)
    ✘ W00c RC4 an account file is checked where it resolves (every account of every folder) ARC-8 C14 CHQ file set to accounts/inside-(Test).csv, a link to its own CSV in the same folder, still loads (covered 0)
    ✘ W00c RC4 an account file is checked where it resolves (every account of every folder) ARC-8 C14 BCD file set to accounts/inside-(Test).csv, a link to its own CSV in the same folder, still loads (covered 0)
    ✘ W00c RC4 an account file is checked where it resolves (every account of every folder) ARC-8 C15 CHQ file set to accounts/inside-(Test).csv, a link to its own CSV in the same folder, still loads (covered 0)
    ✘ W00c RC4 an account file is checked where it resolves (every account of every folder) ARC-8 C15 BCD file set to accounts/inside-(Test).csv, a link to its own CSV in the same folder, still loads (covered 0)
    ✘ W00c RC4 a subfolder that is itself a link is refused for every account file in it (every folder with accounts) ARC-8 C01 with accounts/ a link to a renamed copy of itself is refused with a 'file' issue for every account, naming the field (covered 0)
    ✘ W00c RC4 a subfolder that is itself a link is refused for every account file in it (every folder with accounts) ARC-8 C01 with qbo/ a link to a renamed copy of itself is refused with a 'file' issue for every account, naming the field (covered 0)
    ✘ W00c RC4 a subfolder that is itself a link is refused for every account file in it (every folder with accounts) ARC-8 C02 with accounts/ a link to a renamed copy of itself is refused with a 'file' issue for every account, naming the field (covered 0)
    ✘ W00c RC4 a subfolder that is itself a link is refused for every account file in it (every folder with accounts) ARC-8 C02 with qbo/ a link to a renamed copy of itself is refused with a 'file' issue for every account, naming the field (covered 0)
    ✘ W00c RC4 a subfolder that is itself a link is refused for every account file in it (every folder with accounts) ARC-8 C03 with accounts/ a link to a renamed copy of itself is refused with a 'file' issue for every account, naming the field (covered 0)
    ✘ W00c RC4 a subfolder that is itself a link is refused for every account file in it (every folder with accounts) ARC-8 C03 with qbo/ a link to a renamed copy of itself is refused with a 'file' issue for every account, naming the field (covered 0)
    ✘ W00c RC4 a subfolder that is itself a link is refused for every account file in it (every folder with accounts) ARC-8 C04 with accounts/ a link to a renamed copy of itself is refused with a 'file' issue for every account, naming the field (covered 0)
    ✘ W00c RC4 a subfolder that is itself a link is refused for every account file in it (every folder with accounts) ARC-8 C04 with qbo/ a link to a renamed copy of itself is refused with a 'file' issue for every account, naming the field (covered 0)
    ✘ W00c RC4 a subfolder that is itself a link is refused for every account file in it (every folder with accounts) ARC-8 C05 with accounts/ a link to a renamed copy of itself is refused with a 'file' issue for every account, naming the field (covered 0)
    ✘ W00c RC4 a subfolder that is itself a link is refused for every account file in it (every folder with accounts) ARC-8 C05 with qbo/ a link to a renamed copy of itself is refused with a 'file' issue for every account, naming the field (covered 0)
    ✘ W00c RC4 a subfolder that is itself a link is refused for every account file in it (every folder with accounts) ARC-8 C06 with accounts/ a link to a renamed copy of itself is refused with a 'file' issue for every account, naming the field (covered 0)
    ✘ W00c RC4 a subfolder that is itself a link is refused for every account file in it (every folder with accounts) ARC-8 C06 with qbo/ a link to a renamed copy of itself is refused with a 'file' issue for every account, naming the field (covered 0)
    ✘ W00c RC4 a subfolder that is itself a link is refused for every account file in it (every folder with accounts) ARC-8 C07 with accounts/ a link to a renamed copy of itself is refused with a 'file' issue for every account, naming the field (covered 0)
    ✘ W00c RC4 a subfolder that is itself a link is refused for every account file in it (every folder with accounts) ARC-8 C07 with qbo/ a link to a renamed copy of itself is refused with a 'file' issue for every account, naming the field (covered 0)
    ✘ W00c RC4 a subfolder that is itself a link is refused for every account file in it (every folder with accounts) ARC-8 C08 with accounts/ a link to a renamed copy of itself is refused with a 'file' issue for every account, naming the field (covered 0)
    ✘ W00c RC4 a subfolder that is itself a link is refused for every account file in it (every folder with accounts) ARC-8 C08 with qbo/ a link to a renamed copy of itself is refused with a 'file' issue for every account, naming the field (covered 0)
    ✘ W00c RC4 a subfolder that is itself a link is refused for every account file in it (every folder with accounts) ARC-8 C09 with accounts/ a link to a renamed copy of itself is refused with a 'file' issue for every account, naming the field (covered 0)
    ✘ W00c RC4 a subfolder that is itself a link is refused for every account file in it (every folder with accounts) ARC-8 C09 with qbo/ a link to a renamed copy of itself is refused with a 'file' issue for every account, naming the field (covered 0)
    ✘ W00c RC4 a subfolder that is itself a link is refused for every account file in it (every folder with accounts) ARC-8 C10 with accounts/ a link to a renamed copy of itself is refused with a 'file' issue for every account, naming the field (covered 0)
    ✘ W00c RC4 a subfolder that is itself a link is refused for every account file in it (every folder with accounts) ARC-8 C10 with qbo/ a link to a renamed copy of itself is refused with a 'file' issue for every account, naming the field (covered 0)
    ✘ W00c RC4 a subfolder that is itself a link is refused for every account file in it (every folder with accounts) ARC-8 C11 with accounts/ a link to a renamed copy of itself is refused with a 'file' issue for every account, naming the field (covered 0)
    ✘ W00c RC4 a subfolder that is itself a link is refused for every account file in it (every folder with accounts) ARC-8 C11 with qbo/ a link to a renamed copy of itself is refused with a 'file' issue for every account, naming the field (covered 0)
    ✘ W00c RC4 a subfolder that is itself a link is refused for every account file in it (every folder with accounts) ARC-8 C13 with accounts/ a link to a renamed copy of itself is refused with a 'file' issue for every account, naming the field (covered 0)
    ✘ W00c RC4 a subfolder that is itself a link is refused for every account file in it (every folder with accounts) ARC-8 C13 with qbo/ a link to a renamed copy of itself is refused with a 'file' issue for every account, naming the field (covered 0)
    ✘ W00c RC4 a subfolder that is itself a link is refused for every account file in it (every folder with accounts) ARC-8 C14 with accounts/ a link to a renamed copy of itself is refused with a 'file' issue for every account, naming the field (covered 0)
    ✘ W00c RC4 a subfolder that is itself a link is refused for every account file in it (every folder with accounts) ARC-8 C14 with qbo/ a link to a renamed copy of itself is refused with a 'file' issue for every account, naming the field (covered 0)
    ✘ W00c RC4 a subfolder that is itself a link is refused for every account file in it (every folder with accounts) ARC-8 C15 with accounts/ a link to a renamed copy of itself is refused with a 'file' issue for every account, naming the field (covered 0)
    ✘ W00c RC4 a subfolder that is itself a link is refused for every account file in it (every folder with accounts) ARC-8 C15 with qbo/ a link to a renamed copy of itself is refused with a 'file' issue for every account, naming the field (covered 0)
    ✘ W00c RC4 the client JSON files are regular files, never links (every folder) ARC-8 C01 with answer-key.json a link to a byte-for-byte copy outside the folder is refused with a 'file' issue naming the file (covered 0)
    ✘ W00c RC4 the client JSON files are regular files, never links (every folder) ARC-8 C01 with onboarding.json a link to a byte-for-byte copy outside the folder is refused with a 'file' issue naming the file (covered 0)
    ✘ W00c RC4 the client JSON files are regular files, never links (every folder) ARC-8 C02 with answer-key.json a link to a byte-for-byte copy outside the folder is refused with a 'file' issue naming the file (covered 0)
    ✘ W00c RC4 the client JSON files are regular files, never links (every folder) ARC-8 C02 with onboarding.json a link to a byte-for-byte copy outside the folder is refused with a 'file' issue naming the file (covered 0)
    ✘ W00c RC4 the client JSON files are regular files, never links (every folder) ARC-8 C03 with answer-key.json a link to a byte-for-byte copy outside the folder is refused with a 'file' issue naming the file (covered 0)
    ✘ W00c RC4 the client JSON files are regular files, never links (every folder) ARC-8 C03 with onboarding.json a link to a byte-for-byte copy outside the folder is refused with a 'file' issue naming the file (covered 0)
    ✘ W00c RC4 the client JSON files are regular files, never links (every folder) ARC-8 C04 with answer-key.json a link to a byte-for-byte copy outside the folder is refused with a 'file' issue naming the file (covered 0)
    ✘ W00c RC4 the client JSON files are regular files, never links (every folder) ARC-8 C04 with onboarding.json a link to a byte-for-byte copy outside the folder is refused with a 'file' issue naming the file (covered 0)
    ✘ W00c RC4 the client JSON files are regular files, never links (every folder) ARC-8 C05 with answer-key.json a link to a byte-for-byte copy outside the folder is refused with a 'file' issue naming the file (covered 0)
    ✘ W00c RC4 the client JSON files are regular files, never links (every folder) ARC-8 C05 with onboarding.json a link to a byte-for-byte copy outside the folder is refused with a 'file' issue naming the file (covered 0)
    ✘ W00c RC4 the client JSON files are regular files, never links (every folder) ARC-8 C06 with answer-key.json a link to a byte-for-byte copy outside the folder is refused with a 'file' issue naming the file (covered 0)
    ✘ W00c RC4 the client JSON files are regular files, never links (every folder) ARC-8 C06 with onboarding.json a link to a byte-for-byte copy outside the folder is refused with a 'file' issue naming the file (covered 0)
    ✘ W00c RC4 the client JSON files are regular files, never links (every folder) ARC-8 C07 with answer-key.json a link to a byte-for-byte copy outside the folder is refused with a 'file' issue naming the file (covered 0)
    ✘ W00c RC4 the client JSON files are regular files, never links (every folder) ARC-8 C07 with onboarding.json a link to a byte-for-byte copy outside the folder is refused with a 'file' issue naming the file (covered 0)
    ✘ W00c RC4 the client JSON files are regular files, never links (every folder) ARC-8 C08 with answer-key.json a link to a byte-for-byte copy outside the folder is refused with a 'file' issue naming the file (covered 0)
    ✘ W00c RC4 the client JSON files are regular files, never links (every folder) ARC-8 C08 with onboarding.json a link to a byte-for-byte copy outside the folder is refused with a 'file' issue naming the file (covered 0)
    ✘ W00c RC4 the client JSON files are regular files, never links (every folder) ARC-8 C09 with answer-key.json a link to a byte-for-byte copy outside the folder is refused with a 'file' issue naming the file (covered 0)
    ✘ W00c RC4 the client JSON files are regular files, never links (every folder) ARC-8 C09 with onboarding.json a link to a byte-for-byte copy outside the folder is refused with a 'file' issue naming the file (covered 0)
    ✘ W00c RC4 the client JSON files are regular files, never links (every folder) ARC-8 C10 with answer-key.json a link to a byte-for-byte copy outside the folder is refused with a 'file' issue naming the file (covered 0)
    ✘ W00c RC4 the client JSON files are regular files, never links (every folder) ARC-8 C10 with onboarding.json a link to a byte-for-byte copy outside the folder is refused with a 'file' issue naming the file (covered 0)
    ✘ W00c RC4 the client JSON files are regular files, never links (every folder) ARC-8 C11 with answer-key.json a link to a byte-for-byte copy outside the folder is refused with a 'file' issue naming the file (covered 0)
    ✘ W00c RC4 the client JSON files are regular files, never links (every folder) ARC-8 C11 with onboarding.json a link to a byte-for-byte copy outside the folder is refused with a 'file' issue naming the file (covered 0)
    ✘ W00c RC4 the client JSON files are regular files, never links (every folder) ARC-8 C12 with answer-key.json a link to a byte-for-byte copy outside the folder is refused with a 'file' issue naming the file (covered 0)
    ✘ W00c RC4 the client JSON files are regular files, never links (every folder) ARC-8 C12 with onboarding.json a link to a byte-for-byte copy outside the folder is refused with a 'file' issue naming the file (covered 0)
    ✘ W00c RC4 the client JSON files are regular files, never links (every folder) ARC-8 C13 with answer-key.json a link to a byte-for-byte copy outside the folder is refused with a 'file' issue naming the file (covered 0)
    ✘ W00c RC4 the client JSON files are regular files, never links (every folder) ARC-8 C13 with onboarding.json a link to a byte-for-byte copy outside the folder is refused with a 'file' issue naming the file (covered 0)
    ✘ W00c RC4 the client JSON files are regular files, never links (every folder) ARC-8 C14 with answer-key.json a link to a byte-for-byte copy outside the folder is refused with a 'file' issue naming the file (covered 0)
    ✘ W00c RC4 the client JSON files are regular files, never links (every folder) ARC-8 C14 with onboarding.json a link to a byte-for-byte copy outside the folder is refused with a 'file' issue naming the file (covered 0)
    ✘ W00c RC4 the client JSON files are regular files, never links (every folder) ARC-8 C15 with answer-key.json a link to a byte-for-byte copy outside the folder is refused with a 'file' issue naming the file (covered 0)
    ✘ W00c RC4 the client JSON files are regular files, never links (every folder) ARC-8 C15 with onboarding.json a link to a byte-for-byte copy outside the folder is refused with a 'file' issue naming the file (covered 0)
    ✘ W00c RC4 the client JSON files are regular files, never links (every folder) END-9 C01 loads unchanged (no link anywhere in the sample folders) (covered 0)
    ✘ W00c RC4 the client JSON files are regular files, never links (every folder) END-9 C02 loads unchanged (no link anywhere in the sample folders) (covered 0)
    ✘ W00c RC4 the client JSON files are regular files, never links (every folder) END-9 C03 loads unchanged (no link anywhere in the sample folders) (covered 0)
    ✘ W00c RC4 the client JSON files are regular files, never links (every folder) END-9 C04 loads unchanged (no link anywhere in the sample folders) (covered 0)
    ✘ W00c RC4 the client JSON files are regular files, never links (every folder) END-9 C05 loads unchanged (no link anywhere in the sample folders) (covered 0)
    ✘ W00c RC4 the client JSON files are regular files, never links (every folder) END-9 C06 loads unchanged (no link anywhere in the sample folders) (covered 0)
    ✘ W00c RC4 the client JSON files are regular files, never links (every folder) END-9 C07 loads unchanged (no link anywhere in the sample folders) (covered 0)
    ✘ W00c RC4 the client JSON files are regular files, never links (every folder) END-9 C08 loads unchanged (no link anywhere in the sample folders) (covered 0)
    ✘ W00c RC4 the client JSON files are regular files, never links (every folder) END-9 C09 loads unchanged (no link anywhere in the sample folders) (covered 0)
    ✘ W00c RC4 the client JSON files are regular files, never links (every folder) END-9 C10 loads unchanged (no link anywhere in the sample folders) (covered 0)
    ✘ W00c RC4 the client JSON files are regular files, never links (every folder) END-9 C11 loads unchanged (no link anywhere in the sample folders) (covered 0)
    ✘ W00c RC4 the client JSON files are regular files, never links (every folder) END-9 C12 loads unchanged (no link anywhere in the sample folders) (covered 0)
    ✘ W00c RC4 the client JSON files are regular files, never links (every folder) END-9 C13 loads unchanged (no link anywhere in the sample folders) (covered 0)
    ✘ W00c RC4 the client JSON files are regular files, never links (every folder) END-9 C14 loads unchanged (no link anywhere in the sample folders) (covered 0)
    ✘ W00c RC4 the client JSON files are regular files, never links (every folder) END-9 C15 loads unchanged (no link anywhere in the sample folders) (covered 0)
    ✘ W00c RC4 a client folder that is itself a link is refused (spec review 3, gap 2: every folder) ARC-8 C01 with its client folder a link to a renamed copy beside it is not listed by clientFolders, and its load is refused with a 'file' issue naming the folder (covered 0)
    ✘ W00c RC4 a client folder that is itself a link is refused (spec review 3, gap 2: every folder) ARC-8 C02 with its client folder a link to a renamed copy beside it is not listed by clientFolders, and its load is refused with a 'file' issue naming the folder (covered 0)
    ✘ W00c RC4 a client folder that is itself a link is refused (spec review 3, gap 2: every folder) ARC-8 C03 with its client folder a link to a renamed copy beside it is not listed by clientFolders, and its load is refused with a 'file' issue naming the folder (covered 0)
    ✘ W00c RC4 a client folder that is itself a link is refused (spec review 3, gap 2: every folder) ARC-8 C04 with its client folder a link to a renamed copy beside it is not listed by clientFolders, and its load is refused with a 'file' issue naming the folder (covered 0)
    ✘ W00c RC4 a client folder that is itself a link is refused (spec review 3, gap 2: every folder) ARC-8 C05 with its client folder a link to a renamed copy beside it is not listed by clientFolders, and its load is refused with a 'file' issue naming the folder (covered 0)
    ✘ W00c RC4 a client folder that is itself a link is refused (spec review 3, gap 2: every folder) ARC-8 C06 with its client folder a link to a renamed copy beside it is not listed by clientFolders, and its load is refused with a 'file' issue naming the folder (covered 0)
    ✘ W00c RC4 a client folder that is itself a link is refused (spec review 3, gap 2: every folder) ARC-8 C07 with its client folder a link to a renamed copy beside it is not listed by clientFolders, and its load is refused with a 'file' issue naming the folder (covered 0)
    ✘ W00c RC4 a client folder that is itself a link is refused (spec review 3, gap 2: every folder) ARC-8 C08 with its client folder a link to a renamed copy beside it is not listed by clientFolders, and its load is refused with a 'file' issue naming the folder (covered 0)
    ✘ W00c RC4 a client folder that is itself a link is refused (spec review 3, gap 2: every folder) ARC-8 C09 with its client folder a link to a renamed copy beside it is not listed by clientFolders, and its load is refused with a 'file' issue naming the folder (covered 0)
    ✘ W00c RC4 a client folder that is itself a link is refused (spec review 3, gap 2: every folder) ARC-8 C10 with its client folder a link to a renamed copy beside it is not listed by clientFolders, and its load is refused with a 'file' issue naming the folder (covered 0)
    ✘ W00c RC4 a client folder that is itself a link is refused (spec review 3, gap 2: every folder) ARC-8 C11 with its client folder a link to a renamed copy beside it is not listed by clientFolders, and its load is refused with a 'file' issue naming the folder (covered 0)
    ✘ W00c RC4 a client folder that is itself a link is refused (spec review 3, gap 2: every folder) ARC-8 C12 with its client folder a link to a renamed copy beside it is not listed by clientFolders, and its load is refused with a 'file' issue naming the folder (covered 0)
    ✘ W00c RC4 a client folder that is itself a link is refused (spec review 3, gap 2: every folder) ARC-8 C13 with its client folder a link to a renamed copy beside it is not listed by clientFolders, and its load is refused with a 'file' issue naming the folder (covered 0)
    ✘ W00c RC4 a client folder that is itself a link is refused (spec review 3, gap 2: every folder) ARC-8 C14 with its client folder a link to a renamed copy beside it is not listed by clientFolders, and its load is refused with a 'file' issue naming the folder (covered 0)
    ✘ W00c RC4 a client folder that is itself a link is refused (spec review 3, gap 2: every folder) ARC-8 C15 with its client folder a link to a renamed copy beside it is not listed by clientFolders, and its load is refused with a 'file' issue naming the folder (covered 0)
    ✘ W00c RC4 a client folder that is itself a link is refused (spec review 3, gap 2: every folder) END-9 with C01 a linked client folder, every other folder still loads (covered 0)
    ✘ W00c RC4 a client folder that is itself a link is refused (spec review 3, gap 2: every folder) END-9 with C02 a linked client folder, every other folder still loads (covered 0)
    ✘ W00c RC4 a client folder that is itself a link is refused (spec review 3, gap 2: every folder) END-9 with C03 a linked client folder, every other folder still loads (covered 0)
    ✘ W00c RC4 a client folder that is itself a link is refused (spec review 3, gap 2: every folder) END-9 with C04 a linked client folder, every other folder still loads (covered 0)
    ✘ W00c RC4 a client folder that is itself a link is refused (spec review 3, gap 2: every folder) END-9 with C05 a linked client folder, every other folder still loads (covered 0)
    ✘ W00c RC4 a client folder that is itself a link is refused (spec review 3, gap 2: every folder) END-9 with C06 a linked client folder, every other folder still loads (covered 0)
    ✘ W00c RC4 a client folder that is itself a link is refused (spec review 3, gap 2: every folder) END-9 with C07 a linked client folder, every other folder still loads (covered 0)
    ✘ W00c RC4 a client folder that is itself a link is refused (spec review 3, gap 2: every folder) END-9 with C08 a linked client folder, every other folder still loads (covered 0)
    ✘ W00c RC4 a client folder that is itself a link is refused (spec review 3, gap 2: every folder) END-9 with C09 a linked client folder, every other folder still loads (covered 0)
    ✘ W00c RC4 a client folder that is itself a link is refused (spec review 3, gap 2: every folder) END-9 with C10 a linked client folder, every other folder still loads (covered 0)
    ✘ W00c RC4 a client folder that is itself a link is refused (spec review 3, gap 2: every folder) END-9 with C11 a linked client folder, every other folder still loads (covered 0)
    ✘ W00c RC4 a client folder that is itself a link is refused (spec review 3, gap 2: every folder) END-9 with C12 a linked client folder, every other folder still loads (covered 0)
    ✘ W00c RC4 a client folder that is itself a link is refused (spec review 3, gap 2: every folder) END-9 with C13 a linked client folder, every other folder still loads (covered 0)
    ✘ W00c RC4 a client folder that is itself a link is refused (spec review 3, gap 2: every folder) END-9 with C14 a linked client folder, every other folder still loads (covered 0)
    ✘ W00c RC4 a client folder that is itself a link is refused (spec review 3, gap 2: every folder) END-9 with C15 a linked client folder, every other folder still loads (covered 0)
  marker-pins.acceptance.test.ts
    ✘ W00c RC1 the walk and the golden ARC-8 the walk finds marked rows of all three fields, groups with two or more rows, dup rows with a second account, and swap cases for dupOf (covered 0)
    ✘ W00c RC1 the walk and the golden ARC-8 the reviewed golden pins exactly the walk's marked rows, group by group, in answer-key order (id, date, amount in cents, dupOf on dupOf rows only) (covered 0)
    ✘ W00c RC1 the walk and the golden ARC-8 the reviewed golden declares 'empty: accounts' on exactly the clients the walk finds with no accounts (C12 today, on 12-F02) (covered 0)
    ✘ W00c RC1 the walk and the golden ARC-8 the fault catalogue equals the reviewed golden in full: roll causes, pinned marker rows and the empty declaration included (covered 0)
    ✘ W00c RC1 the walk and the golden ARC-13 C10 priorYear CHQ 2024-12: the catalogue lists every marked row by id, date and integer cents, each row once (covered 0)
    ✘ W00c RC1 the walk and the golden ARC-13 C10 dupOf CHQ 2025-03: the catalogue lists every marked row by id, date and integer cents, each row once (covered 0)
    ✘ W00c RC1 the walk and the golden ARC-13 C10 missingFromExport CHQ 2025-05: the catalogue lists every marked row by id, date and integer cents, each row once (covered 0)
    ✘ W00c RC1 a marked row is pinned row by row in the answer key (every listed row of every folder) ARC-13 C10 10-CHQ-2024-12-0001 priorYear: its amount moved up one cent is refused, naming the row (covered 0)
    ✘ W00c RC1 a marked row is pinned row by row in the answer key (every listed row of every folder) ARC-13 C10 10-CHQ-2024-12-0002 priorYear: its amount moved up one cent is refused, naming the row (covered 0)
    ✘ W00c RC1 a marked row is pinned row by row in the answer key (every listed row of every folder) ARC-13 C10 10-CHQ-2024-12-0003 priorYear: its amount moved up one cent is refused, naming the row (covered 0)
    ✘ W00c RC1 a marked row is pinned row by row in the answer key (every listed row of every folder) ARC-13 C10 10-CHQ-2024-12-0004 priorYear: its amount moved up one cent is refused, naming the row (covered 0)
    ✘ W00c RC1 a marked row is pinned row by row in the answer key (every listed row of every folder) ARC-13 C10 10-CHQ-2024-12-0005 priorYear: its amount moved up one cent is refused, naming the row (covered 0)
    ✘ W00c RC1 a marked row is pinned row by row in the answer key (every listed row of every folder) ARC-13 C10 10-CHQ-2024-12-0006 priorYear: its amount moved up one cent is refused, naming the row (covered 0)
    ✘ W00c RC1 a marked row is pinned row by row in the answer key (every listed row of every folder) ARC-13 C10 10-CHQ-2024-12-0007 priorYear: its amount moved up one cent is refused, naming the row (covered 0)
    ✘ W00c RC1 a marked row is pinned row by row in the answer key (every listed row of every folder) ARC-13 C10 10-CHQ-2024-12-0008 priorYear: its amount moved up one cent is refused, naming the row (covered 0)
    ✘ W00c RC1 a marked row is pinned row by row in the answer key (every listed row of every folder) ARC-13 C10 10-CHQ-2025-03-0009 dupOf: its amount moved up one cent is refused, naming the row (covered 0)
    ✘ W00c RC1 a marked row is pinned row by row in the answer key (every listed row of every folder) ARC-13 C10 10-CHQ-2025-03-0011 dupOf: its amount moved up one cent is refused, naming the row (covered 0)
    ✘ W00c RC1 a marked row is pinned row by row in the answer key (every listed row of every folder) ARC-13 C10 10-CHQ-2025-03-0049 dupOf: its amount moved up one cent is refused, naming the row (covered 0)
    ✘ W00c RC1 a marked row is pinned row by row in the answer key (every listed row of every folder) ARC-13 C10 10-CHQ-2025-03-0053 dupOf: its amount moved up one cent is refused, naming the row (covered 0)
    ✘ W00c RC1 a marked row is pinned row by row in the answer key (every listed row of every folder) ARC-13 C10 10-CHQ-2025-05-0001 missingFromExport: its amount moved up one cent is refused, naming the row (covered 0)
    ✘ W00c RC1 a marked row is pinned row by row in the answer key (every listed row of every folder) ARC-13 C10 10-CHQ-2025-05-0002 missingFromExport: its amount moved up one cent is refused, naming the row (covered 0)
    ✘ W00c RC1 a marked row is pinned row by row in the answer key (every listed row of every folder) ARC-13 C10 10-CHQ-2025-05-0003 missingFromExport: its amount moved up one cent is refused, naming the row (covered 0)
    ✘ W00c RC1 a marked row is pinned row by row in the answer key (every listed row of every folder) ARC-13 C10 10-CHQ-2025-05-0004 missingFromExport: its amount moved up one cent is refused, naming the row (covered 0)
    ✘ W00c RC1 a marked row is pinned row by row in the answer key (every listed row of every folder) ARC-13 C10 10-CHQ-2025-05-0005 missingFromExport: its amount moved up one cent is refused, naming the row (covered 0)
    ✘ W00c RC1 a marked row is pinned row by row in the answer key (every listed row of every folder) ARC-13 C10 10-CHQ-2025-05-0006 missingFromExport: its amount moved up one cent is refused, naming the row (covered 0)
    ✘ W00c RC1 a marked row is pinned row by row in the answer key (every listed row of every folder) ARC-13 C10 10-CHQ-2025-05-0007 missingFromExport: its amount moved up one cent is refused, naming the row (covered 0)
    ✘ W00c RC1 a marked row is pinned row by row in the answer key (every listed row of every folder) ARC-13 C10 10-CHQ-2025-05-0008 missingFromExport: its amount moved up one cent is refused, naming the row (covered 0)
    ✘ W00c RC1 a marked row is pinned row by row in the answer key (every listed row of every folder) ARC-13 C10 10-CHQ-2025-05-0009 missingFromExport: its amount moved up one cent is refused, naming the row (covered 0)
    ✘ W00c RC1 a marked row is pinned row by row in the answer key (every listed row of every folder) ARC-13 C10 10-CHQ-2025-05-0010 missingFromExport: its amount moved up one cent is refused, naming the row (covered 0)
    ✘ W00c RC1 a marked row is pinned row by row in the answer key (every listed row of every folder) ARC-13 C10 10-CHQ-2025-05-0011 missingFromExport: its amount moved up one cent is refused, naming the row (covered 0)
    ✘ W00c RC1 a marked row is pinned row by row in the answer key (every listed row of every folder) ARC-13 C10 10-CHQ-2025-05-0012 missingFromExport: its amount moved up one cent is refused, naming the row (covered 0)
    ✘ W00c RC1 a marked row is pinned row by row in the answer key (every listed row of every folder) ARC-13 C10 10-CHQ-2025-05-0013 missingFromExport: its amount moved up one cent is refused, naming the row (covered 0)
    ✘ W00c RC1 a marked row is pinned row by row in the answer key (every listed row of every folder) ARC-13 C10 10-CHQ-2025-05-0014 missingFromExport: its amount moved up one cent is refused, naming the row (covered 0)
    ✘ W00c RC1 a marked row is pinned row by row in the answer key (every listed row of every folder) ARC-13 C10 10-CHQ-2025-05-0015 missingFromExport: its amount moved up one cent is refused, naming the row (covered 0)
    ✘ W00c RC1 a marked row is pinned row by row in the answer key (every listed row of every folder) ARC-13 C10 10-CHQ-2025-05-0016 missingFromExport: its amount moved up one cent is refused, naming the row (covered 0)
    ✘ W00c RC1 a marked row is pinned row by row in the answer key (every listed row of every folder) ARC-13 C10 10-CHQ-2025-05-0017 missingFromExport: its amount moved up one cent is refused, naming the row (covered 0)
    ✘ W00c RC1 a marked row is pinned row by row in the answer key (every listed row of every folder) ARC-13 C10 10-CHQ-2025-05-0018 missingFromExport: its amount moved up one cent is refused, naming the row (covered 0)
    ✘ W00c RC1 a marked row is pinned row by row in the answer key (every listed row of every folder) ARC-13 C10 10-CHQ-2025-05-0019 missingFromExport: its amount moved up one cent is refused, naming the row (covered 0)
    ✘ W00c RC1 a marked row is pinned row by row in the answer key (every listed row of every folder) ARC-13 C10 10-CHQ-2025-05-0020 missingFromExport: its amount moved up one cent is refused, naming the row (covered 0)
    ✘ W00c RC1 a marked row is pinned row by row in the answer key (every listed row of every folder) ARC-13 C10 10-CHQ-2025-05-0021 missingFromExport: its amount moved up one cent is refused, naming the row (covered 0)
    ✘ W00c RC1 a marked row is pinned row by row in the answer key (every listed row of every folder) ARC-13 C10 10-CHQ-2025-05-0022 missingFromExport: its amount moved up one cent is refused, naming the row (covered 0)
    ✘ W00c RC1 a marked row is pinned row by row in the answer key (every listed row of every folder) ARC-13 C10 10-CHQ-2025-05-0023 missingFromExport: its amount moved up one cent is refused, naming the row (covered 0)
    ✘ W00c RC1 a marked row is pinned row by row in the answer key (every listed row of every folder) ARC-13 C10 10-CHQ-2025-05-0024 missingFromExport: its amount moved up one cent is refused, naming the row (covered 0)
    ✘ W00c RC1 a marked row is pinned row by row in the answer key (every listed row of every folder) ARC-13 C10 10-CHQ-2025-05-0025 missingFromExport: its amount moved up one cent is refused, naming the row (covered 0)
    ✘ W00c RC1 a marked row is pinned row by row in the answer key (every listed row of every folder) ARC-13 C10 10-CHQ-2025-05-0026 missingFromExport: its amount moved up one cent is refused, naming the row (covered 0)
    ✘ W00c RC1 a marked row is pinned row by row in the answer key (every listed row of every folder) ARC-13 C10 10-CHQ-2025-05-0027 missingFromExport: its amount moved up one cent is refused, naming the row (covered 0)
    ✘ W00c RC1 a marked row is pinned row by row in the answer key (every listed row of every folder) ARC-13 C10 10-CHQ-2025-05-0028 missingFromExport: its amount moved up one cent is refused, naming the row (covered 0)
    ✘ W00c RC1 a marked row is pinned row by row in the answer key (every listed row of every folder) ARC-13 C10 10-CHQ-2025-05-0029 missingFromExport: its amount moved up one cent is refused, naming the row (covered 0)
    ✘ W00c RC1 a marked row is pinned row by row in the answer key (every listed row of every folder) ARC-13 C10 10-CHQ-2025-05-0030 missingFromExport: its amount moved up one cent is refused, naming the row (covered 0)
    ✘ W00c RC1 a marked row is pinned row by row in the answer key (every listed row of every folder) ARC-13 C10 10-CHQ-2025-05-0031 missingFromExport: its amount moved up one cent is refused, naming the row (covered 0)
    ✘ W00c RC1 a marked row is pinned row by row in the answer key (every listed row of every folder) ARC-13 C10 10-CHQ-2025-05-0032 missingFromExport: its amount moved up one cent is refused, naming the row (covered 0)
    ✘ W00c RC1 a marked row is pinned row by row in the answer key (every listed row of every folder) ARC-13 C10 10-CHQ-2025-05-0033 missingFromExport: its amount moved up one cent is refused, naming the row (covered 0)
    ✘ W00c RC1 a marked row is pinned row by row in the answer key (every listed row of every folder) ARC-13 C10 10-CHQ-2025-05-0034 missingFromExport: its amount moved up one cent is refused, naming the row (covered 0)
    ✘ W00c RC1 a marked row is pinned row by row in the answer key (every listed row of every folder) ARC-13 C10 10-CHQ-2025-05-0035 missingFromExport: its amount moved up one cent is refused, naming the row (covered 0)
    ✘ W00c RC1 a marked row is pinned row by row in the answer key (every listed row of every folder) ARC-13 C10 10-CHQ-2025-05-0036 missingFromExport: its amount moved up one cent is refused, naming the row (covered 0)
    ✘ W00c RC1 a marked row is pinned row by row in the answer key (every listed row of every folder) ARC-13 C10 10-CHQ-2025-05-0037 missingFromExport: its amount moved up one cent is refused, naming the row (covered 0)
    ✘ W00c RC1 a marked row is pinned row by row in the answer key (every listed row of every folder) ARC-13 C10 10-CHQ-2025-05-0038 missingFromExport: its amount moved up one cent is refused, naming the row (covered 0)
    ✘ W00c RC1 a marked row is pinned row by row in the answer key (every listed row of every folder) ARC-13 C10 10-CHQ-2025-05-0039 missingFromExport: its amount moved up one cent is refused, naming the row (covered 0)
    ✘ W00c RC1 a marked row is pinned row by row in the answer key (every listed row of every folder) ARC-13 C10 10-CHQ-2025-05-0040 missingFromExport: its amount moved up one cent is refused, naming the row (covered 0)
    ✘ W00c RC1 a marked row is pinned row by row in the answer key (every listed row of every folder) ARC-13 C10 10-CHQ-2025-05-0041 missingFromExport: its amount moved up one cent is refused, naming the row (covered 0)
    ✘ W00c RC1 a marked row is pinned row by row in the answer key (every listed row of every folder) ARC-13 C10 10-CHQ-2025-05-0042 missingFromExport: its amount moved up one cent is refused, naming the row (covered 0)
    ✘ W00c RC1 a marked row is pinned row by row in the answer key (every listed row of every folder) ARC-13 C10 10-CHQ-2025-05-0043 missingFromExport: its amount moved up one cent is refused, naming the row (covered 0)
    ✘ W00c RC1 a marked row is pinned row by row in the answer key (every listed row of every folder) ARC-13 C10 10-CHQ-2025-05-0044 missingFromExport: its amount moved up one cent is refused, naming the row (covered 0)
    ✘ W00c RC1 a marked row is pinned row by row in the answer key (every listed row of every folder) ARC-13 C10 10-CHQ-2025-05-0045 missingFromExport: its amount moved up one cent is refused, naming the row (covered 0)
    ✘ W00c RC1 a marked row is pinned row by row in the answer key (every listed row of every folder) ARC-13 C10 10-CHQ-2025-05-0046 missingFromExport: its amount moved up one cent is refused, naming the row (covered 0)
    ✘ W00c RC1 a marked row is pinned row by row in the answer key (every listed row of every folder) ARC-13 C10 10-CHQ-2025-05-0047 missingFromExport: its amount moved up one cent is refused, naming the row (covered 0)
    ✘ W00c RC1 a marked row is pinned row by row in the answer key (every listed row of every folder) ARC-13 C10 10-CHQ-2025-05-0048 missingFromExport: its amount moved up one cent is refused, naming the row (covered 0)
    ✘ W00c RC1 a marked row is pinned row by row in the answer key (every listed row of every folder) ARC-13 C10 10-CHQ-2025-05-0049 missingFromExport: its amount moved up one cent is refused, naming the row (covered 0)
    ✘ W00c RC1 a marked row is pinned row by row in the answer key (every listed row of every folder) ARC-13 C10 10-CHQ-2025-05-0050 missingFromExport: its amount moved up one cent is refused, naming the row (covered 0)
    ✘ W00c RC1 a marked row is pinned row by row in the answer key (every listed row of every folder) ARC-13 C10 10-CHQ-2025-05-0051 missingFromExport: its amount moved up one cent is refused, naming the row (covered 0)
    ✘ W00c RC1 a marked row is pinned row by row in the answer key (every listed row of every folder) ARC-13 C10 10-CHQ-2025-05-0052 missingFromExport: its amount moved up one cent is refused, naming the row (covered 0)
    ✘ W00c RC1 a marked row is pinned row by row in the answer key (every listed row of every folder) ARC-13 C10 10-CHQ-2025-05-0053 missingFromExport: its amount moved up one cent is refused, naming the row (covered 0)
    ✘ W00c RC1 a marked row is pinned row by row in the answer key (every listed row of every folder) ARC-13 C10 10-CHQ-2025-05-0054 missingFromExport: its amount moved up one cent is refused, naming the row (covered 0)
    ✘ W00c RC1 a marked row is pinned row by row in the answer key (every listed row of every folder) ARC-13 C10 10-CHQ-2025-05-0055 missingFromExport: its amount moved up one cent is refused, naming the row (covered 0)
    ✘ W00c RC1 a marked row is pinned row by row in the answer key (every listed row of every folder) ARC-13 C10 10-CHQ-2025-05-0056 missingFromExport: its amount moved up one cent is refused, naming the row (covered 0)
    ✘ W00c RC1 a marked row is pinned row by row in the answer key (every listed row of every folder) ARC-13 C10 10-CHQ-2024-12-0001 priorYear: its amount moved down one cent is refused, naming the row (covered 0)
    ✘ W00c RC1 a marked row is pinned row by row in the answer key (every listed row of every folder) ARC-13 C10 10-CHQ-2024-12-0002 priorYear: its amount moved down one cent is refused, naming the row (covered 0)
    ✘ W00c RC1 a marked row is pinned row by row in the answer key (every listed row of every folder) ARC-13 C10 10-CHQ-2024-12-0003 priorYear: its amount moved down one cent is refused, naming the row (covered 0)
    ✘ W00c RC1 a marked row is pinned row by row in the answer key (every listed row of every folder) ARC-13 C10 10-CHQ-2024-12-0004 priorYear: its amount moved down one cent is refused, naming the row (covered 0)
    ✘ W00c RC1 a marked row is pinned row by row in the answer key (every listed row of every folder) ARC-13 C10 10-CHQ-2024-12-0005 priorYear: its amount moved down one cent is refused, naming the row (covered 0)
    ✘ W00c RC1 a marked row is pinned row by row in the answer key (every listed row of every folder) ARC-13 C10 10-CHQ-2024-12-0006 priorYear: its amount moved down one cent is refused, naming the row (covered 0)
    ✘ W00c RC1 a marked row is pinned row by row in the answer key (every listed row of every folder) ARC-13 C10 10-CHQ-2024-12-0007 priorYear: its amount moved down one cent is refused, naming the row (covered 0)
    ✘ W00c RC1 a marked row is pinned row by row in the answer key (every listed row of every folder) ARC-13 C10 10-CHQ-2024-12-0008 priorYear: its amount moved down one cent is refused, naming the row (covered 0)
    ✘ W00c RC1 a marked row is pinned row by row in the answer key (every listed row of every folder) ARC-13 C10 10-CHQ-2025-03-0009 dupOf: its amount moved down one cent is refused, naming the row (covered 0)
    ✘ W00c RC1 a marked row is pinned row by row in the answer key (every listed row of every folder) ARC-13 C10 10-CHQ-2025-03-0011 dupOf: its amount moved down one cent is refused, naming the row (covered 0)
    ✘ W00c RC1 a marked row is pinned row by row in the answer key (every listed row of every folder) ARC-13 C10 10-CHQ-2025-03-0049 dupOf: its amount moved down one cent is refused, naming the row (covered 0)
    ✘ W00c RC1 a marked row is pinned row by row in the answer key (every listed row of every folder) ARC-13 C10 10-CHQ-2025-03-0053 dupOf: its amount moved down one cent is refused, naming the row (covered 0)
    ✘ W00c RC1 a marked row is pinned row by row in the answer key (every listed row of every folder) ARC-13 C10 10-CHQ-2025-05-0001 missingFromExport: its amount moved down one cent is refused, naming the row (covered 0)
    ✘ W00c RC1 a marked row is pinned row by row in the answer key (every listed row of every folder) ARC-13 C10 10-CHQ-2025-05-0002 missingFromExport: its amount moved down one cent is refused, naming the row (covered 0)
    ✘ W00c RC1 a marked row is pinned row by row in the answer key (every listed row of every folder) ARC-13 C10 10-CHQ-2025-05-0003 missingFromExport: its amount moved down one cent is refused, naming the row (covered 0)
    ✘ W00c RC1 a marked row is pinned row by row in the answer key (every listed row of every folder) ARC-13 C10 10-CHQ-2025-05-0004 missingFromExport: its amount moved down one cent is refused, naming the row (covered 0)
    ✘ W00c RC1 a marked row is pinned row by row in the answer key (every listed row of every folder) ARC-13 C10 10-CHQ-2025-05-0005 missingFromExport: its amount moved down one cent is refused, naming the row (covered 0)
    ✘ W00c RC1 a marked row is pinned row by row in the answer key (every listed row of every folder) ARC-13 C10 10-CHQ-2025-05-0006 missingFromExport: its amount moved down one cent is refused, naming the row (covered 0)
    ✘ W00c RC1 a marked row is pinned row by row in the answer key (every listed row of every folder) ARC-13 C10 10-CHQ-2025-05-0007 missingFromExport: its amount moved down one cent is refused, naming the row (covered 0)
    ✘ W00c RC1 a marked row is pinned row by row in the answer key (every listed row of every folder) ARC-13 C10 10-CHQ-2025-05-0008 missingFromExport: its amount moved down one cent is refused, naming the row (covered 0)
    ✘ W00c RC1 a marked row is pinned row by row in the answer key (every listed row of every folder) ARC-13 C10 10-CHQ-2025-05-0009 missingFromExport: its amount moved down one cent is refused, naming the row (covered 0)
    ✘ W00c RC1 a marked row is pinned row by row in the answer key (every listed row of every folder) ARC-13 C10 10-CHQ-2025-05-0010 missingFromExport: its amount moved down one cent is refused, naming the row (covered 0)
    ✘ W00c RC1 a marked row is pinned row by row in the answer key (every listed row of every folder) ARC-13 C10 10-CHQ-2025-05-0011 missingFromExport: its amount moved down one cent is refused, naming the row (covered 0)
    ✘ W00c RC1 a marked row is pinned row by row in the answer key (every listed row of every folder) ARC-13 C10 10-CHQ-2025-05-0012 missingFromExport: its amount moved down one cent is refused, naming the row (covered 0)
    ✘ W00c RC1 a marked row is pinned row by row in the answer key (every listed row of every folder) ARC-13 C10 10-CHQ-2025-05-0013 missingFromExport: its amount moved down one cent is refused, naming the row (covered 0)
    ✘ W00c RC1 a marked row is pinned row by row in the answer key (every listed row of every folder) ARC-13 C10 10-CHQ-2025-05-0014 missingFromExport: its amount moved down one cent is refused, naming the row (covered 0)
    ✘ W00c RC1 a marked row is pinned row by row in the answer key (every listed row of every folder) ARC-13 C10 10-CHQ-2025-05-0015 missingFromExport: its amount moved down one cent is refused, naming the row (covered 0)
    ✘ W00c RC1 a marked row is pinned row by row in the answer key (every listed row of every folder) ARC-13 C10 10-CHQ-2025-05-0016 missingFromExport: its amount moved down one cent is refused, naming the row (covered 0)
    ✘ W00c RC1 a marked row is pinned row by row in the answer key (every listed row of every folder) ARC-13 C10 10-CHQ-2025-05-0017 missingFromExport: its amount moved down one cent is refused, naming the row (covered 0)
    ✘ W00c RC1 a marked row is pinned row by row in the answer key (every listed row of every folder) ARC-13 C10 10-CHQ-2025-05-0018 missingFromExport: its amount moved down one cent is refused, naming the row (covered 0)
    ✘ W00c RC1 a marked row is pinned row by row in the answer key (every listed row of every folder) ARC-13 C10 10-CHQ-2025-05-0019 missingFromExport: its amount moved down one cent is refused, naming the row (covered 0)
    ✘ W00c RC1 a marked row is pinned row by row in the answer key (every listed row of every folder) ARC-13 C10 10-CHQ-2025-05-0020 missingFromExport: its amount moved down one cent is refused, naming the row (covered 0)
    ✘ W00c RC1 a marked row is pinned row by row in the answer key (every listed row of every folder) ARC-13 C10 10-CHQ-2025-05-0021 missingFromExport: its amount moved down one cent is refused, naming the row (covered 0)
    ✘ W00c RC1 a marked row is pinned row by row in the answer key (every listed row of every folder) ARC-13 C10 10-CHQ-2025-05-0022 missingFromExport: its amount moved down one cent is refused, naming the row (covered 0)
    ✘ W00c RC1 a marked row is pinned row by row in the answer key (every listed row of every folder) ARC-13 C10 10-CHQ-2025-05-0023 missingFromExport: its amount moved down one cent is refused, naming the row (covered 0)
    ✘ W00c RC1 a marked row is pinned row by row in the answer key (every listed row of every folder) ARC-13 C10 10-CHQ-2025-05-0024 missingFromExport: its amount moved down one cent is refused, naming the row (covered 0)
    ✘ W00c RC1 a marked row is pinned row by row in the answer key (every listed row of every folder) ARC-13 C10 10-CHQ-2025-05-0025 missingFromExport: its amount moved down one cent is refused, naming the row (covered 0)
    ✘ W00c RC1 a marked row is pinned row by row in the answer key (every listed row of every folder) ARC-13 C10 10-CHQ-2025-05-0026 missingFromExport: its amount moved down one cent is refused, naming the row (covered 0)
    ✘ W00c RC1 a marked row is pinned row by row in the answer key (every listed row of every folder) ARC-13 C10 10-CHQ-2025-05-0027 missingFromExport: its amount moved down one cent is refused, naming the row (covered 0)
    ✘ W00c RC1 a marked row is pinned row by row in the answer key (every listed row of every folder) ARC-13 C10 10-CHQ-2025-05-0028 missingFromExport: its amount moved down one cent is refused, naming the row (covered 0)
    ✘ W00c RC1 a marked row is pinned row by row in the answer key (every listed row of every folder) ARC-13 C10 10-CHQ-2025-05-0029 missingFromExport: its amount moved down one cent is refused, naming the row (covered 0)
    ✘ W00c RC1 a marked row is pinned row by row in the answer key (every listed row of every folder) ARC-13 C10 10-CHQ-2025-05-0030 missingFromExport: its amount moved down one cent is refused, naming the row (covered 0)
    ✘ W00c RC1 a marked row is pinned row by row in the answer key (every listed row of every folder) ARC-13 C10 10-CHQ-2025-05-0031 missingFromExport: its amount moved down one cent is refused, naming the row (covered 0)
    ✘ W00c RC1 a marked row is pinned row by row in the answer key (every listed row of every folder) ARC-13 C10 10-CHQ-2025-05-0032 missingFromExport: its amount moved down one cent is refused, naming the row (covered 0)
    ✘ W00c RC1 a marked row is pinned row by row in the answer key (every listed row of every folder) ARC-13 C10 10-CHQ-2025-05-0033 missingFromExport: its amount moved down one cent is refused, naming the row (covered 0)
    ✘ W00c RC1 a marked row is pinned row by row in the answer key (every listed row of every folder) ARC-13 C10 10-CHQ-2025-05-0034 missingFromExport: its amount moved down one cent is refused, naming the row (covered 0)
    ✘ W00c RC1 a marked row is pinned row by row in the answer key (every listed row of every folder) ARC-13 C10 10-CHQ-2025-05-0035 missingFromExport: its amount moved down one cent is refused, naming the row (covered 0)
    ✘ W00c RC1 a marked row is pinned row by row in the answer key (every listed row of every folder) ARC-13 C10 10-CHQ-2025-05-0036 missingFromExport: its amount moved down one cent is refused, naming the row (covered 0)
    ✘ W00c RC1 a marked row is pinned row by row in the answer key (every listed row of every folder) ARC-13 C10 10-CHQ-2025-05-0037 missingFromExport: its amount moved down one cent is refused, naming the row (covered 0)
    ✘ W00c RC1 a marked row is pinned row by row in the answer key (every listed row of every folder) ARC-13 C10 10-CHQ-2025-05-0038 missingFromExport: its amount moved down one cent is refused, naming the row (covered 0)
    ✘ W00c RC1 a marked row is pinned row by row in the answer key (every listed row of every folder) ARC-13 C10 10-CHQ-2025-05-0039 missingFromExport: its amount moved down one cent is refused, naming the row (covered 0)
    ✘ W00c RC1 a marked row is pinned row by row in the answer key (every listed row of every folder) ARC-13 C10 10-CHQ-2025-05-0040 missingFromExport: its amount moved down one cent is refused, naming the row (covered 0)
    ✘ W00c RC1 a marked row is pinned row by row in the answer key (every listed row of every folder) ARC-13 C10 10-CHQ-2025-05-0041 missingFromExport: its amount moved down one cent is refused, naming the row (covered 0)
    ✘ W00c RC1 a marked row is pinned row by row in the answer key (every listed row of every folder) ARC-13 C10 10-CHQ-2025-05-0042 missingFromExport: its amount moved down one cent is refused, naming the row (covered 0)
    ✘ W00c RC1 a marked row is pinned row by row in the answer key (every listed row of every folder) ARC-13 C10 10-CHQ-2025-05-0043 missingFromExport: its amount moved down one cent is refused, naming the row (covered 0)
    ✘ W00c RC1 a marked row is pinned row by row in the answer key (every listed row of every folder) ARC-13 C10 10-CHQ-2025-05-0044 missingFromExport: its amount moved down one cent is refused, naming the row (covered 0)
    ✘ W00c RC1 a marked row is pinned row by row in the answer key (every listed row of every folder) ARC-13 C10 10-CHQ-2025-05-0045 missingFromExport: its amount moved down one cent is refused, naming the row (covered 0)
    ✘ W00c RC1 a marked row is pinned row by row in the answer key (every listed row of every folder) ARC-13 C10 10-CHQ-2025-05-0046 missingFromExport: its amount moved down one cent is refused, naming the row (covered 0)
    ✘ W00c RC1 a marked row is pinned row by row in the answer key (every listed row of every folder) ARC-13 C10 10-CHQ-2025-05-0047 missingFromExport: its amount moved down one cent is refused, naming the row (covered 0)
    ✘ W00c RC1 a marked row is pinned row by row in the answer key (every listed row of every folder) ARC-13 C10 10-CHQ-2025-05-0048 missingFromExport: its amount moved down one cent is refused, naming the row (covered 0)
    ✘ W00c RC1 a marked row is pinned row by row in the answer key (every listed row of every folder) ARC-13 C10 10-CHQ-2025-05-0049 missingFromExport: its amount moved down one cent is refused, naming the row (covered 0)
    ✘ W00c RC1 a marked row is pinned row by row in the answer key (every listed row of every folder) ARC-13 C10 10-CHQ-2025-05-0050 missingFromExport: its amount moved down one cent is refused, naming the row (covered 0)
    ✘ W00c RC1 a marked row is pinned row by row in the answer key (every listed row of every folder) ARC-13 C10 10-CHQ-2025-05-0051 missingFromExport: its amount moved down one cent is refused, naming the row (covered 0)
    ✘ W00c RC1 a marked row is pinned row by row in the answer key (every listed row of every folder) ARC-13 C10 10-CHQ-2025-05-0052 missingFromExport: its amount moved down one cent is refused, naming the row (covered 0)
    ✘ W00c RC1 a marked row is pinned row by row in the answer key (every listed row of every folder) ARC-13 C10 10-CHQ-2025-05-0053 missingFromExport: its amount moved down one cent is refused, naming the row (covered 0)
    ✘ W00c RC1 a marked row is pinned row by row in the answer key (every listed row of every folder) ARC-13 C10 10-CHQ-2025-05-0054 missingFromExport: its amount moved down one cent is refused, naming the row (covered 0)
    ✘ W00c RC1 a marked row is pinned row by row in the answer key (every listed row of every folder) ARC-13 C10 10-CHQ-2025-05-0055 missingFromExport: its amount moved down one cent is refused, naming the row (covered 0)
    ✘ W00c RC1 a marked row is pinned row by row in the answer key (every listed row of every folder) ARC-13 C10 10-CHQ-2025-05-0056 missingFromExport: its amount moved down one cent is refused, naming the row (covered 0)
    ✘ W00c RC1 a marked row is pinned row by row in the answer key (every listed row of every folder) ARC-13 C10 10-CHQ-2024-12-0001 priorYear and 10-CHQ-2024-12-0002: one cent up on the first and one down on the second (count and sum unchanged) is refused, naming both rows (covered 0)
    ✘ W00c RC1 a marked row is pinned row by row in the answer key (every listed row of every folder) ARC-13 C10 10-CHQ-2024-12-0002 priorYear and 10-CHQ-2024-12-0003: one cent up on the first and one down on the second (count and sum unchanged) is refused, naming both rows (covered 0)
    ✘ W00c RC1 a marked row is pinned row by row in the answer key (every listed row of every folder) ARC-13 C10 10-CHQ-2024-12-0003 priorYear and 10-CHQ-2024-12-0004: one cent up on the first and one down on the second (count and sum unchanged) is refused, naming both rows (covered 0)
    ✘ W00c RC1 a marked row is pinned row by row in the answer key (every listed row of every folder) ARC-13 C10 10-CHQ-2024-12-0004 priorYear and 10-CHQ-2024-12-0005: one cent up on the first and one down on the second (count and sum unchanged) is refused, naming both rows (covered 0)
    ✘ W00c RC1 a marked row is pinned row by row in the answer key (every listed row of every folder) ARC-13 C10 10-CHQ-2024-12-0005 priorYear and 10-CHQ-2024-12-0006: one cent up on the first and one down on the second (count and sum unchanged) is refused, naming both rows (covered 0)
    ✘ W00c RC1 a marked row is pinned row by row in the answer key (every listed row of every folder) ARC-13 C10 10-CHQ-2024-12-0006 priorYear and 10-CHQ-2024-12-0007: one cent up on the first and one down on the second (count and sum unchanged) is refused, naming both rows (covered 0)
    ✘ W00c RC1 a marked row is pinned row by row in the answer key (every listed row of every folder) ARC-13 C10 10-CHQ-2024-12-0007 priorYear and 10-CHQ-2024-12-0008: one cent up on the first and one down on the second (count and sum unchanged) is refused, naming both rows (covered 0)
    ✘ W00c RC1 a marked row is pinned row by row in the answer key (every listed row of every folder) ARC-13 C10 10-CHQ-2024-12-0008 priorYear and 10-CHQ-2024-12-0001: one cent up on the first and one down on the second (count and sum unchanged) is refused, naming both rows (covered 0)
    ✘ W00c RC1 a marked row is pinned row by row in the answer key (every listed row of every folder) ARC-13 C10 10-CHQ-2025-03-0009 dupOf and 10-CHQ-2025-03-0011: one cent up on the first and one down on the second (count and sum unchanged) is refused, naming both rows (covered 0)
    ✘ W00c RC1 a marked row is pinned row by row in the answer key (every listed row of every folder) ARC-13 C10 10-CHQ-2025-03-0011 dupOf and 10-CHQ-2025-03-0049: one cent up on the first and one down on the second (count and sum unchanged) is refused, naming both rows (covered 0)
    ✘ W00c RC1 a marked row is pinned row by row in the answer key (every listed row of every folder) ARC-13 C10 10-CHQ-2025-03-0049 dupOf and 10-CHQ-2025-03-0053: one cent up on the first and one down on the second (count and sum unchanged) is refused, naming both rows (covered 0)
    ✘ W00c RC1 a marked row is pinned row by row in the answer key (every listed row of every folder) ARC-13 C10 10-CHQ-2025-03-0053 dupOf and 10-CHQ-2025-03-0009: one cent up on the first and one down on the second (count and sum unchanged) is refused, naming both rows (covered 0)
    ✘ W00c RC1 a marked row is pinned row by row in the answer key (every listed row of every folder) ARC-13 C10 10-CHQ-2025-05-0001 missingFromExport and 10-CHQ-2025-05-0002: one cent up on the first and one down on the second (count and sum unchanged) is refused, naming both rows (covered 0)
    ✘ W00c RC1 a marked row is pinned row by row in the answer key (every listed row of every folder) ARC-13 C10 10-CHQ-2025-05-0002 missingFromExport and 10-CHQ-2025-05-0003: one cent up on the first and one down on the second (count and sum unchanged) is refused, naming both rows (covered 0)
    ✘ W00c RC1 a marked row is pinned row by row in the answer key (every listed row of every folder) ARC-13 C10 10-CHQ-2025-05-0003 missingFromExport and 10-CHQ-2025-05-0004: one cent up on the first and one down on the second (count and sum unchanged) is refused, naming both rows (covered 0)
    ✘ W00c RC1 a marked row is pinned row by row in the answer key (every listed row of every folder) ARC-13 C10 10-CHQ-2025-05-0004 missingFromExport and 10-CHQ-2025-05-0005: one cent up on the first and one down on the second (count and sum unchanged) is refused, naming both rows (covered 0)
    ✘ W00c RC1 a marked row is pinned row by row in the answer key (every listed row of every folder) ARC-13 C10 10-CHQ-2025-05-0005 missingFromExport and 10-CHQ-2025-05-0006: one cent up on the first and one down on the second (count and sum unchanged) is refused, naming both rows (covered 0)
    ✘ W00c RC1 a marked row is pinned row by row in the answer key (every listed row of every folder) ARC-13 C10 10-CHQ-2025-05-0006 missingFromExport and 10-CHQ-2025-05-0007: one cent up on the first and one down on the second (count and sum unchanged) is refused, naming both rows (covered 0)
    ✘ W00c RC1 a marked row is pinned row by row in the answer key (every listed row of every folder) ARC-13 C10 10-CHQ-2025-05-0007 missingFromExport and 10-CHQ-2025-05-0008: one cent up on the first and one down on the second (count and sum unchanged) is refused, naming both rows (covered 0)
    ✘ W00c RC1 a marked row is pinned row by row in the answer key (every listed row of every folder) ARC-13 C10 10-CHQ-2025-05-0008 missingFromExport and 10-CHQ-2025-05-0009: one cent up on the first and one down on the second (count and sum unchanged) is refused, naming both rows (covered 0)
    ✘ W00c RC1 a marked row is pinned row by row in the answer key (every listed row of every folder) ARC-13 C10 10-CHQ-2025-05-0009 missingFromExport and 10-CHQ-2025-05-0010: one cent up on the first and one down on the second (count and sum unchanged) is refused, naming both rows (covered 0)
    ✘ W00c RC1 a marked row is pinned row by row in the answer key (every listed row of every folder) ARC-13 C10 10-CHQ-2025-05-0010 missingFromExport and 10-CHQ-2025-05-0011: one cent up on the first and one down on the second (count and sum unchanged) is refused, naming both rows (covered 0)
    ✘ W00c RC1 a marked row is pinned row by row in the answer key (every listed row of every folder) ARC-13 C10 10-CHQ-2025-05-0011 missingFromExport and 10-CHQ-2025-05-0012: one cent up on the first and one down on the second (count and sum unchanged) is refused, naming both rows (covered 0)
    ✘ W00c RC1 a marked row is pinned row by row in the answer key (every listed row of every folder) ARC-13 C10 10-CHQ-2025-05-0012 missingFromExport and 10-CHQ-2025-05-0013: one cent up on the first and one down on the second (count and sum unchanged) is refused, naming both rows (covered 0)
    ✘ W00c RC1 a marked row is pinned row by row in the answer key (every listed row of every folder) ARC-13 C10 10-CHQ-2025-05-0013 missingFromExport and 10-CHQ-2025-05-0014: one cent up on the first and one down on the second (count and sum unchanged) is refused, naming both rows (covered 0)
    ✘ W00c RC1 a marked row is pinned row by row in the answer key (every listed row of every folder) ARC-13 C10 10-CHQ-2025-05-0014 missingFromExport and 10-CHQ-2025-05-0015: one cent up on the first and one down on the second (count and sum unchanged) is refused, naming both rows (covered 0)
    ✘ W00c RC1 a marked row is pinned row by row in the answer key (every listed row of every folder) ARC-13 C10 10-CHQ-2025-05-0015 missingFromExport and 10-CHQ-2025-05-0016: one cent up on the first and one down on the second (count and sum unchanged) is refused, naming both rows (covered 0)
    ✘ W00c RC1 a marked row is pinned row by row in the answer key (every listed row of every folder) ARC-13 C10 10-CHQ-2025-05-0016 missingFromExport and 10-CHQ-2025-05-0017: one cent up on the first and one down on the second (count and sum unchanged) is refused, naming both rows (covered 0)
    ✘ W00c RC1 a marked row is pinned row by row in the answer key (every listed row of every folder) ARC-13 C10 10-CHQ-2025-05-0017 missingFromExport and 10-CHQ-2025-05-0018: one cent up on the first and one down on the second (count and sum unchanged) is refused, naming both rows (covered 0)
    ✘ W00c RC1 a marked row is pinned row by row in the answer key (every listed row of every folder) ARC-13 C10 10-CHQ-2025-05-0018 missingFromExport and 10-CHQ-2025-05-0019: one cent up on the first and one down on the second (count and sum unchanged) is refused, naming both rows (covered 0)
    ✘ W00c RC1 a marked row is pinned row by row in the answer key (every listed row of every folder) ARC-13 C10 10-CHQ-2025-05-0019 missingFromExport and 10-CHQ-2025-05-0020: one cent up on the first and one down on the second (count and sum unchanged) is refused, naming both rows (covered 0)
    ✘ W00c RC1 a marked row is pinned row by row in the answer key (every listed row of every folder) ARC-13 C10 10-CHQ-2025-05-0020 missingFromExport and 10-CHQ-2025-05-0021: one cent up on the first and one down on the second (count and sum unchanged) is refused, naming both rows (covered 0)
    ✘ W00c RC1 a marked row is pinned row by row in the answer key (every listed row of every folder) ARC-13 C10 10-CHQ-2025-05-0021 missingFromExport and 10-CHQ-2025-05-0022: one cent up on the first and one down on the second (count and sum unchanged) is refused, naming both rows (covered 0)
    ✘ W00c RC1 a marked row is pinned row by row in the answer key (every listed row of every folder) ARC-13 C10 10-CHQ-2025-05-0022 missingFromExport and 10-CHQ-2025-05-0023: one cent up on the first and one down on the second (count and sum unchanged) is refused, naming both rows (covered 0)
    ✘ W00c RC1 a marked row is pinned row by row in the answer key (every listed row of every folder) ARC-13 C10 10-CHQ-2025-05-0023 missingFromExport and 10-CHQ-2025-05-0024: one cent up on the first and one down on the second (count and sum unchanged) is refused, naming both rows (covered 0)
    ✘ W00c RC1 a marked row is pinned row by row in the answer key (every listed row of every folder) ARC-13 C10 10-CHQ-2025-05-0024 missingFromExport and 10-CHQ-2025-05-0025: one cent up on the first and one down on the second (count and sum unchanged) is refused, naming both rows (covered 0)
    ✘ W00c RC1 a marked row is pinned row by row in the answer key (every listed row of every folder) ARC-13 C10 10-CHQ-2025-05-0025 missingFromExport and 10-CHQ-2025-05-0026: one cent up on the first and one down on the second (count and sum unchanged) is refused, naming both rows (covered 0)
    ✘ W00c RC1 a marked row is pinned row by row in the answer key (every listed row of every folder) ARC-13 C10 10-CHQ-2025-05-0026 missingFromExport and 10-CHQ-2025-05-0027: one cent up on the first and one down on the second (count and sum unchanged) is refused, naming both rows (covered 0)
    ✘ W00c RC1 a marked row is pinned row by row in the answer key (every listed row of every folder) ARC-13 C10 10-CHQ-2025-05-0027 missingFromExport and 10-CHQ-2025-05-0028: one cent up on the first and one down on the second (count and sum unchanged) is refused, naming both rows (covered 0)
    ✘ W00c RC1 a marked row is pinned row by row in the answer key (every listed row of every folder) ARC-13 C10 10-CHQ-2025-05-0028 missingFromExport and 10-CHQ-2025-05-0029: one cent up on the first and one down on the second (count and sum unchanged) is refused, naming both rows (covered 0)
    ✘ W00c RC1 a marked row is pinned row by row in the answer key (every listed row of every folder) ARC-13 C10 10-CHQ-2025-05-0029 missingFromExport and 10-CHQ-2025-05-0030: one cent up on the first and one down on the second (count and sum unchanged) is refused, naming both rows (covered 0)
    ✘ W00c RC1 a marked row is pinned row by row in the answer key (every listed row of every folder) ARC-13 C10 10-CHQ-2025-05-0030 missingFromExport and 10-CHQ-2025-05-0031: one cent up on the first and one down on the second (count and sum unchanged) is refused, naming both rows (covered 0)
    ✘ W00c RC1 a marked row is pinned row by row in the answer key (every listed row of every folder) ARC-13 C10 10-CHQ-2025-05-0031 missingFromExport and 10-CHQ-2025-05-0032: one cent up on the first and one down on the second (count and sum unchanged) is refused, naming both rows (covered 0)
    ✘ W00c RC1 a marked row is pinned row by row in the answer key (every listed row of every folder) ARC-13 C10 10-CHQ-2025-05-0032 missingFromExport and 10-CHQ-2025-05-0033: one cent up on the first and one down on the second (count and sum unchanged) is refused, naming both rows (covered 0)
    ✘ W00c RC1 a marked row is pinned row by row in the answer key (every listed row of every folder) ARC-13 C10 10-CHQ-2025-05-0033 missingFromExport and 10-CHQ-2025-05-0034: one cent up on the first and one down on the second (count and sum unchanged) is refused, naming both rows (covered 0)
    ✘ W00c RC1 a marked row is pinned row by row in the answer key (every listed row of every folder) ARC-13 C10 10-CHQ-2025-05-0034 missingFromExport and 10-CHQ-2025-05-0035: one cent up on the first and one down on the second (count and sum unchanged) is refused, naming both rows (covered 0)
    ✘ W00c RC1 a marked row is pinned row by row in the answer key (every listed row of every folder) ARC-13 C10 10-CHQ-2025-05-0035 missingFromExport and 10-CHQ-2025-05-0036: one cent up on the first and one down on the second (count and sum unchanged) is refused, naming both rows (covered 0)
    ✘ W00c RC1 a marked row is pinned row by row in the answer key (every listed row of every folder) ARC-13 C10 10-CHQ-2025-05-0036 missingFromExport and 10-CHQ-2025-05-0037: one cent up on the first and one down on the second (count and sum unchanged) is refused, naming both rows (covered 0)
    ✘ W00c RC1 a marked row is pinned row by row in the answer key (every listed row of every folder) ARC-13 C10 10-CHQ-2025-05-0037 missingFromExport and 10-CHQ-2025-05-0038: one cent up on the first and one down on the second (count and sum unchanged) is refused, naming both rows (covered 0)
    ✘ W00c RC1 a marked row is pinned row by row in the answer key (every listed row of every folder) ARC-13 C10 10-CHQ-2025-05-0038 missingFromExport and 10-CHQ-2025-05-0039: one cent up on the first and one down on the second (count and sum unchanged) is refused, naming both rows (covered 0)
    ✘ W00c RC1 a marked row is pinned row by row in the answer key (every listed row of every folder) ARC-13 C10 10-CHQ-2025-05-0039 missingFromExport and 10-CHQ-2025-05-0040: one cent up on the first and one down on the second (count and sum unchanged) is refused, naming both rows (covered 0)
    ✘ W00c RC1 a marked row is pinned row by row in the answer key (every listed row of every folder) ARC-13 C10 10-CHQ-2025-05-0040 missingFromExport and 10-CHQ-2025-05-0041: one cent up on the first and one down on the second (count and sum unchanged) is refused, naming both rows (covered 0)
    ✘ W00c RC1 a marked row is pinned row by row in the answer key (every listed row of every folder) ARC-13 C10 10-CHQ-2025-05-0041 missingFromExport and 10-CHQ-2025-05-0042: one cent up on the first and one down on the second (count and sum unchanged) is refused, naming both rows (covered 0)
    ✘ W00c RC1 a marked row is pinned row by row in the answer key (every listed row of every folder) ARC-13 C10 10-CHQ-2025-05-0042 missingFromExport and 10-CHQ-2025-05-0043: one cent up on the first and one down on the second (count and sum unchanged) is refused, naming both rows (covered 0)
    ✘ W00c RC1 a marked row is pinned row by row in the answer key (every listed row of every folder) ARC-13 C10 10-CHQ-2025-05-0043 missingFromExport and 10-CHQ-2025-05-0044: one cent up on the first and one down on the second (count and sum unchanged) is refused, naming both rows (covered 0)
    ✘ W00c RC1 a marked row is pinned row by row in the answer key (every listed row of every folder) ARC-13 C10 10-CHQ-2025-05-0044 missingFromExport and 10-CHQ-2025-05-0045: one cent up on the first and one down on the second (count and sum unchanged) is refused, naming both rows (covered 0)
    ✘ W00c RC1 a marked row is pinned row by row in the answer key (every listed row of every folder) ARC-13 C10 10-CHQ-2025-05-0045 missingFromExport and 10-CHQ-2025-05-0046: one cent up on the first and one down on the second (count and sum unchanged) is refused, naming both rows (covered 0)
    ✘ W00c RC1 a marked row is pinned row by row in the answer key (every listed row of every folder) ARC-13 C10 10-CHQ-2025-05-0046 missingFromExport and 10-CHQ-2025-05-0047: one cent up on the first and one down on the second (count and sum unchanged) is refused, naming both rows (covered 0)
    ✘ W00c RC1 a marked row is pinned row by row in the answer key (every listed row of every folder) ARC-13 C10 10-CHQ-2025-05-0047 missingFromExport and 10-CHQ-2025-05-0048: one cent up on the first and one down on the second (count and sum unchanged) is refused, naming both rows (covered 0)
    ✘ W00c RC1 a marked row is pinned row by row in the answer key (every listed row of every folder) ARC-13 C10 10-CHQ-2025-05-0048 missingFromExport and 10-CHQ-2025-05-0049: one cent up on the first and one down on the second (count and sum unchanged) is refused, naming both rows (covered 0)
    ✘ W00c RC1 a marked row is pinned row by row in the answer key (every listed row of every folder) ARC-13 C10 10-CHQ-2025-05-0049 missingFromExport and 10-CHQ-2025-05-0050: one cent up on the first and one down on the second (count and sum unchanged) is refused, naming both rows (covered 0)
    ✘ W00c RC1 a marked row is pinned row by row in the answer key (every listed row of every folder) ARC-13 C10 10-CHQ-2025-05-0050 missingFromExport and 10-CHQ-2025-05-0051: one cent up on the first and one down on the second (count and sum unchanged) is refused, naming both rows (covered 0)
    ✘ W00c RC1 a marked row is pinned row by row in the answer key (every listed row of every folder) ARC-13 C10 10-CHQ-2025-05-0051 missingFromExport and 10-CHQ-2025-05-0052: one cent up on the first and one down on the second (count and sum unchanged) is refused, naming both rows (covered 0)
    ✘ W00c RC1 a marked row is pinned row by row in the answer key (every listed row of every folder) ARC-13 C10 10-CHQ-2025-05-0052 missingFromExport and 10-CHQ-2025-05-0053: one cent up on the first and one down on the second (count and sum unchanged) is refused, naming both rows (covered 0)
    ✘ W00c RC1 a marked row is pinned row by row in the answer key (every listed row of every folder) ARC-13 C10 10-CHQ-2025-05-0053 missingFromExport and 10-CHQ-2025-05-0054: one cent up on the first and one down on the second (count and sum unchanged) is refused, naming both rows (covered 0)
    ✘ W00c RC1 a marked row is pinned row by row in the answer key (every listed row of every folder) ARC-13 C10 10-CHQ-2025-05-0054 missingFromExport and 10-CHQ-2025-05-0055: one cent up on the first and one down on the second (count and sum unchanged) is refused, naming both rows (covered 0)
    ✘ W00c RC1 a marked row is pinned row by row in the answer key (every listed row of every folder) ARC-13 C10 10-CHQ-2025-05-0055 missingFromExport and 10-CHQ-2025-05-0056: one cent up on the first and one down on the second (count and sum unchanged) is refused, naming both rows (covered 0)
    ✘ W00c RC1 a marked row is pinned row by row in the answer key (every listed row of every folder) ARC-13 C10 10-CHQ-2025-05-0056 missingFromExport and 10-CHQ-2025-05-0001: one cent up on the first and one down on the second (count and sum unchanged) is refused, naming both rows (covered 0)
    ✘ W00c RC1 a marked row is pinned row by row in the answer key (every listed row of every folder) ARC-8 C10 10-CHQ-2024-12-0001 priorYear: moved to another day of the same month (a dupOf row with its original) is refused, naming the row (covered 0)
    ✘ W00c RC1 a marked row is pinned row by row in the answer key (every listed row of every folder) ARC-8 C10 10-CHQ-2024-12-0002 priorYear: moved to another day of the same month (a dupOf row with its original) is refused, naming the row (covered 0)
    ✘ W00c RC1 a marked row is pinned row by row in the answer key (every listed row of every folder) ARC-8 C10 10-CHQ-2024-12-0003 priorYear: moved to another day of the same month (a dupOf row with its original) is refused, naming the row (covered 0)
    ✘ W00c RC1 a marked row is pinned row by row in the answer key (every listed row of every folder) ARC-8 C10 10-CHQ-2024-12-0004 priorYear: moved to another day of the same month (a dupOf row with its original) is refused, naming the row (covered 0)
    ✘ W00c RC1 a marked row is pinned row by row in the answer key (every listed row of every folder) ARC-8 C10 10-CHQ-2024-12-0005 priorYear: moved to another day of the same month (a dupOf row with its original) is refused, naming the row (covered 0)
    ✘ W00c RC1 a marked row is pinned row by row in the answer key (every listed row of every folder) ARC-8 C10 10-CHQ-2024-12-0006 priorYear: moved to another day of the same month (a dupOf row with its original) is refused, naming the row (covered 0)
    ✘ W00c RC1 a marked row is pinned row by row in the answer key (every listed row of every folder) ARC-8 C10 10-CHQ-2024-12-0007 priorYear: moved to another day of the same month (a dupOf row with its original) is refused, naming the row (covered 0)
    ✘ W00c RC1 a marked row is pinned row by row in the answer key (every listed row of every folder) ARC-8 C10 10-CHQ-2024-12-0008 priorYear: moved to another day of the same month (a dupOf row with its original) is refused, naming the row (covered 0)
    ✘ W00c RC1 a marked row is pinned row by row in the answer key (every listed row of every folder) ARC-8 C10 10-CHQ-2025-03-0009 dupOf: moved to another day of the same month (a dupOf row with its original) is refused, naming the row (covered 0)
    ✘ W00c RC1 a marked row is pinned row by row in the answer key (every listed row of every folder) ARC-8 C10 10-CHQ-2025-03-0011 dupOf: moved to another day of the same month (a dupOf row with its original) is refused, naming the row (covered 0)
    ✘ W00c RC1 a marked row is pinned row by row in the answer key (every listed row of every folder) ARC-8 C10 10-CHQ-2025-03-0049 dupOf: moved to another day of the same month (a dupOf row with its original) is refused, naming the row (covered 0)
    ✘ W00c RC1 a marked row is pinned row by row in the answer key (every listed row of every folder) ARC-8 C10 10-CHQ-2025-03-0053 dupOf: moved to another day of the same month (a dupOf row with its original) is refused, naming the row (covered 0)
    ✘ W00c RC1 a marked row is pinned row by row in the answer key (every listed row of every folder) ARC-8 C10 10-CHQ-2025-05-0001 missingFromExport: moved to another day of the same month (a dupOf row with its original) is refused, naming the row (covered 0)
    ✘ W00c RC1 a marked row is pinned row by row in the answer key (every listed row of every folder) ARC-8 C10 10-CHQ-2025-05-0002 missingFromExport: moved to another day of the same month (a dupOf row with its original) is refused, naming the row (covered 0)
    ✘ W00c RC1 a marked row is pinned row by row in the answer key (every listed row of every folder) ARC-8 C10 10-CHQ-2025-05-0003 missingFromExport: moved to another day of the same month (a dupOf row with its original) is refused, naming the row (covered 0)
    ✘ W00c RC1 a marked row is pinned row by row in the answer key (every listed row of every folder) ARC-8 C10 10-CHQ-2025-05-0004 missingFromExport: moved to another day of the same month (a dupOf row with its original) is refused, naming the row (covered 0)
    ✘ W00c RC1 a marked row is pinned row by row in the answer key (every listed row of every folder) ARC-8 C10 10-CHQ-2025-05-0005 missingFromExport: moved to another day of the same month (a dupOf row with its original) is refused, naming the row (covered 0)
    ✘ W00c RC1 a marked row is pinned row by row in the answer key (every listed row of every folder) ARC-8 C10 10-CHQ-2025-05-0006 missingFromExport: moved to another day of the same month (a dupOf row with its original) is refused, naming the row (covered 0)
    ✘ W00c RC1 a marked row is pinned row by row in the answer key (every listed row of every folder) ARC-8 C10 10-CHQ-2025-05-0007 missingFromExport: moved to another day of the same month (a dupOf row with its original) is refused, naming the row (covered 0)
    ✘ W00c RC1 a marked row is pinned row by row in the answer key (every listed row of every folder) ARC-8 C10 10-CHQ-2025-05-0008 missingFromExport: moved to another day of the same month (a dupOf row with its original) is refused, naming the row (covered 0)
    ✘ W00c RC1 a marked row is pinned row by row in the answer key (every listed row of every folder) ARC-8 C10 10-CHQ-2025-05-0009 missingFromExport: moved to another day of the same month (a dupOf row with its original) is refused, naming the row (covered 0)
    ✘ W00c RC1 a marked row is pinned row by row in the answer key (every listed row of every folder) ARC-8 C10 10-CHQ-2025-05-0010 missingFromExport: moved to another day of the same month (a dupOf row with its original) is refused, naming the row (covered 0)
    ✘ W00c RC1 a marked row is pinned row by row in the answer key (every listed row of every folder) ARC-8 C10 10-CHQ-2025-05-0011 missingFromExport: moved to another day of the same month (a dupOf row with its original) is refused, naming the row (covered 0)
    ✘ W00c RC1 a marked row is pinned row by row in the answer key (every listed row of every folder) ARC-8 C10 10-CHQ-2025-05-0012 missingFromExport: moved to another day of the same month (a dupOf row with its original) is refused, naming the row (covered 0)
    ✘ W00c RC1 a marked row is pinned row by row in the answer key (every listed row of every folder) ARC-8 C10 10-CHQ-2025-05-0013 missingFromExport: moved to another day of the same month (a dupOf row with its original) is refused, naming the row (covered 0)
    ✘ W00c RC1 a marked row is pinned row by row in the answer key (every listed row of every folder) ARC-8 C10 10-CHQ-2025-05-0014 missingFromExport: moved to another day of the same month (a dupOf row with its original) is refused, naming the row (covered 0)
    ✘ W00c RC1 a marked row is pinned row by row in the answer key (every listed row of every folder) ARC-8 C10 10-CHQ-2025-05-0015 missingFromExport: moved to another day of the same month (a dupOf row with its original) is refused, naming the row (covered 0)
    ✘ W00c RC1 a marked row is pinned row by row in the answer key (every listed row of every folder) ARC-8 C10 10-CHQ-2025-05-0016 missingFromExport: moved to another day of the same month (a dupOf row with its original) is refused, naming the row (covered 0)
    ✘ W00c RC1 a marked row is pinned row by row in the answer key (every listed row of every folder) ARC-8 C10 10-CHQ-2025-05-0017 missingFromExport: moved to another day of the same month (a dupOf row with its original) is refused, naming the row (covered 0)
    ✘ W00c RC1 a marked row is pinned row by row in the answer key (every listed row of every folder) ARC-8 C10 10-CHQ-2025-05-0018 missingFromExport: moved to another day of the same month (a dupOf row with its original) is refused, naming the row (covered 0)
    ✘ W00c RC1 a marked row is pinned row by row in the answer key (every listed row of every folder) ARC-8 C10 10-CHQ-2025-05-0019 missingFromExport: moved to another day of the same month (a dupOf row with its original) is refused, naming the row (covered 0)
    ✘ W00c RC1 a marked row is pinned row by row in the answer key (every listed row of every folder) ARC-8 C10 10-CHQ-2025-05-0020 missingFromExport: moved to another day of the same month (a dupOf row with its original) is refused, naming the row (covered 0)
    ✘ W00c RC1 a marked row is pinned row by row in the answer key (every listed row of every folder) ARC-8 C10 10-CHQ-2025-05-0021 missingFromExport: moved to another day of the same month (a dupOf row with its original) is refused, naming the row (covered 0)
    ✘ W00c RC1 a marked row is pinned row by row in the answer key (every listed row of every folder) ARC-8 C10 10-CHQ-2025-05-0022 missingFromExport: moved to another day of the same month (a dupOf row with its original) is refused, naming the row (covered 0)
    ✘ W00c RC1 a marked row is pinned row by row in the answer key (every listed row of every folder) ARC-8 C10 10-CHQ-2025-05-0023 missingFromExport: moved to another day of the same month (a dupOf row with its original) is refused, naming the row (covered 0)
    ✘ W00c RC1 a marked row is pinned row by row in the answer key (every listed row of every folder) ARC-8 C10 10-CHQ-2025-05-0024 missingFromExport: moved to another day of the same month (a dupOf row with its original) is refused, naming the row (covered 0)
    ✘ W00c RC1 a marked row is pinned row by row in the answer key (every listed row of every folder) ARC-8 C10 10-CHQ-2025-05-0025 missingFromExport: moved to another day of the same month (a dupOf row with its original) is refused, naming the row (covered 0)
    ✘ W00c RC1 a marked row is pinned row by row in the answer key (every listed row of every folder) ARC-8 C10 10-CHQ-2025-05-0026 missingFromExport: moved to another day of the same month (a dupOf row with its original) is refused, naming the row (covered 0)
    ✘ W00c RC1 a marked row is pinned row by row in the answer key (every listed row of every folder) ARC-8 C10 10-CHQ-2025-05-0027 missingFromExport: moved to another day of the same month (a dupOf row with its original) is refused, naming the row (covered 0)
    ✘ W00c RC1 a marked row is pinned row by row in the answer key (every listed row of every folder) ARC-8 C10 10-CHQ-2025-05-0028 missingFromExport: moved to another day of the same month (a dupOf row with its original) is refused, naming the row (covered 0)
    ✘ W00c RC1 a marked row is pinned row by row in the answer key (every listed row of every folder) ARC-8 C10 10-CHQ-2025-05-0029 missingFromExport: moved to another day of the same month (a dupOf row with its original) is refused, naming the row (covered 0)
    ✘ W00c RC1 a marked row is pinned row by row in the answer key (every listed row of every folder) ARC-8 C10 10-CHQ-2025-05-0030 missingFromExport: moved to another day of the same month (a dupOf row with its original) is refused, naming the row (covered 0)
    ✘ W00c RC1 a marked row is pinned row by row in the answer key (every listed row of every folder) ARC-8 C10 10-CHQ-2025-05-0031 missingFromExport: moved to another day of the same month (a dupOf row with its original) is refused, naming the row (covered 0)
    ✘ W00c RC1 a marked row is pinned row by row in the answer key (every listed row of every folder) ARC-8 C10 10-CHQ-2025-05-0032 missingFromExport: moved to another day of the same month (a dupOf row with its original) is refused, naming the row (covered 0)
    ✘ W00c RC1 a marked row is pinned row by row in the answer key (every listed row of every folder) ARC-8 C10 10-CHQ-2025-05-0033 missingFromExport: moved to another day of the same month (a dupOf row with its original) is refused, naming the row (covered 0)
    ✘ W00c RC1 a marked row is pinned row by row in the answer key (every listed row of every folder) ARC-8 C10 10-CHQ-2025-05-0034 missingFromExport: moved to another day of the same month (a dupOf row with its original) is refused, naming the row (covered 0)
    ✘ W00c RC1 a marked row is pinned row by row in the answer key (every listed row of every folder) ARC-8 C10 10-CHQ-2025-05-0035 missingFromExport: moved to another day of the same month (a dupOf row with its original) is refused, naming the row (covered 0)
    ✘ W00c RC1 a marked row is pinned row by row in the answer key (every listed row of every folder) ARC-8 C10 10-CHQ-2025-05-0036 missingFromExport: moved to another day of the same month (a dupOf row with its original) is refused, naming the row (covered 0)
    ✘ W00c RC1 a marked row is pinned row by row in the answer key (every listed row of every folder) ARC-8 C10 10-CHQ-2025-05-0037 missingFromExport: moved to another day of the same month (a dupOf row with its original) is refused, naming the row (covered 0)
    ✘ W00c RC1 a marked row is pinned row by row in the answer key (every listed row of every folder) ARC-8 C10 10-CHQ-2025-05-0038 missingFromExport: moved to another day of the same month (a dupOf row with its original) is refused, naming the row (covered 0)
    ✘ W00c RC1 a marked row is pinned row by row in the answer key (every listed row of every folder) ARC-8 C10 10-CHQ-2025-05-0039 missingFromExport: moved to another day of the same month (a dupOf row with its original) is refused, naming the row (covered 0)
    ✘ W00c RC1 a marked row is pinned row by row in the answer key (every listed row of every folder) ARC-8 C10 10-CHQ-2025-05-0040 missingFromExport: moved to another day of the same month (a dupOf row with its original) is refused, naming the row (covered 0)
    ✘ W00c RC1 a marked row is pinned row by row in the answer key (every listed row of every folder) ARC-8 C10 10-CHQ-2025-05-0041 missingFromExport: moved to another day of the same month (a dupOf row with its original) is refused, naming the row (covered 0)
    ✘ W00c RC1 a marked row is pinned row by row in the answer key (every listed row of every folder) ARC-8 C10 10-CHQ-2025-05-0042 missingFromExport: moved to another day of the same month (a dupOf row with its original) is refused, naming the row (covered 0)
    ✘ W00c RC1 a marked row is pinned row by row in the answer key (every listed row of every folder) ARC-8 C10 10-CHQ-2025-05-0043 missingFromExport: moved to another day of the same month (a dupOf row with its original) is refused, naming the row (covered 0)
    ✘ W00c RC1 a marked row is pinned row by row in the answer key (every listed row of every folder) ARC-8 C10 10-CHQ-2025-05-0044 missingFromExport: moved to another day of the same month (a dupOf row with its original) is refused, naming the row (covered 0)
    ✘ W00c RC1 a marked row is pinned row by row in the answer key (every listed row of every folder) ARC-8 C10 10-CHQ-2025-05-0045 missingFromExport: moved to another day of the same month (a dupOf row with its original) is refused, naming the row (covered 0)
    ✘ W00c RC1 a marked row is pinned row by row in the answer key (every listed row of every folder) ARC-8 C10 10-CHQ-2025-05-0046 missingFromExport: moved to another day of the same month (a dupOf row with its original) is refused, naming the row (covered 0)
    ✘ W00c RC1 a marked row is pinned row by row in the answer key (every listed row of every folder) ARC-8 C10 10-CHQ-2025-05-0047 missingFromExport: moved to another day of the same month (a dupOf row with its original) is refused, naming the row (covered 0)
    ✘ W00c RC1 a marked row is pinned row by row in the answer key (every listed row of every folder) ARC-8 C10 10-CHQ-2025-05-0048 missingFromExport: moved to another day of the same month (a dupOf row with its original) is refused, naming the row (covered 0)
    ✘ W00c RC1 a marked row is pinned row by row in the answer key (every listed row of every folder) ARC-8 C10 10-CHQ-2025-05-0049 missingFromExport: moved to another day of the same month (a dupOf row with its original) is refused, naming the row (covered 0)
    ✘ W00c RC1 a marked row is pinned row by row in the answer key (every listed row of every folder) ARC-8 C10 10-CHQ-2025-05-0050 missingFromExport: moved to another day of the same month (a dupOf row with its original) is refused, naming the row (covered 0)
    ✘ W00c RC1 a marked row is pinned row by row in the answer key (every listed row of every folder) ARC-8 C10 10-CHQ-2025-05-0051 missingFromExport: moved to another day of the same month (a dupOf row with its original) is refused, naming the row (covered 0)
    ✘ W00c RC1 a marked row is pinned row by row in the answer key (every listed row of every folder) ARC-8 C10 10-CHQ-2025-05-0052 missingFromExport: moved to another day of the same month (a dupOf row with its original) is refused, naming the row (covered 0)
    ✘ W00c RC1 a marked row is pinned row by row in the answer key (every listed row of every folder) ARC-8 C10 10-CHQ-2025-05-0053 missingFromExport: moved to another day of the same month (a dupOf row with its original) is refused, naming the row (covered 0)
    ✘ W00c RC1 a marked row is pinned row by row in the answer key (every listed row of every folder) ARC-8 C10 10-CHQ-2025-05-0054 missingFromExport: moved to another day of the same month (a dupOf row with its original) is refused, naming the row (covered 0)
    ✘ W00c RC1 a marked row is pinned row by row in the answer key (every listed row of every folder) ARC-8 C10 10-CHQ-2025-05-0055 missingFromExport: moved to another day of the same month (a dupOf row with its original) is refused, naming the row (covered 0)
    ✘ W00c RC1 a marked row is pinned row by row in the answer key (every listed row of every folder) ARC-8 C10 10-CHQ-2025-05-0056 missingFromExport: moved to another day of the same month (a dupOf row with its original) is refused, naming the row (covered 0)
    ✘ W00c RC1 a marked row is pinned row by row in the answer key (every listed row of every folder) ARC-8 C10 10-CHQ-2025-03-0009 dupOf onto 10-CHQ-2025-03-0008: the marker moved to an unmarked row of the same account and month is refused, naming the newly marked row (covered 0)
    ✘ W00c RC1 a marked row is pinned row by row in the answer key (every listed row of every folder) ARC-8 C10 10-CHQ-2025-03-0011 dupOf onto 10-CHQ-2025-03-0010: the marker moved to an unmarked row of the same account and month is refused, naming the newly marked row (covered 0)
    ✘ W00c RC1 a marked row is pinned row by row in the answer key (every listed row of every folder) ARC-8 C10 10-CHQ-2025-03-0049 dupOf onto 10-CHQ-2025-03-0048: the marker moved to an unmarked row of the same account and month is refused, naming the newly marked row (covered 0)
    ✘ W00c RC1 a marked row is pinned row by row in the answer key (every listed row of every folder) ARC-8 C10 10-CHQ-2025-03-0053 dupOf onto 10-CHQ-2025-03-0052: the marker moved to an unmarked row of the same account and month is refused, naming the newly marked row (covered 0)
    ✘ W00c RC1 a marked row is pinned row by row in the answer key (every listed row of every folder) ARC-8 C10 10-CHQ-2024-12-0001 priorYear: an extra row carrying the same marker in the same account and month is refused, naming the extra row (covered 0)
    ✘ W00c RC1 a marked row is pinned row by row in the answer key (every listed row of every folder) ARC-8 C10 10-CHQ-2024-12-0002 priorYear: an extra row carrying the same marker in the same account and month is refused, naming the extra row (covered 0)
    ✘ W00c RC1 a marked row is pinned row by row in the answer key (every listed row of every folder) ARC-8 C10 10-CHQ-2024-12-0003 priorYear: an extra row carrying the same marker in the same account and month is refused, naming the extra row (covered 0)
    ✘ W00c RC1 a marked row is pinned row by row in the answer key (every listed row of every folder) ARC-8 C10 10-CHQ-2024-12-0004 priorYear: an extra row carrying the same marker in the same account and month is refused, naming the extra row (covered 0)
    ✘ W00c RC1 a marked row is pinned row by row in the answer key (every listed row of every folder) ARC-8 C10 10-CHQ-2024-12-0005 priorYear: an extra row carrying the same marker in the same account and month is refused, naming the extra row (covered 0)
    ✘ W00c RC1 a marked row is pinned row by row in the answer key (every listed row of every folder) ARC-8 C10 10-CHQ-2024-12-0006 priorYear: an extra row carrying the same marker in the same account and month is refused, naming the extra row (covered 0)
    ✘ W00c RC1 a marked row is pinned row by row in the answer key (every listed row of every folder) ARC-8 C10 10-CHQ-2024-12-0007 priorYear: an extra row carrying the same marker in the same account and month is refused, naming the extra row (covered 0)
    ✘ W00c RC1 a marked row is pinned row by row in the answer key (every listed row of every folder) ARC-8 C10 10-CHQ-2024-12-0008 priorYear: an extra row carrying the same marker in the same account and month is refused, naming the extra row (covered 0)
    ✘ W00c RC1 a marked row is pinned row by row in the answer key (every listed row of every folder) ARC-8 C10 10-CHQ-2025-03-0009 dupOf: an extra row carrying the same marker in the same account and month is refused, naming the extra row (covered 0)
    ✘ W00c RC1 a marked row is pinned row by row in the answer key (every listed row of every folder) ARC-8 C10 10-CHQ-2025-03-0011 dupOf: an extra row carrying the same marker in the same account and month is refused, naming the extra row (covered 0)
    ✘ W00c RC1 a marked row is pinned row by row in the answer key (every listed row of every folder) ARC-8 C10 10-CHQ-2025-03-0049 dupOf: an extra row carrying the same marker in the same account and month is refused, naming the extra row (covered 0)
    ✘ W00c RC1 a marked row is pinned row by row in the answer key (every listed row of every folder) ARC-8 C10 10-CHQ-2025-03-0053 dupOf: an extra row carrying the same marker in the same account and month is refused, naming the extra row (covered 0)
    ✘ W00c RC1 a marked row is pinned row by row in the answer key (every listed row of every folder) ARC-8 C10 10-CHQ-2025-05-0001 missingFromExport: an extra row carrying the same marker in the same account and month is refused, naming the extra row (covered 0)
    ✘ W00c RC1 a marked row is pinned row by row in the answer key (every listed row of every folder) ARC-8 C10 10-CHQ-2025-05-0002 missingFromExport: an extra row carrying the same marker in the same account and month is refused, naming the extra row (covered 0)
    ✘ W00c RC1 a marked row is pinned row by row in the answer key (every listed row of every folder) ARC-8 C10 10-CHQ-2025-05-0003 missingFromExport: an extra row carrying the same marker in the same account and month is refused, naming the extra row (covered 0)
    ✘ W00c RC1 a marked row is pinned row by row in the answer key (every listed row of every folder) ARC-8 C10 10-CHQ-2025-05-0004 missingFromExport: an extra row carrying the same marker in the same account and month is refused, naming the extra row (covered 0)
    ✘ W00c RC1 a marked row is pinned row by row in the answer key (every listed row of every folder) ARC-8 C10 10-CHQ-2025-05-0005 missingFromExport: an extra row carrying the same marker in the same account and month is refused, naming the extra row (covered 0)
    ✘ W00c RC1 a marked row is pinned row by row in the answer key (every listed row of every folder) ARC-8 C10 10-CHQ-2025-05-0006 missingFromExport: an extra row carrying the same marker in the same account and month is refused, naming the extra row (covered 0)
    ✘ W00c RC1 a marked row is pinned row by row in the answer key (every listed row of every folder) ARC-8 C10 10-CHQ-2025-05-0007 missingFromExport: an extra row carrying the same marker in the same account and month is refused, naming the extra row (covered 0)
    ✘ W00c RC1 a marked row is pinned row by row in the answer key (every listed row of every folder) ARC-8 C10 10-CHQ-2025-05-0008 missingFromExport: an extra row carrying the same marker in the same account and month is refused, naming the extra row (covered 0)
    ✘ W00c RC1 a marked row is pinned row by row in the answer key (every listed row of every folder) ARC-8 C10 10-CHQ-2025-05-0009 missingFromExport: an extra row carrying the same marker in the same account and month is refused, naming the extra row (covered 0)
    ✘ W00c RC1 a marked row is pinned row by row in the answer key (every listed row of every folder) ARC-8 C10 10-CHQ-2025-05-0010 missingFromExport: an extra row carrying the same marker in the same account and month is refused, naming the extra row (covered 0)
    ✘ W00c RC1 a marked row is pinned row by row in the answer key (every listed row of every folder) ARC-8 C10 10-CHQ-2025-05-0011 missingFromExport: an extra row carrying the same marker in the same account and month is refused, naming the extra row (covered 0)
    ✘ W00c RC1 a marked row is pinned row by row in the answer key (every listed row of every folder) ARC-8 C10 10-CHQ-2025-05-0012 missingFromExport: an extra row carrying the same marker in the same account and month is refused, naming the extra row (covered 0)
    ✘ W00c RC1 a marked row is pinned row by row in the answer key (every listed row of every folder) ARC-8 C10 10-CHQ-2025-05-0013 missingFromExport: an extra row carrying the same marker in the same account and month is refused, naming the extra row (covered 0)
    ✘ W00c RC1 a marked row is pinned row by row in the answer key (every listed row of every folder) ARC-8 C10 10-CHQ-2025-05-0014 missingFromExport: an extra row carrying the same marker in the same account and month is refused, naming the extra row (covered 0)
    ✘ W00c RC1 a marked row is pinned row by row in the answer key (every listed row of every folder) ARC-8 C10 10-CHQ-2025-05-0015 missingFromExport: an extra row carrying the same marker in the same account and month is refused, naming the extra row (covered 0)
    ✘ W00c RC1 a marked row is pinned row by row in the answer key (every listed row of every folder) ARC-8 C10 10-CHQ-2025-05-0016 missingFromExport: an extra row carrying the same marker in the same account and month is refused, naming the extra row (covered 0)
    ✘ W00c RC1 a marked row is pinned row by row in the answer key (every listed row of every folder) ARC-8 C10 10-CHQ-2025-05-0017 missingFromExport: an extra row carrying the same marker in the same account and month is refused, naming the extra row (covered 0)
    ✘ W00c RC1 a marked row is pinned row by row in the answer key (every listed row of every folder) ARC-8 C10 10-CHQ-2025-05-0018 missingFromExport: an extra row carrying the same marker in the same account and month is refused, naming the extra row (covered 0)
    ✘ W00c RC1 a marked row is pinned row by row in the answer key (every listed row of every folder) ARC-8 C10 10-CHQ-2025-05-0019 missingFromExport: an extra row carrying the same marker in the same account and month is refused, naming the extra row (covered 0)
    ✘ W00c RC1 a marked row is pinned row by row in the answer key (every listed row of every folder) ARC-8 C10 10-CHQ-2025-05-0020 missingFromExport: an extra row carrying the same marker in the same account and month is refused, naming the extra row (covered 0)
    ✘ W00c RC1 a marked row is pinned row by row in the answer key (every listed row of every folder) ARC-8 C10 10-CHQ-2025-05-0021 missingFromExport: an extra row carrying the same marker in the same account and month is refused, naming the extra row (covered 0)
    ✘ W00c RC1 a marked row is pinned row by row in the answer key (every listed row of every folder) ARC-8 C10 10-CHQ-2025-05-0022 missingFromExport: an extra row carrying the same marker in the same account and month is refused, naming the extra row (covered 0)
    ✘ W00c RC1 a marked row is pinned row by row in the answer key (every listed row of every folder) ARC-8 C10 10-CHQ-2025-05-0023 missingFromExport: an extra row carrying the same marker in the same account and month is refused, naming the extra row (covered 0)
    ✘ W00c RC1 a marked row is pinned row by row in the answer key (every listed row of every folder) ARC-8 C10 10-CHQ-2025-05-0024 missingFromExport: an extra row carrying the same marker in the same account and month is refused, naming the extra row (covered 0)
    ✘ W00c RC1 a marked row is pinned row by row in the answer key (every listed row of every folder) ARC-8 C10 10-CHQ-2025-05-0025 missingFromExport: an extra row carrying the same marker in the same account and month is refused, naming the extra row (covered 0)
    ✘ W00c RC1 a marked row is pinned row by row in the answer key (every listed row of every folder) ARC-8 C10 10-CHQ-2025-05-0026 missingFromExport: an extra row carrying the same marker in the same account and month is refused, naming the extra row (covered 0)
    ✘ W00c RC1 a marked row is pinned row by row in the answer key (every listed row of every folder) ARC-8 C10 10-CHQ-2025-05-0027 missingFromExport: an extra row carrying the same marker in the same account and month is refused, naming the extra row (covered 0)
    ✘ W00c RC1 a marked row is pinned row by row in the answer key (every listed row of every folder) ARC-8 C10 10-CHQ-2025-05-0028 missingFromExport: an extra row carrying the same marker in the same account and month is refused, naming the extra row (covered 0)
    ✘ W00c RC1 a marked row is pinned row by row in the answer key (every listed row of every folder) ARC-8 C10 10-CHQ-2025-05-0029 missingFromExport: an extra row carrying the same marker in the same account and month is refused, naming the extra row (covered 0)
    ✘ W00c RC1 a marked row is pinned row by row in the answer key (every listed row of every folder) ARC-8 C10 10-CHQ-2025-05-0030 missingFromExport: an extra row carrying the same marker in the same account and month is refused, naming the extra row (covered 0)
    ✘ W00c RC1 a marked row is pinned row by row in the answer key (every listed row of every folder) ARC-8 C10 10-CHQ-2025-05-0031 missingFromExport: an extra row carrying the same marker in the same account and month is refused, naming the extra row (covered 0)
    ✘ W00c RC1 a marked row is pinned row by row in the answer key (every listed row of every folder) ARC-8 C10 10-CHQ-2025-05-0032 missingFromExport: an extra row carrying the same marker in the same account and month is refused, naming the extra row (covered 0)
    ✘ W00c RC1 a marked row is pinned row by row in the answer key (every listed row of every folder) ARC-8 C10 10-CHQ-2025-05-0033 missingFromExport: an extra row carrying the same marker in the same account and month is refused, naming the extra row (covered 0)
    ✘ W00c RC1 a marked row is pinned row by row in the answer key (every listed row of every folder) ARC-8 C10 10-CHQ-2025-05-0034 missingFromExport: an extra row carrying the same marker in the same account and month is refused, naming the extra row (covered 0)
    ✘ W00c RC1 a marked row is pinned row by row in the answer key (every listed row of every folder) ARC-8 C10 10-CHQ-2025-05-0035 missingFromExport: an extra row carrying the same marker in the same account and month is refused, naming the extra row (covered 0)
    ✘ W00c RC1 a marked row is pinned row by row in the answer key (every listed row of every folder) ARC-8 C10 10-CHQ-2025-05-0036 missingFromExport: an extra row carrying the same marker in the same account and month is refused, naming the extra row (covered 0)
    ✘ W00c RC1 a marked row is pinned row by row in the answer key (every listed row of every folder) ARC-8 C10 10-CHQ-2025-05-0037 missingFromExport: an extra row carrying the same marker in the same account and month is refused, naming the extra row (covered 0)
    ✘ W00c RC1 a marked row is pinned row by row in the answer key (every listed row of every folder) ARC-8 C10 10-CHQ-2025-05-0038 missingFromExport: an extra row carrying the same marker in the same account and month is refused, naming the extra row (covered 0)
    ✘ W00c RC1 a marked row is pinned row by row in the answer key (every listed row of every folder) ARC-8 C10 10-CHQ-2025-05-0039 missingFromExport: an extra row carrying the same marker in the same account and month is refused, naming the extra row (covered 0)
    ✘ W00c RC1 a marked row is pinned row by row in the answer key (every listed row of every folder) ARC-8 C10 10-CHQ-2025-05-0040 missingFromExport: an extra row carrying the same marker in the same account and month is refused, naming the extra row (covered 0)
    ✘ W00c RC1 a marked row is pinned row by row in the answer key (every listed row of every folder) ARC-8 C10 10-CHQ-2025-05-0041 missingFromExport: an extra row carrying the same marker in the same account and month is refused, naming the extra row (covered 0)
    ✘ W00c RC1 a marked row is pinned row by row in the answer key (every listed row of every folder) ARC-8 C10 10-CHQ-2025-05-0042 missingFromExport: an extra row carrying the same marker in the same account and month is refused, naming the extra row (covered 0)
    ✘ W00c RC1 a marked row is pinned row by row in the answer key (every listed row of every folder) ARC-8 C10 10-CHQ-2025-05-0043 missingFromExport: an extra row carrying the same marker in the same account and month is refused, naming the extra row (covered 0)
    ✘ W00c RC1 a marked row is pinned row by row in the answer key (every listed row of every folder) ARC-8 C10 10-CHQ-2025-05-0044 missingFromExport: an extra row carrying the same marker in the same account and month is refused, naming the extra row (covered 0)
    ✘ W00c RC1 a marked row is pinned row by row in the answer key (every listed row of every folder) ARC-8 C10 10-CHQ-2025-05-0045 missingFromExport: an extra row carrying the same marker in the same account and month is refused, naming the extra row (covered 0)
    ✘ W00c RC1 a marked row is pinned row by row in the answer key (every listed row of every folder) ARC-8 C10 10-CHQ-2025-05-0046 missingFromExport: an extra row carrying the same marker in the same account and month is refused, naming the extra row (covered 0)
    ✘ W00c RC1 a marked row is pinned row by row in the answer key (every listed row of every folder) ARC-8 C10 10-CHQ-2025-05-0047 missingFromExport: an extra row carrying the same marker in the same account and month is refused, naming the extra row (covered 0)
    ✘ W00c RC1 a marked row is pinned row by row in the answer key (every listed row of every folder) ARC-8 C10 10-CHQ-2025-05-0048 missingFromExport: an extra row carrying the same marker in the same account and month is refused, naming the extra row (covered 0)
    ✘ W00c RC1 a marked row is pinned row by row in the answer key (every listed row of every folder) ARC-8 C10 10-CHQ-2025-05-0049 missingFromExport: an extra row carrying the same marker in the same account and month is refused, naming the extra row (covered 0)
    ✘ W00c RC1 a marked row is pinned row by row in the answer key (every listed row of every folder) ARC-8 C10 10-CHQ-2025-05-0050 missingFromExport: an extra row carrying the same marker in the same account and month is refused, naming the extra row (covered 0)
    ✘ W00c RC1 a marked row is pinned row by row in the answer key (every listed row of every folder) ARC-8 C10 10-CHQ-2025-05-0051 missingFromExport: an extra row carrying the same marker in the same account and month is refused, naming the extra row (covered 0)
    ✘ W00c RC1 a marked row is pinned row by row in the answer key (every listed row of every folder) ARC-8 C10 10-CHQ-2025-05-0052 missingFromExport: an extra row carrying the same marker in the same account and month is refused, naming the extra row (covered 0)
    ✘ W00c RC1 a marked row is pinned row by row in the answer key (every listed row of every folder) ARC-8 C10 10-CHQ-2025-05-0053 missingFromExport: an extra row carrying the same marker in the same account and month is refused, naming the extra row (covered 0)
    ✘ W00c RC1 a marked row is pinned row by row in the answer key (every listed row of every folder) ARC-8 C10 10-CHQ-2025-05-0054 missingFromExport: an extra row carrying the same marker in the same account and month is refused, naming the extra row (covered 0)
    ✘ W00c RC1 a marked row is pinned row by row in the answer key (every listed row of every folder) ARC-8 C10 10-CHQ-2025-05-0055 missingFromExport: an extra row carrying the same marker in the same account and month is refused, naming the extra row (covered 0)
    ✘ W00c RC1 a marked row is pinned row by row in the answer key (every listed row of every folder) ARC-8 C10 10-CHQ-2025-05-0056 missingFromExport: an extra row carrying the same marker in the same account and month is refused, naming the extra row (covered 0)
    ✘ W00c RC1 a marked row is pinned row by row in the answer key (every listed row of every folder) ARC-8 C10 10-CHQ-2024-12-0001 priorYear: the listed row losing its marker field is refused, naming the row (covered 0)
    ✘ W00c RC1 a marked row is pinned row by row in the answer key (every listed row of every folder) ARC-8 C10 10-CHQ-2024-12-0002 priorYear: the listed row losing its marker field is refused, naming the row (covered 0)
    ✘ W00c RC1 a marked row is pinned row by row in the answer key (every listed row of every folder) ARC-8 C10 10-CHQ-2024-12-0003 priorYear: the listed row losing its marker field is refused, naming the row (covered 0)
    ✘ W00c RC1 a marked row is pinned row by row in the answer key (every listed row of every folder) ARC-8 C10 10-CHQ-2024-12-0004 priorYear: the listed row losing its marker field is refused, naming the row (covered 0)
    ✘ W00c RC1 a marked row is pinned row by row in the answer key (every listed row of every folder) ARC-8 C10 10-CHQ-2024-12-0005 priorYear: the listed row losing its marker field is refused, naming the row (covered 0)
    ✘ W00c RC1 a marked row is pinned row by row in the answer key (every listed row of every folder) ARC-8 C10 10-CHQ-2024-12-0006 priorYear: the listed row losing its marker field is refused, naming the row (covered 0)
    ✘ W00c RC1 a marked row is pinned row by row in the answer key (every listed row of every folder) ARC-8 C10 10-CHQ-2024-12-0007 priorYear: the listed row losing its marker field is refused, naming the row (covered 0)
    ✘ W00c RC1 a marked row is pinned row by row in the answer key (every listed row of every folder) ARC-8 C10 10-CHQ-2024-12-0008 priorYear: the listed row losing its marker field is refused, naming the row (covered 0)
    ✘ W00c RC1 a marked row is pinned row by row in the answer key (every listed row of every folder) ARC-8 C10 10-CHQ-2025-03-0009 dupOf: the listed row losing its marker field is refused, naming the row (covered 0)
    ✘ W00c RC1 a marked row is pinned row by row in the answer key (every listed row of every folder) ARC-8 C10 10-CHQ-2025-03-0011 dupOf: the listed row losing its marker field is refused, naming the row (covered 0)
    ✘ W00c RC1 a marked row is pinned row by row in the answer key (every listed row of every folder) ARC-8 C10 10-CHQ-2025-03-0049 dupOf: the listed row losing its marker field is refused, naming the row (covered 0)
    ✘ W00c RC1 a marked row is pinned row by row in the answer key (every listed row of every folder) ARC-8 C10 10-CHQ-2025-03-0053 dupOf: the listed row losing its marker field is refused, naming the row (covered 0)
    ✘ W00c RC1 a marked row is pinned row by row in the answer key (every listed row of every folder) ARC-8 C10 10-CHQ-2025-05-0001 missingFromExport: the listed row losing its marker field is refused, naming the row (covered 0)
    ✘ W00c RC1 a marked row is pinned row by row in the answer key (every listed row of every folder) ARC-8 C10 10-CHQ-2025-05-0002 missingFromExport: the listed row losing its marker field is refused, naming the row (covered 0)
    ✘ W00c RC1 a marked row is pinned row by row in the answer key (every listed row of every folder) ARC-8 C10 10-CHQ-2025-05-0003 missingFromExport: the listed row losing its marker field is refused, naming the row (covered 0)
    ✘ W00c RC1 a marked row is pinned row by row in the answer key (every listed row of every folder) ARC-8 C10 10-CHQ-2025-05-0004 missingFromExport: the listed row losing its marker field is refused, naming the row (covered 0)
    ✘ W00c RC1 a marked row is pinned row by row in the answer key (every listed row of every folder) ARC-8 C10 10-CHQ-2025-05-0005 missingFromExport: the listed row losing its marker field is refused, naming the row (covered 0)
    ✘ W00c RC1 a marked row is pinned row by row in the answer key (every listed row of every folder) ARC-8 C10 10-CHQ-2025-05-0006 missingFromExport: the listed row losing its marker field is refused, naming the row (covered 0)
    ✘ W00c RC1 a marked row is pinned row by row in the answer key (every listed row of every folder) ARC-8 C10 10-CHQ-2025-05-0007 missingFromExport: the listed row losing its marker field is refused, naming the row (covered 0)
    ✘ W00c RC1 a marked row is pinned row by row in the answer key (every listed row of every folder) ARC-8 C10 10-CHQ-2025-05-0008 missingFromExport: the listed row losing its marker field is refused, naming the row (covered 0)
    ✘ W00c RC1 a marked row is pinned row by row in the answer key (every listed row of every folder) ARC-8 C10 10-CHQ-2025-05-0009 missingFromExport: the listed row losing its marker field is refused, naming the row (covered 0)
    ✘ W00c RC1 a marked row is pinned row by row in the answer key (every listed row of every folder) ARC-8 C10 10-CHQ-2025-05-0010 missingFromExport: the listed row losing its marker field is refused, naming the row (covered 0)
    ✘ W00c RC1 a marked row is pinned row by row in the answer key (every listed row of every folder) ARC-8 C10 10-CHQ-2025-05-0011 missingFromExport: the listed row losing its marker field is refused, naming the row (covered 0)
    ✘ W00c RC1 a marked row is pinned row by row in the answer key (every listed row of every folder) ARC-8 C10 10-CHQ-2025-05-0012 missingFromExport: the listed row losing its marker field is refused, naming the row (covered 0)
    ✘ W00c RC1 a marked row is pinned row by row in the answer key (every listed row of every folder) ARC-8 C10 10-CHQ-2025-05-0013 missingFromExport: the listed row losing its marker field is refused, naming the row (covered 0)
    ✘ W00c RC1 a marked row is pinned row by row in the answer key (every listed row of every folder) ARC-8 C10 10-CHQ-2025-05-0014 missingFromExport: the listed row losing its marker field is refused, naming the row (covered 0)
    ✘ W00c RC1 a marked row is pinned row by row in the answer key (every listed row of every folder) ARC-8 C10 10-CHQ-2025-05-0015 missingFromExport: the listed row losing its marker field is refused, naming the row (covered 0)
    ✘ W00c RC1 a marked row is pinned row by row in the answer key (every listed row of every folder) ARC-8 C10 10-CHQ-2025-05-0016 missingFromExport: the listed row losing its marker field is refused, naming the row (covered 0)
    ✘ W00c RC1 a marked row is pinned row by row in the answer key (every listed row of every folder) ARC-8 C10 10-CHQ-2025-05-0017 missingFromExport: the listed row losing its marker field is refused, naming the row (covered 0)
    ✘ W00c RC1 a marked row is pinned row by row in the answer key (every listed row of every folder) ARC-8 C10 10-CHQ-2025-05-0018 missingFromExport: the listed row losing its marker field is refused, naming the row (covered 0)
    ✘ W00c RC1 a marked row is pinned row by row in the answer key (every listed row of every folder) ARC-8 C10 10-CHQ-2025-05-0019 missingFromExport: the listed row losing its marker field is refused, naming the row (covered 0)
    ✘ W00c RC1 a marked row is pinned row by row in the answer key (every listed row of every folder) ARC-8 C10 10-CHQ-2025-05-0020 missingFromExport: the listed row losing its marker field is refused, naming the row (covered 0)
    ✘ W00c RC1 a marked row is pinned row by row in the answer key (every listed row of every folder) ARC-8 C10 10-CHQ-2025-05-0021 missingFromExport: the listed row losing its marker field is refused, naming the row (covered 0)
    ✘ W00c RC1 a marked row is pinned row by row in the answer key (every listed row of every folder) ARC-8 C10 10-CHQ-2025-05-0022 missingFromExport: the listed row losing its marker field is refused, naming the row (covered 0)
    ✘ W00c RC1 a marked row is pinned row by row in the answer key (every listed row of every folder) ARC-8 C10 10-CHQ-2025-05-0023 missingFromExport: the listed row losing its marker field is refused, naming the row (covered 0)
    ✘ W00c RC1 a marked row is pinned row by row in the answer key (every listed row of every folder) ARC-8 C10 10-CHQ-2025-05-0024 missingFromExport: the listed row losing its marker field is refused, naming the row (covered 0)
    ✘ W00c RC1 a marked row is pinned row by row in the answer key (every listed row of every folder) ARC-8 C10 10-CHQ-2025-05-0025 missingFromExport: the listed row losing its marker field is refused, naming the row (covered 0)
    ✘ W00c RC1 a marked row is pinned row by row in the answer key (every listed row of every folder) ARC-8 C10 10-CHQ-2025-05-0026 missingFromExport: the listed row losing its marker field is refused, naming the row (covered 0)
    ✘ W00c RC1 a marked row is pinned row by row in the answer key (every listed row of every folder) ARC-8 C10 10-CHQ-2025-05-0027 missingFromExport: the listed row losing its marker field is refused, naming the row (covered 0)
    ✘ W00c RC1 a marked row is pinned row by row in the answer key (every listed row of every folder) ARC-8 C10 10-CHQ-2025-05-0028 missingFromExport: the listed row losing its marker field is refused, naming the row (covered 0)
    ✘ W00c RC1 a marked row is pinned row by row in the answer key (every listed row of every folder) ARC-8 C10 10-CHQ-2025-05-0029 missingFromExport: the listed row losing its marker field is refused, naming the row (covered 0)
    ✘ W00c RC1 a marked row is pinned row by row in the answer key (every listed row of every folder) ARC-8 C10 10-CHQ-2025-05-0030 missingFromExport: the listed row losing its marker field is refused, naming the row (covered 0)
    ✘ W00c RC1 a marked row is pinned row by row in the answer key (every listed row of every folder) ARC-8 C10 10-CHQ-2025-05-0031 missingFromExport: the listed row losing its marker field is refused, naming the row (covered 0)
    ✘ W00c RC1 a marked row is pinned row by row in the answer key (every listed row of every folder) ARC-8 C10 10-CHQ-2025-05-0032 missingFromExport: the listed row losing its marker field is refused, naming the row (covered 0)
    ✘ W00c RC1 a marked row is pinned row by row in the answer key (every listed row of every folder) ARC-8 C10 10-CHQ-2025-05-0033 missingFromExport: the listed row losing its marker field is refused, naming the row (covered 0)
    ✘ W00c RC1 a marked row is pinned row by row in the answer key (every listed row of every folder) ARC-8 C10 10-CHQ-2025-05-0034 missingFromExport: the listed row losing its marker field is refused, naming the row (covered 0)
    ✘ W00c RC1 a marked row is pinned row by row in the answer key (every listed row of every folder) ARC-8 C10 10-CHQ-2025-05-0035 missingFromExport: the listed row losing its marker field is refused, naming the row (covered 0)
    ✘ W00c RC1 a marked row is pinned row by row in the answer key (every listed row of every folder) ARC-8 C10 10-CHQ-2025-05-0036 missingFromExport: the listed row losing its marker field is refused, naming the row (covered 0)
    ✘ W00c RC1 a marked row is pinned row by row in the answer key (every listed row of every folder) ARC-8 C10 10-CHQ-2025-05-0037 missingFromExport: the listed row losing its marker field is refused, naming the row (covered 0)
    ✘ W00c RC1 a marked row is pinned row by row in the answer key (every listed row of every folder) ARC-8 C10 10-CHQ-2025-05-0038 missingFromExport: the listed row losing its marker field is refused, naming the row (covered 0)
    ✘ W00c RC1 a marked row is pinned row by row in the answer key (every listed row of every folder) ARC-8 C10 10-CHQ-2025-05-0039 missingFromExport: the listed row losing its marker field is refused, naming the row (covered 0)
    ✘ W00c RC1 a marked row is pinned row by row in the answer key (every listed row of every folder) ARC-8 C10 10-CHQ-2025-05-0040 missingFromExport: the listed row losing its marker field is refused, naming the row (covered 0)
    ✘ W00c RC1 a marked row is pinned row by row in the answer key (every listed row of every folder) ARC-8 C10 10-CHQ-2025-05-0041 missingFromExport: the listed row losing its marker field is refused, naming the row (covered 0)
    ✘ W00c RC1 a marked row is pinned row by row in the answer key (every listed row of every folder) ARC-8 C10 10-CHQ-2025-05-0042 missingFromExport: the listed row losing its marker field is refused, naming the row (covered 0)
    ✘ W00c RC1 a marked row is pinned row by row in the answer key (every listed row of every folder) ARC-8 C10 10-CHQ-2025-05-0043 missingFromExport: the listed row losing its marker field is refused, naming the row (covered 0)
    ✘ W00c RC1 a marked row is pinned row by row in the answer key (every listed row of every folder) ARC-8 C10 10-CHQ-2025-05-0044 missingFromExport: the listed row losing its marker field is refused, naming the row (covered 0)
    ✘ W00c RC1 a marked row is pinned row by row in the answer key (every listed row of every folder) ARC-8 C10 10-CHQ-2025-05-0045 missingFromExport: the listed row losing its marker field is refused, naming the row (covered 0)
    ✘ W00c RC1 a marked row is pinned row by row in the answer key (every listed row of every folder) ARC-8 C10 10-CHQ-2025-05-0046 missingFromExport: the listed row losing its marker field is refused, naming the row (covered 0)
    ✘ W00c RC1 a marked row is pinned row by row in the answer key (every listed row of every folder) ARC-8 C10 10-CHQ-2025-05-0047 missingFromExport: the listed row losing its marker field is refused, naming the row (covered 0)
    ✘ W00c RC1 a marked row is pinned row by row in the answer key (every listed row of every folder) ARC-8 C10 10-CHQ-2025-05-0048 missingFromExport: the listed row losing its marker field is refused, naming the row (covered 0)
    ✘ W00c RC1 a marked row is pinned row by row in the answer key (every listed row of every folder) ARC-8 C10 10-CHQ-2025-05-0049 missingFromExport: the listed row losing its marker field is refused, naming the row (covered 0)
    ✘ W00c RC1 a marked row is pinned row by row in the answer key (every listed row of every folder) ARC-8 C10 10-CHQ-2025-05-0050 missingFromExport: the listed row losing its marker field is refused, naming the row (covered 0)
    ✘ W00c RC1 a marked row is pinned row by row in the answer key (every listed row of every folder) ARC-8 C10 10-CHQ-2025-05-0051 missingFromExport: the listed row losing its marker field is refused, naming the row (covered 0)
    ✘ W00c RC1 a marked row is pinned row by row in the answer key (every listed row of every folder) ARC-8 C10 10-CHQ-2025-05-0052 missingFromExport: the listed row losing its marker field is refused, naming the row (covered 0)
    ✘ W00c RC1 a marked row is pinned row by row in the answer key (every listed row of every folder) ARC-8 C10 10-CHQ-2025-05-0053 missingFromExport: the listed row losing its marker field is refused, naming the row (covered 0)
    ✘ W00c RC1 a marked row is pinned row by row in the answer key (every listed row of every folder) ARC-8 C10 10-CHQ-2025-05-0054 missingFromExport: the listed row losing its marker field is refused, naming the row (covered 0)
    ✘ W00c RC1 a marked row is pinned row by row in the answer key (every listed row of every folder) ARC-8 C10 10-CHQ-2025-05-0055 missingFromExport: the listed row losing its marker field is refused, naming the row (covered 0)
    ✘ W00c RC1 a marked row is pinned row by row in the answer key (every listed row of every folder) ARC-8 C10 10-CHQ-2025-05-0056 missingFromExport: the listed row losing its marker field is refused, naming the row (covered 0)
    ✘ W00c RC1 a marked row is pinned row by row in the answer key (every listed row of every folder) ARC-8 C10 10-CHQ-2024-12-0001 priorYear: the marker field misspelled in lower case on the listed row is refused, naming the row (covered 0)
    ✘ W00c RC1 a marked row is pinned row by row in the answer key (every listed row of every folder) ARC-8 C10 10-CHQ-2024-12-0002 priorYear: the marker field misspelled in lower case on the listed row is refused, naming the row (covered 0)
    ✘ W00c RC1 a marked row is pinned row by row in the answer key (every listed row of every folder) ARC-8 C10 10-CHQ-2024-12-0003 priorYear: the marker field misspelled in lower case on the listed row is refused, naming the row (covered 0)
    ✘ W00c RC1 a marked row is pinned row by row in the answer key (every listed row of every folder) ARC-8 C10 10-CHQ-2024-12-0004 priorYear: the marker field misspelled in lower case on the listed row is refused, naming the row (covered 0)
    ✘ W00c RC1 a marked row is pinned row by row in the answer key (every listed row of every folder) ARC-8 C10 10-CHQ-2024-12-0005 priorYear: the marker field misspelled in lower case on the listed row is refused, naming the row (covered 0)
    ✘ W00c RC1 a marked row is pinned row by row in the answer key (every listed row of every folder) ARC-8 C10 10-CHQ-2024-12-0006 priorYear: the marker field misspelled in lower case on the listed row is refused, naming the row (covered 0)
    ✘ W00c RC1 a marked row is pinned row by row in the answer key (every listed row of every folder) ARC-8 C10 10-CHQ-2024-12-0007 priorYear: the marker field misspelled in lower case on the listed row is refused, naming the row (covered 0)
    ✘ W00c RC1 a marked row is pinned row by row in the answer key (every listed row of every folder) ARC-8 C10 10-CHQ-2024-12-0008 priorYear: the marker field misspelled in lower case on the listed row is refused, naming the row (covered 0)
    ✘ W00c RC1 a marked row is pinned row by row in the answer key (every listed row of every folder) ARC-8 C10 10-CHQ-2025-03-0009 dupOf: the marker field misspelled in lower case on the listed row is refused, naming the row (covered 0)
    ✘ W00c RC1 a marked row is pinned row by row in the answer key (every listed row of every folder) ARC-8 C10 10-CHQ-2025-03-0011 dupOf: the marker field misspelled in lower case on the listed row is refused, naming the row (covered 0)
    ✘ W00c RC1 a marked row is pinned row by row in the answer key (every listed row of every folder) ARC-8 C10 10-CHQ-2025-03-0049 dupOf: the marker field misspelled in lower case on the listed row is refused, naming the row (covered 0)
    ✘ W00c RC1 a marked row is pinned row by row in the answer key (every listed row of every folder) ARC-8 C10 10-CHQ-2025-03-0053 dupOf: the marker field misspelled in lower case on the listed row is refused, naming the row (covered 0)
    ✘ W00c RC1 a marked row is pinned row by row in the answer key (every listed row of every folder) ARC-8 C10 10-CHQ-2025-05-0001 missingFromExport: the marker field misspelled in lower case on the listed row is refused, naming the row (covered 0)
    ✘ W00c RC1 a marked row is pinned row by row in the answer key (every listed row of every folder) ARC-8 C10 10-CHQ-2025-05-0002 missingFromExport: the marker field misspelled in lower case on the listed row is refused, naming the row (covered 0)
    ✘ W00c RC1 a marked row is pinned row by row in the answer key (every listed row of every folder) ARC-8 C10 10-CHQ-2025-05-0003 missingFromExport: the marker field misspelled in lower case on the listed row is refused, naming the row (covered 0)
    ✘ W00c RC1 a marked row is pinned row by row in the answer key (every listed row of every folder) ARC-8 C10 10-CHQ-2025-05-0004 missingFromExport: the marker field misspelled in lower case on the listed row is refused, naming the row (covered 0)
    ✘ W00c RC1 a marked row is pinned row by row in the answer key (every listed row of every folder) ARC-8 C10 10-CHQ-2025-05-0005 missingFromExport: the marker field misspelled in lower case on the listed row is refused, naming the row (covered 0)
    ✘ W00c RC1 a marked row is pinned row by row in the answer key (every listed row of every folder) ARC-8 C10 10-CHQ-2025-05-0006 missingFromExport: the marker field misspelled in lower case on the listed row is refused, naming the row (covered 0)
    ✘ W00c RC1 a marked row is pinned row by row in the answer key (every listed row of every folder) ARC-8 C10 10-CHQ-2025-05-0007 missingFromExport: the marker field misspelled in lower case on the listed row is refused, naming the row (covered 0)
    ✘ W00c RC1 a marked row is pinned row by row in the answer key (every listed row of every folder) ARC-8 C10 10-CHQ-2025-05-0008 missingFromExport: the marker field misspelled in lower case on the listed row is refused, naming the row (covered 0)
    ✘ W00c RC1 a marked row is pinned row by row in the answer key (every listed row of every folder) ARC-8 C10 10-CHQ-2025-05-0009 missingFromExport: the marker field misspelled in lower case on the listed row is refused, naming the row (covered 0)
    ✘ W00c RC1 a marked row is pinned row by row in the answer key (every listed row of every folder) ARC-8 C10 10-CHQ-2025-05-0010 missingFromExport: the marker field misspelled in lower case on the listed row is refused, naming the row (covered 0)
    ✘ W00c RC1 a marked row is pinned row by row in the answer key (every listed row of every folder) ARC-8 C10 10-CHQ-2025-05-0011 missingFromExport: the marker field misspelled in lower case on the listed row is refused, naming the row (covered 0)
    ✘ W00c RC1 a marked row is pinned row by row in the answer key (every listed row of every folder) ARC-8 C10 10-CHQ-2025-05-0012 missingFromExport: the marker field misspelled in lower case on the listed row is refused, naming the row (covered 0)
    ✘ W00c RC1 a marked row is pinned row by row in the answer key (every listed row of every folder) ARC-8 C10 10-CHQ-2025-05-0013 missingFromExport: the marker field misspelled in lower case on the listed row is refused, naming the row (covered 0)
    ✘ W00c RC1 a marked row is pinned row by row in the answer key (every listed row of every folder) ARC-8 C10 10-CHQ-2025-05-0014 missingFromExport: the marker field misspelled in lower case on the listed row is refused, naming the row (covered 0)
    ✘ W00c RC1 a marked row is pinned row by row in the answer key (every listed row of every folder) ARC-8 C10 10-CHQ-2025-05-0015 missingFromExport: the marker field misspelled in lower case on the listed row is refused, naming the row (covered 0)
    ✘ W00c RC1 a marked row is pinned row by row in the answer key (every listed row of every folder) ARC-8 C10 10-CHQ-2025-05-0016 missingFromExport: the marker field misspelled in lower case on the listed row is refused, naming the row (covered 0)
    ✘ W00c RC1 a marked row is pinned row by row in the answer key (every listed row of every folder) ARC-8 C10 10-CHQ-2025-05-0017 missingFromExport: the marker field misspelled in lower case on the listed row is refused, naming the row (covered 0)
    ✘ W00c RC1 a marked row is pinned row by row in the answer key (every listed row of every folder) ARC-8 C10 10-CHQ-2025-05-0018 missingFromExport: the marker field misspelled in lower case on the listed row is refused, naming the row (covered 0)
    ✘ W00c RC1 a marked row is pinned row by row in the answer key (every listed row of every folder) ARC-8 C10 10-CHQ-2025-05-0019 missingFromExport: the marker field misspelled in lower case on the listed row is refused, naming the row (covered 0)
    ✘ W00c RC1 a marked row is pinned row by row in the answer key (every listed row of every folder) ARC-8 C10 10-CHQ-2025-05-0020 missingFromExport: the marker field misspelled in lower case on the listed row is refused, naming the row (covered 0)
    ✘ W00c RC1 a marked row is pinned row by row in the answer key (every listed row of every folder) ARC-8 C10 10-CHQ-2025-05-0021 missingFromExport: the marker field misspelled in lower case on the listed row is refused, naming the row (covered 0)
    ✘ W00c RC1 a marked row is pinned row by row in the answer key (every listed row of every folder) ARC-8 C10 10-CHQ-2025-05-0022 missingFromExport: the marker field misspelled in lower case on the listed row is refused, naming the row (covered 0)
    ✘ W00c RC1 a marked row is pinned row by row in the answer key (every listed row of every folder) ARC-8 C10 10-CHQ-2025-05-0023 missingFromExport: the marker field misspelled in lower case on the listed row is refused, naming the row (covered 0)
    ✘ W00c RC1 a marked row is pinned row by row in the answer key (every listed row of every folder) ARC-8 C10 10-CHQ-2025-05-0024 missingFromExport: the marker field misspelled in lower case on the listed row is refused, naming the row (covered 0)
    ✘ W00c RC1 a marked row is pinned row by row in the answer key (every listed row of every folder) ARC-8 C10 10-CHQ-2025-05-0025 missingFromExport: the marker field misspelled in lower case on the listed row is refused, naming the row (covered 0)
    ✘ W00c RC1 a marked row is pinned row by row in the answer key (every listed row of every folder) ARC-8 C10 10-CHQ-2025-05-0026 missingFromExport: the marker field misspelled in lower case on the listed row is refused, naming the row (covered 0)
    ✘ W00c RC1 a marked row is pinned row by row in the answer key (every listed row of every folder) ARC-8 C10 10-CHQ-2025-05-0027 missingFromExport: the marker field misspelled in lower case on the listed row is refused, naming the row (covered 0)
    ✘ W00c RC1 a marked row is pinned row by row in the answer key (every listed row of every folder) ARC-8 C10 10-CHQ-2025-05-0028 missingFromExport: the marker field misspelled in lower case on the listed row is refused, naming the row (covered 0)
    ✘ W00c RC1 a marked row is pinned row by row in the answer key (every listed row of every folder) ARC-8 C10 10-CHQ-2025-05-0029 missingFromExport: the marker field misspelled in lower case on the listed row is refused, naming the row (covered 0)
    ✘ W00c RC1 a marked row is pinned row by row in the answer key (every listed row of every folder) ARC-8 C10 10-CHQ-2025-05-0030 missingFromExport: the marker field misspelled in lower case on the listed row is refused, naming the row (covered 0)
    ✘ W00c RC1 a marked row is pinned row by row in the answer key (every listed row of every folder) ARC-8 C10 10-CHQ-2025-05-0031 missingFromExport: the marker field misspelled in lower case on the listed row is refused, naming the row (covered 0)
    ✘ W00c RC1 a marked row is pinned row by row in the answer key (every listed row of every folder) ARC-8 C10 10-CHQ-2025-05-0032 missingFromExport: the marker field misspelled in lower case on the listed row is refused, naming the row (covered 0)
    ✘ W00c RC1 a marked row is pinned row by row in the answer key (every listed row of every folder) ARC-8 C10 10-CHQ-2025-05-0033 missingFromExport: the marker field misspelled in lower case on the listed row is refused, naming the row (covered 0)
    ✘ W00c RC1 a marked row is pinned row by row in the answer key (every listed row of every folder) ARC-8 C10 10-CHQ-2025-05-0034 missingFromExport: the marker field misspelled in lower case on the listed row is refused, naming the row (covered 0)
    ✘ W00c RC1 a marked row is pinned row by row in the answer key (every listed row of every folder) ARC-8 C10 10-CHQ-2025-05-0035 missingFromExport: the marker field misspelled in lower case on the listed row is refused, naming the row (covered 0)
    ✘ W00c RC1 a marked row is pinned row by row in the answer key (every listed row of every folder) ARC-8 C10 10-CHQ-2025-05-0036 missingFromExport: the marker field misspelled in lower case on the listed row is refused, naming the row (covered 0)
    ✘ W00c RC1 a marked row is pinned row by row in the answer key (every listed row of every folder) ARC-8 C10 10-CHQ-2025-05-0037 missingFromExport: the marker field misspelled in lower case on the listed row is refused, naming the row (covered 0)
    ✘ W00c RC1 a marked row is pinned row by row in the answer key (every listed row of every folder) ARC-8 C10 10-CHQ-2025-05-0038 missingFromExport: the marker field misspelled in lower case on the listed row is refused, naming the row (covered 0)
    ✘ W00c RC1 a marked row is pinned row by row in the answer key (every listed row of every folder) ARC-8 C10 10-CHQ-2025-05-0039 missingFromExport: the marker field misspelled in lower case on the listed row is refused, naming the row (covered 0)
    ✘ W00c RC1 a marked row is pinned row by row in the answer key (every listed row of every folder) ARC-8 C10 10-CHQ-2025-05-0040 missingFromExport: the marker field misspelled in lower case on the listed row is refused, naming the row (covered 0)
    ✘ W00c RC1 a marked row is pinned row by row in the answer key (every listed row of every folder) ARC-8 C10 10-CHQ-2025-05-0041 missingFromExport: the marker field misspelled in lower case on the listed row is refused, naming the row (covered 0)
    ✘ W00c RC1 a marked row is pinned row by row in the answer key (every listed row of every folder) ARC-8 C10 10-CHQ-2025-05-0042 missingFromExport: the marker field misspelled in lower case on the listed row is refused, naming the row (covered 0)
    ✘ W00c RC1 a marked row is pinned row by row in the answer key (every listed row of every folder) ARC-8 C10 10-CHQ-2025-05-0043 missingFromExport: the marker field misspelled in lower case on the listed row is refused, naming the row (covered 0)
    ✘ W00c RC1 a marked row is pinned row by row in the answer key (every listed row of every folder) ARC-8 C10 10-CHQ-2025-05-0044 missingFromExport: the marker field misspelled in lower case on the listed row is refused, naming the row (covered 0)
    ✘ W00c RC1 a marked row is pinned row by row in the answer key (every listed row of every folder) ARC-8 C10 10-CHQ-2025-05-0045 missingFromExport: the marker field misspelled in lower case on the listed row is refused, naming the row (covered 0)
    ✘ W00c RC1 a marked row is pinned row by row in the answer key (every listed row of every folder) ARC-8 C10 10-CHQ-2025-05-0046 missingFromExport: the marker field misspelled in lower case on the listed row is refused, naming the row (covered 0)
    ✘ W00c RC1 a marked row is pinned row by row in the answer key (every listed row of every folder) ARC-8 C10 10-CHQ-2025-05-0047 missingFromExport: the marker field misspelled in lower case on the listed row is refused, naming the row (covered 0)
    ✘ W00c RC1 a marked row is pinned row by row in the answer key (every listed row of every folder) ARC-8 C10 10-CHQ-2025-05-0048 missingFromExport: the marker field misspelled in lower case on the listed row is refused, naming the row (covered 0)
    ✘ W00c RC1 a marked row is pinned row by row in the answer key (every listed row of every folder) ARC-8 C10 10-CHQ-2025-05-0049 missingFromExport: the marker field misspelled in lower case on the listed row is refused, naming the row (covered 0)
    ✘ W00c RC1 a marked row is pinned row by row in the answer key (every listed row of every folder) ARC-8 C10 10-CHQ-2025-05-0050 missingFromExport: the marker field misspelled in lower case on the listed row is refused, naming the row (covered 0)
    ✘ W00c RC1 a marked row is pinned row by row in the answer key (every listed row of every folder) ARC-8 C10 10-CHQ-2025-05-0051 missingFromExport: the marker field misspelled in lower case on the listed row is refused, naming the row (covered 0)
    ✘ W00c RC1 a marked row is pinned row by row in the answer key (every listed row of every folder) ARC-8 C10 10-CHQ-2025-05-0052 missingFromExport: the marker field misspelled in lower case on the listed row is refused, naming the row (covered 0)
    ✘ W00c RC1 a marked row is pinned row by row in the answer key (every listed row of every folder) ARC-8 C10 10-CHQ-2025-05-0053 missingFromExport: the marker field misspelled in lower case on the listed row is refused, naming the row (covered 0)
    ✘ W00c RC1 a marked row is pinned row by row in the answer key (every listed row of every folder) ARC-8 C10 10-CHQ-2025-05-0054 missingFromExport: the marker field misspelled in lower case on the listed row is refused, naming the row (covered 0)
    ✘ W00c RC1 a marked row is pinned row by row in the answer key (every listed row of every folder) ARC-8 C10 10-CHQ-2025-05-0055 missingFromExport: the marker field misspelled in lower case on the listed row is refused, naming the row (covered 0)
    ✘ W00c RC1 a marked row is pinned row by row in the answer key (every listed row of every folder) ARC-8 C10 10-CHQ-2025-05-0056 missingFromExport: the marker field misspelled in lower case on the listed row is refused, naming the row (covered 0)
    ✘ W00c RC1 a marked row is pinned row by row in the answer key (every listed row of every folder) ARC-13 property (fast-check, seed 20261003): any listed row of any client moved by any non-zero number of cents is refused, naming the row (covered 0)
    ✘ W00c RC1 a marked row is pinned row by row in the answer key (every listed row of every folder) ARC-13 property (fast-check, seed 20261003): any two rows of one group moved by +d and -d cents (count and sum unchanged) are refused, naming both (covered 0)
    ✘ W00c RC1 the catalogue's pinned rows are checked against the answer key (every marker group and listed row of every folder) ARC-8 C10 priorYear CHQ 2024-12 with the entry's rows emptied (rows: []) is refused, naming the entry (covered 0)
    ✘ W00c RC1 the catalogue's pinned rows are checked against the answer key (every marker group and listed row of every folder) ARC-8 C10 dupOf CHQ 2025-03 with the entry's rows emptied (rows: []) is refused, naming the entry (covered 0)
    ✘ W00c RC1 the catalogue's pinned rows are checked against the answer key (every marker group and listed row of every folder) ARC-8 C10 missingFromExport CHQ 2025-05 with the entry's rows emptied (rows: []) is refused, naming the entry (covered 0)
    ✘ W00c RC1 the catalogue's pinned rows are checked against the answer key (every marker group and listed row of every folder) ARC-8 C10 priorYear CHQ 2024-12 with an id the answer key does not have added to its rows is refused, naming that id (covered 0)
    ✘ W00c RC1 the catalogue's pinned rows are checked against the answer key (every marker group and listed row of every folder) ARC-8 C10 dupOf CHQ 2025-03 with an id the answer key does not have added to its rows is refused, naming that id (covered 0)
    ✘ W00c RC1 the catalogue's pinned rows are checked against the answer key (every marker group and listed row of every folder) ARC-8 C10 missingFromExport CHQ 2025-05 with an id the answer key does not have added to its rows is refused, naming that id (covered 0)
    ✘ W00c RC1 the catalogue's pinned rows are checked against the answer key (every marker group and listed row of every folder) ARC-8 C10 10-CHQ-2024-12-0001 priorYear listed twice in its entry is refused, naming the row (covered 0)
    ✘ W00c RC1 the catalogue's pinned rows are checked against the answer key (every marker group and listed row of every folder) ARC-8 C10 10-CHQ-2024-12-0002 priorYear listed twice in its entry is refused, naming the row (covered 0)
    ✘ W00c RC1 the catalogue's pinned rows are checked against the answer key (every marker group and listed row of every folder) ARC-8 C10 10-CHQ-2024-12-0003 priorYear listed twice in its entry is refused, naming the row (covered 0)
    ✘ W00c RC1 the catalogue's pinned rows are checked against the answer key (every marker group and listed row of every folder) ARC-8 C10 10-CHQ-2024-12-0004 priorYear listed twice in its entry is refused, naming the row (covered 0)
    ✘ W00c RC1 the catalogue's pinned rows are checked against the answer key (every marker group and listed row of every folder) ARC-8 C10 10-CHQ-2024-12-0005 priorYear listed twice in its entry is refused, naming the row (covered 0)
    ✘ W00c RC1 the catalogue's pinned rows are checked against the answer key (every marker group and listed row of every folder) ARC-8 C10 10-CHQ-2024-12-0006 priorYear listed twice in its entry is refused, naming the row (covered 0)
    ✘ W00c RC1 the catalogue's pinned rows are checked against the answer key (every marker group and listed row of every folder) ARC-8 C10 10-CHQ-2024-12-0007 priorYear listed twice in its entry is refused, naming the row (covered 0)
    ✘ W00c RC1 the catalogue's pinned rows are checked against the answer key (every marker group and listed row of every folder) ARC-8 C10 10-CHQ-2024-12-0008 priorYear listed twice in its entry is refused, naming the row (covered 0)
    ✘ W00c RC1 the catalogue's pinned rows are checked against the answer key (every marker group and listed row of every folder) ARC-8 C10 10-CHQ-2025-03-0009 dupOf listed twice in its entry is refused, naming the row (covered 0)
    ✘ W00c RC1 the catalogue's pinned rows are checked against the answer key (every marker group and listed row of every folder) ARC-8 C10 10-CHQ-2025-03-0011 dupOf listed twice in its entry is refused, naming the row (covered 0)
    ✘ W00c RC1 the catalogue's pinned rows are checked against the answer key (every marker group and listed row of every folder) ARC-8 C10 10-CHQ-2025-03-0049 dupOf listed twice in its entry is refused, naming the row (covered 0)
    ✘ W00c RC1 the catalogue's pinned rows are checked against the answer key (every marker group and listed row of every folder) ARC-8 C10 10-CHQ-2025-03-0053 dupOf listed twice in its entry is refused, naming the row (covered 0)
    ✘ W00c RC1 the catalogue's pinned rows are checked against the answer key (every marker group and listed row of every folder) ARC-8 C10 10-CHQ-2025-05-0001 missingFromExport listed twice in its entry is refused, naming the row (covered 0)
    ✘ W00c RC1 the catalogue's pinned rows are checked against the answer key (every marker group and listed row of every folder) ARC-8 C10 10-CHQ-2025-05-0002 missingFromExport listed twice in its entry is refused, naming the row (covered 0)
    ✘ W00c RC1 the catalogue's pinned rows are checked against the answer key (every marker group and listed row of every folder) ARC-8 C10 10-CHQ-2025-05-0003 missingFromExport listed twice in its entry is refused, naming the row (covered 0)
    ✘ W00c RC1 the catalogue's pinned rows are checked against the answer key (every marker group and listed row of every folder) ARC-8 C10 10-CHQ-2025-05-0004 missingFromExport listed twice in its entry is refused, naming the row (covered 0)
    ✘ W00c RC1 the catalogue's pinned rows are checked against the answer key (every marker group and listed row of every folder) ARC-8 C10 10-CHQ-2025-05-0005 missingFromExport listed twice in its entry is refused, naming the row (covered 0)
    ✘ W00c RC1 the catalogue's pinned rows are checked against the answer key (every marker group and listed row of every folder) ARC-8 C10 10-CHQ-2025-05-0006 missingFromExport listed twice in its entry is refused, naming the row (covered 0)
    ✘ W00c RC1 the catalogue's pinned rows are checked against the answer key (every marker group and listed row of every folder) ARC-8 C10 10-CHQ-2025-05-0007 missingFromExport listed twice in its entry is refused, naming the row (covered 0)
    ✘ W00c RC1 the catalogue's pinned rows are checked against the answer key (every marker group and listed row of every folder) ARC-8 C10 10-CHQ-2025-05-0008 missingFromExport listed twice in its entry is refused, naming the row (covered 0)
    ✘ W00c RC1 the catalogue's pinned rows are checked against the answer key (every marker group and listed row of every folder) ARC-8 C10 10-CHQ-2025-05-0009 missingFromExport listed twice in its entry is refused, naming the row (covered 0)
    ✘ W00c RC1 the catalogue's pinned rows are checked against the answer key (every marker group and listed row of every folder) ARC-8 C10 10-CHQ-2025-05-0010 missingFromExport listed twice in its entry is refused, naming the row (covered 0)
    ✘ W00c RC1 the catalogue's pinned rows are checked against the answer key (every marker group and listed row of every folder) ARC-8 C10 10-CHQ-2025-05-0011 missingFromExport listed twice in its entry is refused, naming the row (covered 0)
    ✘ W00c RC1 the catalogue's pinned rows are checked against the answer key (every marker group and listed row of every folder) ARC-8 C10 10-CHQ-2025-05-0012 missingFromExport listed twice in its entry is refused, naming the row (covered 0)
    ✘ W00c RC1 the catalogue's pinned rows are checked against the answer key (every marker group and listed row of every folder) ARC-8 C10 10-CHQ-2025-05-0013 missingFromExport listed twice in its entry is refused, naming the row (covered 0)
    ✘ W00c RC1 the catalogue's pinned rows are checked against the answer key (every marker group and listed row of every folder) ARC-8 C10 10-CHQ-2025-05-0014 missingFromExport listed twice in its entry is refused, naming the row (covered 0)
    ✘ W00c RC1 the catalogue's pinned rows are checked against the answer key (every marker group and listed row of every folder) ARC-8 C10 10-CHQ-2025-05-0015 missingFromExport listed twice in its entry is refused, naming the row (covered 0)
    ✘ W00c RC1 the catalogue's pinned rows are checked against the answer key (every marker group and listed row of every folder) ARC-8 C10 10-CHQ-2025-05-0016 missingFromExport listed twice in its entry is refused, naming the row (covered 0)
    ✘ W00c RC1 the catalogue's pinned rows are checked against the answer key (every marker group and listed row of every folder) ARC-8 C10 10-CHQ-2025-05-0017 missingFromExport listed twice in its entry is refused, naming the row (covered 0)
    ✘ W00c RC1 the catalogue's pinned rows are checked against the answer key (every marker group and listed row of every folder) ARC-8 C10 10-CHQ-2025-05-0018 missingFromExport listed twice in its entry is refused, naming the row (covered 0)
    ✘ W00c RC1 the catalogue's pinned rows are checked against the answer key (every marker group and listed row of every folder) ARC-8 C10 10-CHQ-2025-05-0019 missingFromExport listed twice in its entry is refused, naming the row (covered 0)
    ✘ W00c RC1 the catalogue's pinned rows are checked against the answer key (every marker group and listed row of every folder) ARC-8 C10 10-CHQ-2025-05-0020 missingFromExport listed twice in its entry is refused, naming the row (covered 0)
    ✘ W00c RC1 the catalogue's pinned rows are checked against the answer key (every marker group and listed row of every folder) ARC-8 C10 10-CHQ-2025-05-0021 missingFromExport listed twice in its entry is refused, naming the row (covered 0)
    ✘ W00c RC1 the catalogue's pinned rows are checked against the answer key (every marker group and listed row of every folder) ARC-8 C10 10-CHQ-2025-05-0022 missingFromExport listed twice in its entry is refused, naming the row (covered 0)
    ✘ W00c RC1 the catalogue's pinned rows are checked against the answer key (every marker group and listed row of every folder) ARC-8 C10 10-CHQ-2025-05-0023 missingFromExport listed twice in its entry is refused, naming the row (covered 0)
    ✘ W00c RC1 the catalogue's pinned rows are checked against the answer key (every marker group and listed row of every folder) ARC-8 C10 10-CHQ-2025-05-0024 missingFromExport listed twice in its entry is refused, naming the row (covered 0)
    ✘ W00c RC1 the catalogue's pinned rows are checked against the answer key (every marker group and listed row of every folder) ARC-8 C10 10-CHQ-2025-05-0025 missingFromExport listed twice in its entry is refused, naming the row (covered 0)
    ✘ W00c RC1 the catalogue's pinned rows are checked against the answer key (every marker group and listed row of every folder) ARC-8 C10 10-CHQ-2025-05-0026 missingFromExport listed twice in its entry is refused, naming the row (covered 0)
    ✘ W00c RC1 the catalogue's pinned rows are checked against the answer key (every marker group and listed row of every folder) ARC-8 C10 10-CHQ-2025-05-0027 missingFromExport listed twice in its entry is refused, naming the row (covered 0)
    ✘ W00c RC1 the catalogue's pinned rows are checked against the answer key (every marker group and listed row of every folder) ARC-8 C10 10-CHQ-2025-05-0028 missingFromExport listed twice in its entry is refused, naming the row (covered 0)
    ✘ W00c RC1 the catalogue's pinned rows are checked against the answer key (every marker group and listed row of every folder) ARC-8 C10 10-CHQ-2025-05-0029 missingFromExport listed twice in its entry is refused, naming the row (covered 0)
    ✘ W00c RC1 the catalogue's pinned rows are checked against the answer key (every marker group and listed row of every folder) ARC-8 C10 10-CHQ-2025-05-0030 missingFromExport listed twice in its entry is refused, naming the row (covered 0)
    ✘ W00c RC1 the catalogue's pinned rows are checked against the answer key (every marker group and listed row of every folder) ARC-8 C10 10-CHQ-2025-05-0031 missingFromExport listed twice in its entry is refused, naming the row (covered 0)
    ✘ W00c RC1 the catalogue's pinned rows are checked against the answer key (every marker group and listed row of every folder) ARC-8 C10 10-CHQ-2025-05-0032 missingFromExport listed twice in its entry is refused, naming the row (covered 0)
    ✘ W00c RC1 the catalogue's pinned rows are checked against the answer key (every marker group and listed row of every folder) ARC-8 C10 10-CHQ-2025-05-0033 missingFromExport listed twice in its entry is refused, naming the row (covered 0)
    ✘ W00c RC1 the catalogue's pinned rows are checked against the answer key (every marker group and listed row of every folder) ARC-8 C10 10-CHQ-2025-05-0034 missingFromExport listed twice in its entry is refused, naming the row (covered 0)
    ✘ W00c RC1 the catalogue's pinned rows are checked against the answer key (every marker group and listed row of every folder) ARC-8 C10 10-CHQ-2025-05-0035 missingFromExport listed twice in its entry is refused, naming the row (covered 0)
    ✘ W00c RC1 the catalogue's pinned rows are checked against the answer key (every marker group and listed row of every folder) ARC-8 C10 10-CHQ-2025-05-0036 missingFromExport listed twice in its entry is refused, naming the row (covered 0)
    ✘ W00c RC1 the catalogue's pinned rows are checked against the answer key (every marker group and listed row of every folder) ARC-8 C10 10-CHQ-2025-05-0037 missingFromExport listed twice in its entry is refused, naming the row (covered 0)
    ✘ W00c RC1 the catalogue's pinned rows are checked against the answer key (every marker group and listed row of every folder) ARC-8 C10 10-CHQ-2025-05-0038 missingFromExport listed twice in its entry is refused, naming the row (covered 0)
    ✘ W00c RC1 the catalogue's pinned rows are checked against the answer key (every marker group and listed row of every folder) ARC-8 C10 10-CHQ-2025-05-0039 missingFromExport listed twice in its entry is refused, naming the row (covered 0)
    ✘ W00c RC1 the catalogue's pinned rows are checked against the answer key (every marker group and listed row of every folder) ARC-8 C10 10-CHQ-2025-05-0040 missingFromExport listed twice in its entry is refused, naming the row (covered 0)
    ✘ W00c RC1 the catalogue's pinned rows are checked against the answer key (every marker group and listed row of every folder) ARC-8 C10 10-CHQ-2025-05-0041 missingFromExport listed twice in its entry is refused, naming the row (covered 0)
    ✘ W00c RC1 the catalogue's pinned rows are checked against the answer key (every marker group and listed row of every folder) ARC-8 C10 10-CHQ-2025-05-0042 missingFromExport listed twice in its entry is refused, naming the row (covered 0)
    ✘ W00c RC1 the catalogue's pinned rows are checked against the answer key (every marker group and listed row of every folder) ARC-8 C10 10-CHQ-2025-05-0043 missingFromExport listed twice in its entry is refused, naming the row (covered 0)
    ✘ W00c RC1 the catalogue's pinned rows are checked against the answer key (every marker group and listed row of every folder) ARC-8 C10 10-CHQ-2025-05-0044 missingFromExport listed twice in its entry is refused, naming the row (covered 0)
    ✘ W00c RC1 the catalogue's pinned rows are checked against the answer key (every marker group and listed row of every folder) ARC-8 C10 10-CHQ-2025-05-0045 missingFromExport listed twice in its entry is refused, naming the row (covered 0)
    ✘ W00c RC1 the catalogue's pinned rows are checked against the answer key (every marker group and listed row of every folder) ARC-8 C10 10-CHQ-2025-05-0046 missingFromExport listed twice in its entry is refused, naming the row (covered 0)
    ✘ W00c RC1 the catalogue's pinned rows are checked against the answer key (every marker group and listed row of every folder) ARC-8 C10 10-CHQ-2025-05-0047 missingFromExport listed twice in its entry is refused, naming the row (covered 0)
    ✘ W00c RC1 the catalogue's pinned rows are checked against the answer key (every marker group and listed row of every folder) ARC-8 C10 10-CHQ-2025-05-0048 missingFromExport listed twice in its entry is refused, naming the row (covered 0)
    ✘ W00c RC1 the catalogue's pinned rows are checked against the answer key (every marker group and listed row of every folder) ARC-8 C10 10-CHQ-2025-05-0049 missingFromExport listed twice in its entry is refused, naming the row (covered 0)
    ✘ W00c RC1 the catalogue's pinned rows are checked against the answer key (every marker group and listed row of every folder) ARC-8 C10 10-CHQ-2025-05-0050 missingFromExport listed twice in its entry is refused, naming the row (covered 0)
    ✘ W00c RC1 the catalogue's pinned rows are checked against the answer key (every marker group and listed row of every folder) ARC-8 C10 10-CHQ-2025-05-0051 missingFromExport listed twice in its entry is refused, naming the row (covered 0)
    ✘ W00c RC1 the catalogue's pinned rows are checked against the answer key (every marker group and listed row of every folder) ARC-8 C10 10-CHQ-2025-05-0052 missingFromExport listed twice in its entry is refused, naming the row (covered 0)
    ✘ W00c RC1 the catalogue's pinned rows are checked against the answer key (every marker group and listed row of every folder) ARC-8 C10 10-CHQ-2025-05-0053 missingFromExport listed twice in its entry is refused, naming the row (covered 0)
    ✘ W00c RC1 the catalogue's pinned rows are checked against the answer key (every marker group and listed row of every folder) ARC-8 C10 10-CHQ-2025-05-0054 missingFromExport listed twice in its entry is refused, naming the row (covered 0)
    ✘ W00c RC1 the catalogue's pinned rows are checked against the answer key (every marker group and listed row of every folder) ARC-8 C10 10-CHQ-2025-05-0055 missingFromExport listed twice in its entry is refused, naming the row (covered 0)
    ✘ W00c RC1 the catalogue's pinned rows are checked against the answer key (every marker group and listed row of every folder) ARC-8 C10 10-CHQ-2025-05-0056 missingFromExport listed twice in its entry is refused, naming the row (covered 0)
    ✘ W00c RC1 the catalogue's pinned rows are checked against the answer key (every marker group and listed row of every folder) ARC-8 C10 10-CHQ-2024-12-0001 priorYear listed again by a second flag entry with the same marker is refused, naming the row (covered 0)
    ✘ W00c RC1 the catalogue's pinned rows are checked against the answer key (every marker group and listed row of every folder) ARC-8 C10 10-CHQ-2024-12-0002 priorYear listed again by a second flag entry with the same marker is refused, naming the row (covered 0)
    ✘ W00c RC1 the catalogue's pinned rows are checked against the answer key (every marker group and listed row of every folder) ARC-8 C10 10-CHQ-2024-12-0003 priorYear listed again by a second flag entry with the same marker is refused, naming the row (covered 0)
    ✘ W00c RC1 the catalogue's pinned rows are checked against the answer key (every marker group and listed row of every folder) ARC-8 C10 10-CHQ-2024-12-0004 priorYear listed again by a second flag entry with the same marker is refused, naming the row (covered 0)
    ✘ W00c RC1 the catalogue's pinned rows are checked against the answer key (every marker group and listed row of every folder) ARC-8 C10 10-CHQ-2024-12-0005 priorYear listed again by a second flag entry with the same marker is refused, naming the row (covered 0)
    ✘ W00c RC1 the catalogue's pinned rows are checked against the answer key (every marker group and listed row of every folder) ARC-8 C10 10-CHQ-2024-12-0006 priorYear listed again by a second flag entry with the same marker is refused, naming the row (covered 0)
    ✘ W00c RC1 the catalogue's pinned rows are checked against the answer key (every marker group and listed row of every folder) ARC-8 C10 10-CHQ-2024-12-0007 priorYear listed again by a second flag entry with the same marker is refused, naming the row (covered 0)
    ✘ W00c RC1 the catalogue's pinned rows are checked against the answer key (every marker group and listed row of every folder) ARC-8 C10 10-CHQ-2024-12-0008 priorYear listed again by a second flag entry with the same marker is refused, naming the row (covered 0)
    ✘ W00c RC1 the catalogue's pinned rows are checked against the answer key (every marker group and listed row of every folder) ARC-8 C10 10-CHQ-2025-03-0009 dupOf listed again by a second flag entry with the same marker is refused, naming the row (covered 0)
    ✘ W00c RC1 the catalogue's pinned rows are checked against the answer key (every marker group and listed row of every folder) ARC-8 C10 10-CHQ-2025-03-0011 dupOf listed again by a second flag entry with the same marker is refused, naming the row (covered 0)
    ✘ W00c RC1 the catalogue's pinned rows are checked against the answer key (every marker group and listed row of every folder) ARC-8 C10 10-CHQ-2025-03-0049 dupOf listed again by a second flag entry with the same marker is refused, naming the row (covered 0)
    ✘ W00c RC1 the catalogue's pinned rows are checked against the answer key (every marker group and listed row of every folder) ARC-8 C10 10-CHQ-2025-03-0053 dupOf listed again by a second flag entry with the same marker is refused, naming the row (covered 0)
    ✘ W00c RC1 the catalogue's pinned rows are checked against the answer key (every marker group and listed row of every folder) ARC-8 C10 10-CHQ-2025-05-0001 missingFromExport listed again by a second flag entry with the same marker is refused, naming the row (covered 0)
    ✘ W00c RC1 the catalogue's pinned rows are checked against the answer key (every marker group and listed row of every folder) ARC-8 C10 10-CHQ-2025-05-0002 missingFromExport listed again by a second flag entry with the same marker is refused, naming the row (covered 0)
    ✘ W00c RC1 the catalogue's pinned rows are checked against the answer key (every marker group and listed row of every folder) ARC-8 C10 10-CHQ-2025-05-0003 missingFromExport listed again by a second flag entry with the same marker is refused, naming the row (covered 0)
    ✘ W00c RC1 the catalogue's pinned rows are checked against the answer key (every marker group and listed row of every folder) ARC-8 C10 10-CHQ-2025-05-0004 missingFromExport listed again by a second flag entry with the same marker is refused, naming the row (covered 0)
    ✘ W00c RC1 the catalogue's pinned rows are checked against the answer key (every marker group and listed row of every folder) ARC-8 C10 10-CHQ-2025-05-0005 missingFromExport listed again by a second flag entry with the same marker is refused, naming the row (covered 0)
    ✘ W00c RC1 the catalogue's pinned rows are checked against the answer key (every marker group and listed row of every folder) ARC-8 C10 10-CHQ-2025-05-0006 missingFromExport listed again by a second flag entry with the same marker is refused, naming the row (covered 0)
    ✘ W00c RC1 the catalogue's pinned rows are checked against the answer key (every marker group and listed row of every folder) ARC-8 C10 10-CHQ-2025-05-0007 missingFromExport listed again by a second flag entry with the same marker is refused, naming the row (covered 0)
    ✘ W00c RC1 the catalogue's pinned rows are checked against the answer key (every marker group and listed row of every folder) ARC-8 C10 10-CHQ-2025-05-0008 missingFromExport listed again by a second flag entry with the same marker is refused, naming the row (covered 0)
    ✘ W00c RC1 the catalogue's pinned rows are checked against the answer key (every marker group and listed row of every folder) ARC-8 C10 10-CHQ-2025-05-0009 missingFromExport listed again by a second flag entry with the same marker is refused, naming the row (covered 0)
    ✘ W00c RC1 the catalogue's pinned rows are checked against the answer key (every marker group and listed row of every folder) ARC-8 C10 10-CHQ-2025-05-0010 missingFromExport listed again by a second flag entry with the same marker is refused, naming the row (covered 0)
    ✘ W00c RC1 the catalogue's pinned rows are checked against the answer key (every marker group and listed row of every folder) ARC-8 C10 10-CHQ-2025-05-0011 missingFromExport listed again by a second flag entry with the same marker is refused, naming the row (covered 0)
    ✘ W00c RC1 the catalogue's pinned rows are checked against the answer key (every marker group and listed row of every folder) ARC-8 C10 10-CHQ-2025-05-0012 missingFromExport listed again by a second flag entry with the same marker is refused, naming the row (covered 0)
    ✘ W00c RC1 the catalogue's pinned rows are checked against the answer key (every marker group and listed row of every folder) ARC-8 C10 10-CHQ-2025-05-0013 missingFromExport listed again by a second flag entry with the same marker is refused, naming the row (covered 0)
    ✘ W00c RC1 the catalogue's pinned rows are checked against the answer key (every marker group and listed row of every folder) ARC-8 C10 10-CHQ-2025-05-0014 missingFromExport listed again by a second flag entry with the same marker is refused, naming the row (covered 0)
    ✘ W00c RC1 the catalogue's pinned rows are checked against the answer key (every marker group and listed row of every folder) ARC-8 C10 10-CHQ-2025-05-0015 missingFromExport listed again by a second flag entry with the same marker is refused, naming the row (covered 0)
    ✘ W00c RC1 the catalogue's pinned rows are checked against the answer key (every marker group and listed row of every folder) ARC-8 C10 10-CHQ-2025-05-0016 missingFromExport listed again by a second flag entry with the same marker is refused, naming the row (covered 0)
    ✘ W00c RC1 the catalogue's pinned rows are checked against the answer key (every marker group and listed row of every folder) ARC-8 C10 10-CHQ-2025-05-0017 missingFromExport listed again by a second flag entry with the same marker is refused, naming the row (covered 0)
    ✘ W00c RC1 the catalogue's pinned rows are checked against the answer key (every marker group and listed row of every folder) ARC-8 C10 10-CHQ-2025-05-0018 missingFromExport listed again by a second flag entry with the same marker is refused, naming the row (covered 0)
    ✘ W00c RC1 the catalogue's pinned rows are checked against the answer key (every marker group and listed row of every folder) ARC-8 C10 10-CHQ-2025-05-0019 missingFromExport listed again by a second flag entry with the same marker is refused, naming the row (covered 0)
    ✘ W00c RC1 the catalogue's pinned rows are checked against the answer key (every marker group and listed row of every folder) ARC-8 C10 10-CHQ-2025-05-0020 missingFromExport listed again by a second flag entry with the same marker is refused, naming the row (covered 0)
    ✘ W00c RC1 the catalogue's pinned rows are checked against the answer key (every marker group and listed row of every folder) ARC-8 C10 10-CHQ-2025-05-0021 missingFromExport listed again by a second flag entry with the same marker is refused, naming the row (covered 0)
    ✘ W00c RC1 the catalogue's pinned rows are checked against the answer key (every marker group and listed row of every folder) ARC-8 C10 10-CHQ-2025-05-0022 missingFromExport listed again by a second flag entry with the same marker is refused, naming the row (covered 0)
    ✘ W00c RC1 the catalogue's pinned rows are checked against the answer key (every marker group and listed row of every folder) ARC-8 C10 10-CHQ-2025-05-0023 missingFromExport listed again by a second flag entry with the same marker is refused, naming the row (covered 0)
    ✘ W00c RC1 the catalogue's pinned rows are checked against the answer key (every marker group and listed row of every folder) ARC-8 C10 10-CHQ-2025-05-0024 missingFromExport listed again by a second flag entry with the same marker is refused, naming the row (covered 0)
    ✘ W00c RC1 the catalogue's pinned rows are checked against the answer key (every marker group and listed row of every folder) ARC-8 C10 10-CHQ-2025-05-0025 missingFromExport listed again by a second flag entry with the same marker is refused, naming the row (covered 0)
    ✘ W00c RC1 the catalogue's pinned rows are checked against the answer key (every marker group and listed row of every folder) ARC-8 C10 10-CHQ-2025-05-0026 missingFromExport listed again by a second flag entry with the same marker is refused, naming the row (covered 0)
    ✘ W00c RC1 the catalogue's pinned rows are checked against the answer key (every marker group and listed row of every folder) ARC-8 C10 10-CHQ-2025-05-0027 missingFromExport listed again by a second flag entry with the same marker is refused, naming the row (covered 0)
    ✘ W00c RC1 the catalogue's pinned rows are checked against the answer key (every marker group and listed row of every folder) ARC-8 C10 10-CHQ-2025-05-0028 missingFromExport listed again by a second flag entry with the same marker is refused, naming the row (covered 0)
    ✘ W00c RC1 the catalogue's pinned rows are checked against the answer key (every marker group and listed row of every folder) ARC-8 C10 10-CHQ-2025-05-0029 missingFromExport listed again by a second flag entry with the same marker is refused, naming the row (covered 0)
    ✘ W00c RC1 the catalogue's pinned rows are checked against the answer key (every marker group and listed row of every folder) ARC-8 C10 10-CHQ-2025-05-0030 missingFromExport listed again by a second flag entry with the same marker is refused, naming the row (covered 0)
    ✘ W00c RC1 the catalogue's pinned rows are checked against the answer key (every marker group and listed row of every folder) ARC-8 C10 10-CHQ-2025-05-0031 missingFromExport listed again by a second flag entry with the same marker is refused, naming the row (covered 0)
    ✘ W00c RC1 the catalogue's pinned rows are checked against the answer key (every marker group and listed row of every folder) ARC-8 C10 10-CHQ-2025-05-0032 missingFromExport listed again by a second flag entry with the same marker is refused, naming the row (covered 0)
    ✘ W00c RC1 the catalogue's pinned rows are checked against the answer key (every marker group and listed row of every folder) ARC-8 C10 10-CHQ-2025-05-0033 missingFromExport listed again by a second flag entry with the same marker is refused, naming the row (covered 0)
    ✘ W00c RC1 the catalogue's pinned rows are checked against the answer key (every marker group and listed row of every folder) ARC-8 C10 10-CHQ-2025-05-0034 missingFromExport listed again by a second flag entry with the same marker is refused, naming the row (covered 0)
    ✘ W00c RC1 the catalogue's pinned rows are checked against the answer key (every marker group and listed row of every folder) ARC-8 C10 10-CHQ-2025-05-0035 missingFromExport listed again by a second flag entry with the same marker is refused, naming the row (covered 0)
    ✘ W00c RC1 the catalogue's pinned rows are checked against the answer key (every marker group and listed row of every folder) ARC-8 C10 10-CHQ-2025-05-0036 missingFromExport listed again by a second flag entry with the same marker is refused, naming the row (covered 0)
    ✘ W00c RC1 the catalogue's pinned rows are checked against the answer key (every marker group and listed row of every folder) ARC-8 C10 10-CHQ-2025-05-0037 missingFromExport listed again by a second flag entry with the same marker is refused, naming the row (covered 0)
    ✘ W00c RC1 the catalogue's pinned rows are checked against the answer key (every marker group and listed row of every folder) ARC-8 C10 10-CHQ-2025-05-0038 missingFromExport listed again by a second flag entry with the same marker is refused, naming the row (covered 0)
    ✘ W00c RC1 the catalogue's pinned rows are checked against the answer key (every marker group and listed row of every folder) ARC-8 C10 10-CHQ-2025-05-0039 missingFromExport listed again by a second flag entry with the same marker is refused, naming the row (covered 0)
    ✘ W00c RC1 the catalogue's pinned rows are checked against the answer key (every marker group and listed row of every folder) ARC-8 C10 10-CHQ-2025-05-0040 missingFromExport listed again by a second flag entry with the same marker is refused, naming the row (covered 0)
    ✘ W00c RC1 the catalogue's pinned rows are checked against the answer key (every marker group and listed row of every folder) ARC-8 C10 10-CHQ-2025-05-0041 missingFromExport listed again by a second flag entry with the same marker is refused, naming the row (covered 0)
    ✘ W00c RC1 the catalogue's pinned rows are checked against the answer key (every marker group and listed row of every folder) ARC-8 C10 10-CHQ-2025-05-0042 missingFromExport listed again by a second flag entry with the same marker is refused, naming the row (covered 0)
    ✘ W00c RC1 the catalogue's pinned rows are checked against the answer key (every marker group and listed row of every folder) ARC-8 C10 10-CHQ-2025-05-0043 missingFromExport listed again by a second flag entry with the same marker is refused, naming the row (covered 0)
    ✘ W00c RC1 the catalogue's pinned rows are checked against the answer key (every marker group and listed row of every folder) ARC-8 C10 10-CHQ-2025-05-0044 missingFromExport listed again by a second flag entry with the same marker is refused, naming the row (covered 0)
    ✘ W00c RC1 the catalogue's pinned rows are checked against the answer key (every marker group and listed row of every folder) ARC-8 C10 10-CHQ-2025-05-0045 missingFromExport listed again by a second flag entry with the same marker is refused, naming the row (covered 0)
    ✘ W00c RC1 the catalogue's pinned rows are checked against the answer key (every marker group and listed row of every folder) ARC-8 C10 10-CHQ-2025-05-0046 missingFromExport listed again by a second flag entry with the same marker is refused, naming the row (covered 0)
    ✘ W00c RC1 the catalogue's pinned rows are checked against the answer key (every marker group and listed row of every folder) ARC-8 C10 10-CHQ-2025-05-0047 missingFromExport listed again by a second flag entry with the same marker is refused, naming the row (covered 0)
    ✘ W00c RC1 the catalogue's pinned rows are checked against the answer key (every marker group and listed row of every folder) ARC-8 C10 10-CHQ-2025-05-0048 missingFromExport listed again by a second flag entry with the same marker is refused, naming the row (covered 0)
    ✘ W00c RC1 the catalogue's pinned rows are checked against the answer key (every marker group and listed row of every folder) ARC-8 C10 10-CHQ-2025-05-0049 missingFromExport listed again by a second flag entry with the same marker is refused, naming the row (covered 0)
    ✘ W00c RC1 the catalogue's pinned rows are checked against the answer key (every marker group and listed row of every folder) ARC-8 C10 10-CHQ-2025-05-0050 missingFromExport listed again by a second flag entry with the same marker is refused, naming the row (covered 0)
    ✘ W00c RC1 the catalogue's pinned rows are checked against the answer key (every marker group and listed row of every folder) ARC-8 C10 10-CHQ-2025-05-0051 missingFromExport listed again by a second flag entry with the same marker is refused, naming the row (covered 0)
    ✘ W00c RC1 the catalogue's pinned rows are checked against the answer key (every marker group and listed row of every folder) ARC-8 C10 10-CHQ-2025-05-0052 missingFromExport listed again by a second flag entry with the same marker is refused, naming the row (covered 0)
    ✘ W00c RC1 the catalogue's pinned rows are checked against the answer key (every marker group and listed row of every folder) ARC-8 C10 10-CHQ-2025-05-0053 missingFromExport listed again by a second flag entry with the same marker is refused, naming the row (covered 0)
    ✘ W00c RC1 the catalogue's pinned rows are checked against the answer key (every marker group and listed row of every folder) ARC-8 C10 10-CHQ-2025-05-0054 missingFromExport listed again by a second flag entry with the same marker is refused, naming the row (covered 0)
    ✘ W00c RC1 the catalogue's pinned rows are checked against the answer key (every marker group and listed row of every folder) ARC-8 C10 10-CHQ-2025-05-0055 missingFromExport listed again by a second flag entry with the same marker is refused, naming the row (covered 0)
    ✘ W00c RC1 the catalogue's pinned rows are checked against the answer key (every marker group and listed row of every folder) ARC-8 C10 10-CHQ-2025-05-0056 missingFromExport listed again by a second flag entry with the same marker is refused, naming the row (covered 0)
    ✘ W00c RC1 the catalogue's pinned rows are checked against the answer key (every marker group and listed row of every folder) ARC-13 C10 10-CHQ-2024-12-0001 priorYear with its pinned amountCents one cent off is refused, naming the row (covered 0)
    ✘ W00c RC1 the catalogue's pinned rows are checked against the answer key (every marker group and listed row of every folder) ARC-13 C10 10-CHQ-2024-12-0002 priorYear with its pinned amountCents one cent off is refused, naming the row (covered 0)
    ✘ W00c RC1 the catalogue's pinned rows are checked against the answer key (every marker group and listed row of every folder) ARC-13 C10 10-CHQ-2024-12-0003 priorYear with its pinned amountCents one cent off is refused, naming the row (covered 0)
    ✘ W00c RC1 the catalogue's pinned rows are checked against the answer key (every marker group and listed row of every folder) ARC-13 C10 10-CHQ-2024-12-0004 priorYear with its pinned amountCents one cent off is refused, naming the row (covered 0)
    ✘ W00c RC1 the catalogue's pinned rows are checked against the answer key (every marker group and listed row of every folder) ARC-13 C10 10-CHQ-2024-12-0005 priorYear with its pinned amountCents one cent off is refused, naming the row (covered 0)
    ✘ W00c RC1 the catalogue's pinned rows are checked against the answer key (every marker group and listed row of every folder) ARC-13 C10 10-CHQ-2024-12-0006 priorYear with its pinned amountCents one cent off is refused, naming the row (covered 0)
    ✘ W00c RC1 the catalogue's pinned rows are checked against the answer key (every marker group and listed row of every folder) ARC-13 C10 10-CHQ-2024-12-0007 priorYear with its pinned amountCents one cent off is refused, naming the row (covered 0)
    ✘ W00c RC1 the catalogue's pinned rows are checked against the answer key (every marker group and listed row of every folder) ARC-13 C10 10-CHQ-2024-12-0008 priorYear with its pinned amountCents one cent off is refused, naming the row (covered 0)
    ✘ W00c RC1 the catalogue's pinned rows are checked against the answer key (every marker group and listed row of every folder) ARC-13 C10 10-CHQ-2025-03-0009 dupOf with its pinned amountCents one cent off is refused, naming the row (covered 0)
    ✘ W00c RC1 the catalogue's pinned rows are checked against the answer key (every marker group and listed row of every folder) ARC-13 C10 10-CHQ-2025-03-0011 dupOf with its pinned amountCents one cent off is refused, naming the row (covered 0)
    ✘ W00c RC1 the catalogue's pinned rows are checked against the answer key (every marker group and listed row of every folder) ARC-13 C10 10-CHQ-2025-03-0049 dupOf with its pinned amountCents one cent off is refused, naming the row (covered 0)
    ✘ W00c RC1 the catalogue's pinned rows are checked against the answer key (every marker group and listed row of every folder) ARC-13 C10 10-CHQ-2025-03-0053 dupOf with its pinned amountCents one cent off is refused, naming the row (covered 0)
    ✘ W00c RC1 the catalogue's pinned rows are checked against the answer key (every marker group and listed row of every folder) ARC-13 C10 10-CHQ-2025-05-0001 missingFromExport with its pinned amountCents one cent off is refused, naming the row (covered 0)
    ✘ W00c RC1 the catalogue's pinned rows are checked against the answer key (every marker group and listed row of every folder) ARC-13 C10 10-CHQ-2025-05-0002 missingFromExport with its pinned amountCents one cent off is refused, naming the row (covered 0)
    ✘ W00c RC1 the catalogue's pinned rows are checked against the answer key (every marker group and listed row of every folder) ARC-13 C10 10-CHQ-2025-05-0003 missingFromExport with its pinned amountCents one cent off is refused, naming the row (covered 0)
    ✘ W00c RC1 the catalogue's pinned rows are checked against the answer key (every marker group and listed row of every folder) ARC-13 C10 10-CHQ-2025-05-0004 missingFromExport with its pinned amountCents one cent off is refused, naming the row (covered 0)
    ✘ W00c RC1 the catalogue's pinned rows are checked against the answer key (every marker group and listed row of every folder) ARC-13 C10 10-CHQ-2025-05-0005 missingFromExport with its pinned amountCents one cent off is refused, naming the row (covered 0)
    ✘ W00c RC1 the catalogue's pinned rows are checked against the answer key (every marker group and listed row of every folder) ARC-13 C10 10-CHQ-2025-05-0006 missingFromExport with its pinned amountCents one cent off is refused, naming the row (covered 0)
    ✘ W00c RC1 the catalogue's pinned rows are checked against the answer key (every marker group and listed row of every folder) ARC-13 C10 10-CHQ-2025-05-0007 missingFromExport with its pinned amountCents one cent off is refused, naming the row (covered 0)
    ✘ W00c RC1 the catalogue's pinned rows are checked against the answer key (every marker group and listed row of every folder) ARC-13 C10 10-CHQ-2025-05-0008 missingFromExport with its pinned amountCents one cent off is refused, naming the row (covered 0)
    ✘ W00c RC1 the catalogue's pinned rows are checked against the answer key (every marker group and listed row of every folder) ARC-13 C10 10-CHQ-2025-05-0009 missingFromExport with its pinned amountCents one cent off is refused, naming the row (covered 0)
    ✘ W00c RC1 the catalogue's pinned rows are checked against the answer key (every marker group and listed row of every folder) ARC-13 C10 10-CHQ-2025-05-0010 missingFromExport with its pinned amountCents one cent off is refused, naming the row (covered 0)
    ✘ W00c RC1 the catalogue's pinned rows are checked against the answer key (every marker group and listed row of every folder) ARC-13 C10 10-CHQ-2025-05-0011 missingFromExport with its pinned amountCents one cent off is refused, naming the row (covered 0)
    ✘ W00c RC1 the catalogue's pinned rows are checked against the answer key (every marker group and listed row of every folder) ARC-13 C10 10-CHQ-2025-05-0012 missingFromExport with its pinned amountCents one cent off is refused, naming the row (covered 0)
    ✘ W00c RC1 the catalogue's pinned rows are checked against the answer key (every marker group and listed row of every folder) ARC-13 C10 10-CHQ-2025-05-0013 missingFromExport with its pinned amountCents one cent off is refused, naming the row (covered 0)
    ✘ W00c RC1 the catalogue's pinned rows are checked against the answer key (every marker group and listed row of every folder) ARC-13 C10 10-CHQ-2025-05-0014 missingFromExport with its pinned amountCents one cent off is refused, naming the row (covered 0)
    ✘ W00c RC1 the catalogue's pinned rows are checked against the answer key (every marker group and listed row of every folder) ARC-13 C10 10-CHQ-2025-05-0015 missingFromExport with its pinned amountCents one cent off is refused, naming the row (covered 0)
    ✘ W00c RC1 the catalogue's pinned rows are checked against the answer key (every marker group and listed row of every folder) ARC-13 C10 10-CHQ-2025-05-0016 missingFromExport with its pinned amountCents one cent off is refused, naming the row (covered 0)
    ✘ W00c RC1 the catalogue's pinned rows are checked against the answer key (every marker group and listed row of every folder) ARC-13 C10 10-CHQ-2025-05-0017 missingFromExport with its pinned amountCents one cent off is refused, naming the row (covered 0)
    ✘ W00c RC1 the catalogue's pinned rows are checked against the answer key (every marker group and listed row of every folder) ARC-13 C10 10-CHQ-2025-05-0018 missingFromExport with its pinned amountCents one cent off is refused, naming the row (covered 0)
    ✘ W00c RC1 the catalogue's pinned rows are checked against the answer key (every marker group and listed row of every folder) ARC-13 C10 10-CHQ-2025-05-0019 missingFromExport with its pinned amountCents one cent off is refused, naming the row (covered 0)
    ✘ W00c RC1 the catalogue's pinned rows are checked against the answer key (every marker group and listed row of every folder) ARC-13 C10 10-CHQ-2025-05-0020 missingFromExport with its pinned amountCents one cent off is refused, naming the row (covered 0)
    ✘ W00c RC1 the catalogue's pinned rows are checked against the answer key (every marker group and listed row of every folder) ARC-13 C10 10-CHQ-2025-05-0021 missingFromExport with its pinned amountCents one cent off is refused, naming the row (covered 0)
    ✘ W00c RC1 the catalogue's pinned rows are checked against the answer key (every marker group and listed row of every folder) ARC-13 C10 10-CHQ-2025-05-0022 missingFromExport with its pinned amountCents one cent off is refused, naming the row (covered 0)
    ✘ W00c RC1 the catalogue's pinned rows are checked against the answer key (every marker group and listed row of every folder) ARC-13 C10 10-CHQ-2025-05-0023 missingFromExport with its pinned amountCents one cent off is refused, naming the row (covered 0)
    ✘ W00c RC1 the catalogue's pinned rows are checked against the answer key (every marker group and listed row of every folder) ARC-13 C10 10-CHQ-2025-05-0024 missingFromExport with its pinned amountCents one cent off is refused, naming the row (covered 0)
    ✘ W00c RC1 the catalogue's pinned rows are checked against the answer key (every marker group and listed row of every folder) ARC-13 C10 10-CHQ-2025-05-0025 missingFromExport with its pinned amountCents one cent off is refused, naming the row (covered 0)
    ✘ W00c RC1 the catalogue's pinned rows are checked against the answer key (every marker group and listed row of every folder) ARC-13 C10 10-CHQ-2025-05-0026 missingFromExport with its pinned amountCents one cent off is refused, naming the row (covered 0)
    ✘ W00c RC1 the catalogue's pinned rows are checked against the answer key (every marker group and listed row of every folder) ARC-13 C10 10-CHQ-2025-05-0027 missingFromExport with its pinned amountCents one cent off is refused, naming the row (covered 0)
    ✘ W00c RC1 the catalogue's pinned rows are checked against the answer key (every marker group and listed row of every folder) ARC-13 C10 10-CHQ-2025-05-0028 missingFromExport with its pinned amountCents one cent off is refused, naming the row (covered 0)
    ✘ W00c RC1 the catalogue's pinned rows are checked against the answer key (every marker group and listed row of every folder) ARC-13 C10 10-CHQ-2025-05-0029 missingFromExport with its pinned amountCents one cent off is refused, naming the row (covered 0)
    ✘ W00c RC1 the catalogue's pinned rows are checked against the answer key (every marker group and listed row of every folder) ARC-13 C10 10-CHQ-2025-05-0030 missingFromExport with its pinned amountCents one cent off is refused, naming the row (covered 0)
    ✘ W00c RC1 the catalogue's pinned rows are checked against the answer key (every marker group and listed row of every folder) ARC-13 C10 10-CHQ-2025-05-0031 missingFromExport with its pinned amountCents one cent off is refused, naming the row (covered 0)
    ✘ W00c RC1 the catalogue's pinned rows are checked against the answer key (every marker group and listed row of every folder) ARC-13 C10 10-CHQ-2025-05-0032 missingFromExport with its pinned amountCents one cent off is refused, naming the row (covered 0)
    ✘ W00c RC1 the catalogue's pinned rows are checked against the answer key (every marker group and listed row of every folder) ARC-13 C10 10-CHQ-2025-05-0033 missingFromExport with its pinned amountCents one cent off is refused, naming the row (covered 0)
    ✘ W00c RC1 the catalogue's pinned rows are checked against the answer key (every marker group and listed row of every folder) ARC-13 C10 10-CHQ-2025-05-0034 missingFromExport with its pinned amountCents one cent off is refused, naming the row (covered 0)
    ✘ W00c RC1 the catalogue's pinned rows are checked against the answer key (every marker group and listed row of every folder) ARC-13 C10 10-CHQ-2025-05-0035 missingFromExport with its pinned amountCents one cent off is refused, naming the row (covered 0)
    ✘ W00c RC1 the catalogue's pinned rows are checked against the answer key (every marker group and listed row of every folder) ARC-13 C10 10-CHQ-2025-05-0036 missingFromExport with its pinned amountCents one cent off is refused, naming the row (covered 0)
    ✘ W00c RC1 the catalogue's pinned rows are checked against the answer key (every marker group and listed row of every folder) ARC-13 C10 10-CHQ-2025-05-0037 missingFromExport with its pinned amountCents one cent off is refused, naming the row (covered 0)
    ✘ W00c RC1 the catalogue's pinned rows are checked against the answer key (every marker group and listed row of every folder) ARC-13 C10 10-CHQ-2025-05-0038 missingFromExport with its pinned amountCents one cent off is refused, naming the row (covered 0)
    ✘ W00c RC1 the catalogue's pinned rows are checked against the answer key (every marker group and listed row of every folder) ARC-13 C10 10-CHQ-2025-05-0039 missingFromExport with its pinned amountCents one cent off is refused, naming the row (covered 0)
    ✘ W00c RC1 the catalogue's pinned rows are checked against the answer key (every marker group and listed row of every folder) ARC-13 C10 10-CHQ-2025-05-0040 missingFromExport with its pinned amountCents one cent off is refused, naming the row (covered 0)
    ✘ W00c RC1 the catalogue's pinned rows are checked against the answer key (every marker group and listed row of every folder) ARC-13 C10 10-CHQ-2025-05-0041 missingFromExport with its pinned amountCents one cent off is refused, naming the row (covered 0)
    ✘ W00c RC1 the catalogue's pinned rows are checked against the answer key (every marker group and listed row of every folder) ARC-13 C10 10-CHQ-2025-05-0042 missingFromExport with its pinned amountCents one cent off is refused, naming the row (covered 0)
    ✘ W00c RC1 the catalogue's pinned rows are checked against the answer key (every marker group and listed row of every folder) ARC-13 C10 10-CHQ-2025-05-0043 missingFromExport with its pinned amountCents one cent off is refused, naming the row (covered 0)
    ✘ W00c RC1 the catalogue's pinned rows are checked against the answer key (every marker group and listed row of every folder) ARC-13 C10 10-CHQ-2025-05-0044 missingFromExport with its pinned amountCents one cent off is refused, naming the row (covered 0)
    ✘ W00c RC1 the catalogue's pinned rows are checked against the answer key (every marker group and listed row of every folder) ARC-13 C10 10-CHQ-2025-05-0045 missingFromExport with its pinned amountCents one cent off is refused, naming the row (covered 0)
    ✘ W00c RC1 the catalogue's pinned rows are checked against the answer key (every marker group and listed row of every folder) ARC-13 C10 10-CHQ-2025-05-0046 missingFromExport with its pinned amountCents one cent off is refused, naming the row (covered 0)
    ✘ W00c RC1 the catalogue's pinned rows are checked against the answer key (every marker group and listed row of every folder) ARC-13 C10 10-CHQ-2025-05-0047 missingFromExport with its pinned amountCents one cent off is refused, naming the row (covered 0)
    ✘ W00c RC1 the catalogue's pinned rows are checked against the answer key (every marker group and listed row of every folder) ARC-13 C10 10-CHQ-2025-05-0048 missingFromExport with its pinned amountCents one cent off is refused, naming the row (covered 0)
    ✘ W00c RC1 the catalogue's pinned rows are checked against the answer key (every marker group and listed row of every folder) ARC-13 C10 10-CHQ-2025-05-0049 missingFromExport with its pinned amountCents one cent off is refused, naming the row (covered 0)
    ✘ W00c RC1 the catalogue's pinned rows are checked against the answer key (every marker group and listed row of every folder) ARC-13 C10 10-CHQ-2025-05-0050 missingFromExport with its pinned amountCents one cent off is refused, naming the row (covered 0)
    ✘ W00c RC1 the catalogue's pinned rows are checked against the answer key (every marker group and listed row of every folder) ARC-13 C10 10-CHQ-2025-05-0051 missingFromExport with its pinned amountCents one cent off is refused, naming the row (covered 0)
    ✘ W00c RC1 the catalogue's pinned rows are checked against the answer key (every marker group and listed row of every folder) ARC-13 C10 10-CHQ-2025-05-0052 missingFromExport with its pinned amountCents one cent off is refused, naming the row (covered 0)
    ✘ W00c RC1 the catalogue's pinned rows are checked against the answer key (every marker group and listed row of every folder) ARC-13 C10 10-CHQ-2025-05-0053 missingFromExport with its pinned amountCents one cent off is refused, naming the row (covered 0)
    ✘ W00c RC1 the catalogue's pinned rows are checked against the answer key (every marker group and listed row of every folder) ARC-13 C10 10-CHQ-2025-05-0054 missingFromExport with its pinned amountCents one cent off is refused, naming the row (covered 0)
    ✘ W00c RC1 the catalogue's pinned rows are checked against the answer key (every marker group and listed row of every folder) ARC-13 C10 10-CHQ-2025-05-0055 missingFromExport with its pinned amountCents one cent off is refused, naming the row (covered 0)
    ✘ W00c RC1 the catalogue's pinned rows are checked against the answer key (every marker group and listed row of every folder) ARC-13 C10 10-CHQ-2025-05-0056 missingFromExport with its pinned amountCents one cent off is refused, naming the row (covered 0)
    ✘ W00c RC1 the catalogue's pinned rows are checked against the answer key (every marker group and listed row of every folder) ARC-8 C10 10-CHQ-2024-12-0001 priorYear with its pinned date another day of the month is refused, naming the row (covered 0)
    ✘ W00c RC1 the catalogue's pinned rows are checked against the answer key (every marker group and listed row of every folder) ARC-8 C10 10-CHQ-2024-12-0002 priorYear with its pinned date another day of the month is refused, naming the row (covered 0)
    ✘ W00c RC1 the catalogue's pinned rows are checked against the answer key (every marker group and listed row of every folder) ARC-8 C10 10-CHQ-2024-12-0003 priorYear with its pinned date another day of the month is refused, naming the row (covered 0)
    ✘ W00c RC1 the catalogue's pinned rows are checked against the answer key (every marker group and listed row of every folder) ARC-8 C10 10-CHQ-2024-12-0004 priorYear with its pinned date another day of the month is refused, naming the row (covered 0)
    ✘ W00c RC1 the catalogue's pinned rows are checked against the answer key (every marker group and listed row of every folder) ARC-8 C10 10-CHQ-2024-12-0005 priorYear with its pinned date another day of the month is refused, naming the row (covered 0)
    ✘ W00c RC1 the catalogue's pinned rows are checked against the answer key (every marker group and listed row of every folder) ARC-8 C10 10-CHQ-2024-12-0006 priorYear with its pinned date another day of the month is refused, naming the row (covered 0)
    ✘ W00c RC1 the catalogue's pinned rows are checked against the answer key (every marker group and listed row of every folder) ARC-8 C10 10-CHQ-2024-12-0007 priorYear with its pinned date another day of the month is refused, naming the row (covered 0)
    ✘ W00c RC1 the catalogue's pinned rows are checked against the answer key (every marker group and listed row of every folder) ARC-8 C10 10-CHQ-2024-12-0008 priorYear with its pinned date another day of the month is refused, naming the row (covered 0)
    ✘ W00c RC1 the catalogue's pinned rows are checked against the answer key (every marker group and listed row of every folder) ARC-8 C10 10-CHQ-2025-03-0009 dupOf with its pinned date another day of the month is refused, naming the row (covered 0)
    ✘ W00c RC1 the catalogue's pinned rows are checked against the answer key (every marker group and listed row of every folder) ARC-8 C10 10-CHQ-2025-03-0011 dupOf with its pinned date another day of the month is refused, naming the row (covered 0)
    ✘ W00c RC1 the catalogue's pinned rows are checked against the answer key (every marker group and listed row of every folder) ARC-8 C10 10-CHQ-2025-03-0049 dupOf with its pinned date another day of the month is refused, naming the row (covered 0)
    ✘ W00c RC1 the catalogue's pinned rows are checked against the answer key (every marker group and listed row of every folder) ARC-8 C10 10-CHQ-2025-03-0053 dupOf with its pinned date another day of the month is refused, naming the row (covered 0)
    ✘ W00c RC1 the catalogue's pinned rows are checked against the answer key (every marker group and listed row of every folder) ARC-8 C10 10-CHQ-2025-05-0001 missingFromExport with its pinned date another day of the month is refused, naming the row (covered 0)
    ✘ W00c RC1 the catalogue's pinned rows are checked against the answer key (every marker group and listed row of every folder) ARC-8 C10 10-CHQ-2025-05-0002 missingFromExport with its pinned date another day of the month is refused, naming the row (covered 0)
    ✘ W00c RC1 the catalogue's pinned rows are checked against the answer key (every marker group and listed row of every folder) ARC-8 C10 10-CHQ-2025-05-0003 missingFromExport with its pinned date another day of the month is refused, naming the row (covered 0)
    ✘ W00c RC1 the catalogue's pinned rows are checked against the answer key (every marker group and listed row of every folder) ARC-8 C10 10-CHQ-2025-05-0004 missingFromExport with its pinned date another day of the month is refused, naming the row (covered 0)
    ✘ W00c RC1 the catalogue's pinned rows are checked against the answer key (every marker group and listed row of every folder) ARC-8 C10 10-CHQ-2025-05-0005 missingFromExport with its pinned date another day of the month is refused, naming the row (covered 0)
    ✘ W00c RC1 the catalogue's pinned rows are checked against the answer key (every marker group and listed row of every folder) ARC-8 C10 10-CHQ-2025-05-0006 missingFromExport with its pinned date another day of the month is refused, naming the row (covered 0)
    ✘ W00c RC1 the catalogue's pinned rows are checked against the answer key (every marker group and listed row of every folder) ARC-8 C10 10-CHQ-2025-05-0007 missingFromExport with its pinned date another day of the month is refused, naming the row (covered 0)
    ✘ W00c RC1 the catalogue's pinned rows are checked against the answer key (every marker group and listed row of every folder) ARC-8 C10 10-CHQ-2025-05-0008 missingFromExport with its pinned date another day of the month is refused, naming the row (covered 0)
    ✘ W00c RC1 the catalogue's pinned rows are checked against the answer key (every marker group and listed row of every folder) ARC-8 C10 10-CHQ-2025-05-0009 missingFromExport with its pinned date another day of the month is refused, naming the row (covered 0)
    ✘ W00c RC1 the catalogue's pinned rows are checked against the answer key (every marker group and listed row of every folder) ARC-8 C10 10-CHQ-2025-05-0010 missingFromExport with its pinned date another day of the month is refused, naming the row (covered 0)
    ✘ W00c RC1 the catalogue's pinned rows are checked against the answer key (every marker group and listed row of every folder) ARC-8 C10 10-CHQ-2025-05-0011 missingFromExport with its pinned date another day of the month is refused, naming the row (covered 0)
    ✘ W00c RC1 the catalogue's pinned rows are checked against the answer key (every marker group and listed row of every folder) ARC-8 C10 10-CHQ-2025-05-0012 missingFromExport with its pinned date another day of the month is refused, naming the row (covered 0)
    ✘ W00c RC1 the catalogue's pinned rows are checked against the answer key (every marker group and listed row of every folder) ARC-8 C10 10-CHQ-2025-05-0013 missingFromExport with its pinned date another day of the month is refused, naming the row (covered 0)
    ✘ W00c RC1 the catalogue's pinned rows are checked against the answer key (every marker group and listed row of every folder) ARC-8 C10 10-CHQ-2025-05-0014 missingFromExport with its pinned date another day of the month is refused, naming the row (covered 0)
    ✘ W00c RC1 the catalogue's pinned rows are checked against the answer key (every marker group and listed row of every folder) ARC-8 C10 10-CHQ-2025-05-0015 missingFromExport with its pinned date another day of the month is refused, naming the row (covered 0)
    ✘ W00c RC1 the catalogue's pinned rows are checked against the answer key (every marker group and listed row of every folder) ARC-8 C10 10-CHQ-2025-05-0016 missingFromExport with its pinned date another day of the month is refused, naming the row (covered 0)
    ✘ W00c RC1 the catalogue's pinned rows are checked against the answer key (every marker group and listed row of every folder) ARC-8 C10 10-CHQ-2025-05-0017 missingFromExport with its pinned date another day of the month is refused, naming the row (covered 0)
    ✘ W00c RC1 the catalogue's pinned rows are checked against the answer key (every marker group and listed row of every folder) ARC-8 C10 10-CHQ-2025-05-0018 missingFromExport with its pinned date another day of the month is refused, naming the row (covered 0)
    ✘ W00c RC1 the catalogue's pinned rows are checked against the answer key (every marker group and listed row of every folder) ARC-8 C10 10-CHQ-2025-05-0019 missingFromExport with its pinned date another day of the month is refused, naming the row (covered 0)
    ✘ W00c RC1 the catalogue's pinned rows are checked against the answer key (every marker group and listed row of every folder) ARC-8 C10 10-CHQ-2025-05-0020 missingFromExport with its pinned date another day of the month is refused, naming the row (covered 0)
    ✘ W00c RC1 the catalogue's pinned rows are checked against the answer key (every marker group and listed row of every folder) ARC-8 C10 10-CHQ-2025-05-0021 missingFromExport with its pinned date another day of the month is refused, naming the row (covered 0)
    ✘ W00c RC1 the catalogue's pinned rows are checked against the answer key (every marker group and listed row of every folder) ARC-8 C10 10-CHQ-2025-05-0022 missingFromExport with its pinned date another day of the month is refused, naming the row (covered 0)
    ✘ W00c RC1 the catalogue's pinned rows are checked against the answer key (every marker group and listed row of every folder) ARC-8 C10 10-CHQ-2025-05-0023 missingFromExport with its pinned date another day of the month is refused, naming the row (covered 0)
    ✘ W00c RC1 the catalogue's pinned rows are checked against the answer key (every marker group and listed row of every folder) ARC-8 C10 10-CHQ-2025-05-0024 missingFromExport with its pinned date another day of the month is refused, naming the row (covered 0)
    ✘ W00c RC1 the catalogue's pinned rows are checked against the answer key (every marker group and listed row of every folder) ARC-8 C10 10-CHQ-2025-05-0025 missingFromExport with its pinned date another day of the month is refused, naming the row (covered 0)
    ✘ W00c RC1 the catalogue's pinned rows are checked against the answer key (every marker group and listed row of every folder) ARC-8 C10 10-CHQ-2025-05-0026 missingFromExport with its pinned date another day of the month is refused, naming the row (covered 0)
    ✘ W00c RC1 the catalogue's pinned rows are checked against the answer key (every marker group and listed row of every folder) ARC-8 C10 10-CHQ-2025-05-0027 missingFromExport with its pinned date another day of the month is refused, naming the row (covered 0)
    ✘ W00c RC1 the catalogue's pinned rows are checked against the answer key (every marker group and listed row of every folder) ARC-8 C10 10-CHQ-2025-05-0028 missingFromExport with its pinned date another day of the month is refused, naming the row (covered 0)
    ✘ W00c RC1 the catalogue's pinned rows are checked against the answer key (every marker group and listed row of every folder) ARC-8 C10 10-CHQ-2025-05-0029 missingFromExport with its pinned date another day of the month is refused, naming the row (covered 0)
    ✘ W00c RC1 the catalogue's pinned rows are checked against the answer key (every marker group and listed row of every folder) ARC-8 C10 10-CHQ-2025-05-0030 missingFromExport with its pinned date another day of the month is refused, naming the row (covered 0)
    ✘ W00c RC1 the catalogue's pinned rows are checked against the answer key (every marker group and listed row of every folder) ARC-8 C10 10-CHQ-2025-05-0031 missingFromExport with its pinned date another day of the month is refused, naming the row (covered 0)
    ✘ W00c RC1 the catalogue's pinned rows are checked against the answer key (every marker group and listed row of every folder) ARC-8 C10 10-CHQ-2025-05-0032 missingFromExport with its pinned date another day of the month is refused, naming the row (covered 0)
    ✘ W00c RC1 the catalogue's pinned rows are checked against the answer key (every marker group and listed row of every folder) ARC-8 C10 10-CHQ-2025-05-0033 missingFromExport with its pinned date another day of the month is refused, naming the row (covered 0)
    ✘ W00c RC1 the catalogue's pinned rows are checked against the answer key (every marker group and listed row of every folder) ARC-8 C10 10-CHQ-2025-05-0034 missingFromExport with its pinned date another day of the month is refused, naming the row (covered 0)
    ✘ W00c RC1 the catalogue's pinned rows are checked against the answer key (every marker group and listed row of every folder) ARC-8 C10 10-CHQ-2025-05-0035 missingFromExport with its pinned date another day of the month is refused, naming the row (covered 0)
    ✘ W00c RC1 the catalogue's pinned rows are checked against the answer key (every marker group and listed row of every folder) ARC-8 C10 10-CHQ-2025-05-0036 missingFromExport with its pinned date another day of the month is refused, naming the row (covered 0)
    ✘ W00c RC1 the catalogue's pinned rows are checked against the answer key (every marker group and listed row of every folder) ARC-8 C10 10-CHQ-2025-05-0037 missingFromExport with its pinned date another day of the month is refused, naming the row (covered 0)
    ✘ W00c RC1 the catalogue's pinned rows are checked against the answer key (every marker group and listed row of every folder) ARC-8 C10 10-CHQ-2025-05-0038 missingFromExport with its pinned date another day of the month is refused, naming the row (covered 0)
    ✘ W00c RC1 the catalogue's pinned rows are checked against the answer key (every marker group and listed row of every folder) ARC-8 C10 10-CHQ-2025-05-0039 missingFromExport with its pinned date another day of the month is refused, naming the row (covered 0)
    ✘ W00c RC1 the catalogue's pinned rows are checked against the answer key (every marker group and listed row of every folder) ARC-8 C10 10-CHQ-2025-05-0040 missingFromExport with its pinned date another day of the month is refused, naming the row (covered 0)
    ✘ W00c RC1 the catalogue's pinned rows are checked against the answer key (every marker group and listed row of every folder) ARC-8 C10 10-CHQ-2025-05-0041 missingFromExport with its pinned date another day of the month is refused, naming the row (covered 0)
    ✘ W00c RC1 the catalogue's pinned rows are checked against the answer key (every marker group and listed row of every folder) ARC-8 C10 10-CHQ-2025-05-0042 missingFromExport with its pinned date another day of the month is refused, naming the row (covered 0)
    ✘ W00c RC1 the catalogue's pinned rows are checked against the answer key (every marker group and listed row of every folder) ARC-8 C10 10-CHQ-2025-05-0043 missingFromExport with its pinned date another day of the month is refused, naming the row (covered 0)
    ✘ W00c RC1 the catalogue's pinned rows are checked against the answer key (every marker group and listed row of every folder) ARC-8 C10 10-CHQ-2025-05-0044 missingFromExport with its pinned date another day of the month is refused, naming the row (covered 0)
    ✘ W00c RC1 the catalogue's pinned rows are checked against the answer key (every marker group and listed row of every folder) ARC-8 C10 10-CHQ-2025-05-0045 missingFromExport with its pinned date another day of the month is refused, naming the row (covered 0)
    ✘ W00c RC1 the catalogue's pinned rows are checked against the answer key (every marker group and listed row of every folder) ARC-8 C10 10-CHQ-2025-05-0046 missingFromExport with its pinned date another day of the month is refused, naming the row (covered 0)
    ✘ W00c RC1 the catalogue's pinned rows are checked against the answer key (every marker group and listed row of every folder) ARC-8 C10 10-CHQ-2025-05-0047 missingFromExport with its pinned date another day of the month is refused, naming the row (covered 0)
    ✘ W00c RC1 the catalogue's pinned rows are checked against the answer key (every marker group and listed row of every folder) ARC-8 C10 10-CHQ-2025-05-0048 missingFromExport with its pinned date another day of the month is refused, naming the row (covered 0)
    ✘ W00c RC1 the catalogue's pinned rows are checked against the answer key (every marker group and listed row of every folder) ARC-8 C10 10-CHQ-2025-05-0049 missingFromExport with its pinned date another day of the month is refused, naming the row (covered 0)
    ✘ W00c RC1 the catalogue's pinned rows are checked against the answer key (every marker group and listed row of every folder) ARC-8 C10 10-CHQ-2025-05-0050 missingFromExport with its pinned date another day of the month is refused, naming the row (covered 0)
    ✘ W00c RC1 the catalogue's pinned rows are checked against the answer key (every marker group and listed row of every folder) ARC-8 C10 10-CHQ-2025-05-0051 missingFromExport with its pinned date another day of the month is refused, naming the row (covered 0)
    ✘ W00c RC1 the catalogue's pinned rows are checked against the answer key (every marker group and listed row of every folder) ARC-8 C10 10-CHQ-2025-05-0052 missingFromExport with its pinned date another day of the month is refused, naming the row (covered 0)
    ✘ W00c RC1 the catalogue's pinned rows are checked against the answer key (every marker group and listed row of every folder) ARC-8 C10 10-CHQ-2025-05-0053 missingFromExport with its pinned date another day of the month is refused, naming the row (covered 0)
    ✘ W00c RC1 the catalogue's pinned rows are checked against the answer key (every marker group and listed row of every folder) ARC-8 C10 10-CHQ-2025-05-0054 missingFromExport with its pinned date another day of the month is refused, naming the row (covered 0)
    ✘ W00c RC1 the catalogue's pinned rows are checked against the answer key (every marker group and listed row of every folder) ARC-8 C10 10-CHQ-2025-05-0055 missingFromExport with its pinned date another day of the month is refused, naming the row (covered 0)
    ✘ W00c RC1 the catalogue's pinned rows are checked against the answer key (every marker group and listed row of every folder) ARC-8 C10 10-CHQ-2025-05-0056 missingFromExport with its pinned date another day of the month is refused, naming the row (covered 0)
    ✘ W00c RC1 the catalogue's pinned rows are checked against the answer key (every marker group and listed row of every folder) ARC-8 C10 10-CHQ-2025-03-0009 dupOf with its pinned dupOf naming another transaction is refused, naming the row (covered 0)
    ✘ W00c RC1 the catalogue's pinned rows are checked against the answer key (every marker group and listed row of every folder) ARC-8 C10 10-CHQ-2025-03-0011 dupOf with its pinned dupOf naming another transaction is refused, naming the row (covered 0)
    ✘ W00c RC1 the catalogue's pinned rows are checked against the answer key (every marker group and listed row of every folder) ARC-8 C10 10-CHQ-2025-03-0049 dupOf with its pinned dupOf naming another transaction is refused, naming the row (covered 0)
    ✘ W00c RC1 the catalogue's pinned rows are checked against the answer key (every marker group and listed row of every folder) ARC-8 C10 10-CHQ-2025-03-0053 dupOf with its pinned dupOf naming another transaction is refused, naming the row (covered 0)
    ✘ W00c RC1 the catalogue's pinned rows are checked against the answer key (every marker group and listed row of every folder) ARC-8 C10 priorYear CHQ 2024-12 with the entry's account changed to another account of the client is refused, naming the entry or its rows (covered 0)
    ✘ W00c RC1 the catalogue's pinned rows are checked against the answer key (every marker group and listed row of every folder) ARC-8 C10 dupOf CHQ 2025-03 with the entry's account changed to another account of the client is refused, naming the entry or its rows (covered 0)
    ✘ W00c RC1 the catalogue's pinned rows are checked against the answer key (every marker group and listed row of every folder) ARC-8 C10 missingFromExport CHQ 2025-05 with the entry's account changed to another account of the client is refused, naming the entry or its rows (covered 0)
    ✘ W00c RC1 dupOf names a real, unmarked original with the same account, date and amount (every dup row of every folder; pins kept true) ARC-8 C10 10-CHQ-2025-03-0009 dupOf pointing at no transaction is refused, naming the row (covered 0)
    ✘ W00c RC1 dupOf names a real, unmarked original with the same account, date and amount (every dup row of every folder; pins kept true) ARC-8 C10 10-CHQ-2025-03-0011 dupOf pointing at no transaction is refused, naming the row (covered 0)
    ✘ W00c RC1 dupOf names a real, unmarked original with the same account, date and amount (every dup row of every folder; pins kept true) ARC-8 C10 10-CHQ-2025-03-0049 dupOf pointing at no transaction is refused, naming the row (covered 0)
    ✘ W00c RC1 dupOf names a real, unmarked original with the same account, date and amount (every dup row of every folder; pins kept true) ARC-8 C10 10-CHQ-2025-03-0053 dupOf pointing at no transaction is refused, naming the row (covered 0)
    ✘ W00c RC1 dupOf names a real, unmarked original with the same account, date and amount (every dup row of every folder; pins kept true) ARC-8 C10 10-CHQ-2025-03-0009 dupOf pointing at itself is refused, naming the row (covered 0)
    ✘ W00c RC1 dupOf names a real, unmarked original with the same account, date and amount (every dup row of every folder; pins kept true) ARC-8 C10 10-CHQ-2025-03-0011 dupOf pointing at itself is refused, naming the row (covered 0)
    ✘ W00c RC1 dupOf names a real, unmarked original with the same account, date and amount (every dup row of every folder; pins kept true) ARC-8 C10 10-CHQ-2025-03-0049 dupOf pointing at itself is refused, naming the row (covered 0)
    ✘ W00c RC1 dupOf names a real, unmarked original with the same account, date and amount (every dup row of every folder; pins kept true) ARC-8 C10 10-CHQ-2025-03-0053 dupOf pointing at itself is refused, naming the row (covered 0)
    ✘ W00c RC1 dupOf names a real, unmarked original with the same account, date and amount (every dup row of every folder; pins kept true) ARC-8 C10 10-CHQ-2025-03-0009 dupOf with dupOf "" is refused, naming the row (covered 0)
    ✘ W00c RC1 dupOf names a real, unmarked original with the same account, date and amount (every dup row of every folder; pins kept true) ARC-8 C10 10-CHQ-2025-03-0011 dupOf with dupOf "" is refused, naming the row (covered 0)
    ✘ W00c RC1 dupOf names a real, unmarked original with the same account, date and amount (every dup row of every folder; pins kept true) ARC-8 C10 10-CHQ-2025-03-0049 dupOf with dupOf "" is refused, naming the row (covered 0)
    ✘ W00c RC1 dupOf names a real, unmarked original with the same account, date and amount (every dup row of every folder; pins kept true) ARC-8 C10 10-CHQ-2025-03-0053 dupOf with dupOf "" is refused, naming the row (covered 0)
    ✘ W00c RC1 dupOf names a real, unmarked original with the same account, date and amount (every dup row of every folder; pins kept true) ARC-8 C10 10-CHQ-2025-03-0009 dupOf pointing at a twin of its original in another account (same date and amount, that roll kept) is refused, naming the row (covered 0)
    ✘ W00c RC1 dupOf names a real, unmarked original with the same account, date and amount (every dup row of every folder; pins kept true) ARC-8 C10 10-CHQ-2025-03-0011 dupOf pointing at a twin of its original in another account (same date and amount, that roll kept) is refused, naming the row (covered 0)
    ✘ W00c RC1 dupOf names a real, unmarked original with the same account, date and amount (every dup row of every folder; pins kept true) ARC-8 C10 10-CHQ-2025-03-0049 dupOf pointing at a twin of its original in another account (same date and amount, that roll kept) is refused, naming the row (covered 0)
    ✘ W00c RC1 dupOf names a real, unmarked original with the same account, date and amount (every dup row of every folder; pins kept true) ARC-8 C10 10-CHQ-2025-03-0053 dupOf pointing at a twin of its original in another account (same date and amount, that roll kept) is refused, naming the row (covered 0)
    ✘ W00c RC1 dupOf names a real, unmarked original with the same account, date and amount (every dup row of every folder; pins kept true) ARC-8 C10 10-CHQ-2025-03-0009 dupOf moved to another day of the same month, its pin moved with it (its original keeps its date), is refused, naming the row (covered 0)
    ✘ W00c RC1 dupOf names a real, unmarked original with the same account, date and amount (every dup row of every folder; pins kept true) ARC-8 C10 10-CHQ-2025-03-0011 dupOf moved to another day of the same month, its pin moved with it (its original keeps its date), is refused, naming the row (covered 0)
    ✘ W00c RC1 dupOf names a real, unmarked original with the same account, date and amount (every dup row of every folder; pins kept true) ARC-8 C10 10-CHQ-2025-03-0049 dupOf moved to another day of the same month, its pin moved with it (its original keeps its date), is refused, naming the row (covered 0)
    ✘ W00c RC1 dupOf names a real, unmarked original with the same account, date and amount (every dup row of every folder; pins kept true) ARC-8 C10 10-CHQ-2025-03-0053 dupOf moved to another day of the same month, its pin moved with it (its original keeps its date), is refused, naming the row (covered 0)
    ✘ W00c RC1 dupOf names a real, unmarked original with the same account, date and amount (every dup row of every folder; pins kept true) ARC-13 C10 10-CHQ-2025-03-0009 dupOf one cent away from its original, its pin moved to match, is refused, naming the row (covered 0)
    ✘ W00c RC1 dupOf names a real, unmarked original with the same account, date and amount (every dup row of every folder; pins kept true) ARC-13 C10 10-CHQ-2025-03-0011 dupOf one cent away from its original, its pin moved to match, is refused, naming the row (covered 0)
    ✘ W00c RC1 dupOf names a real, unmarked original with the same account, date and amount (every dup row of every folder; pins kept true) ARC-13 C10 10-CHQ-2025-03-0049 dupOf one cent away from its original, its pin moved to match, is refused, naming the row (covered 0)
    ✘ W00c RC1 dupOf names a real, unmarked original with the same account, date and amount (every dup row of every folder; pins kept true) ARC-13 C10 10-CHQ-2025-03-0053 dupOf one cent away from its original, its pin moved to match, is refused, naming the row (covered 0)
    ✘ W00c RC1 dupOf names a real, unmarked original with the same account, date and amount (every dup row of every folder; pins kept true) ARC-8 C10 10-CHQ-2025-03-0009 dupOf: a planted duplicate of this duplicate (its original is itself marked), pinned, is refused, naming the planted row (covered 0)
    ✘ W00c RC1 dupOf names a real, unmarked original with the same account, date and amount (every dup row of every folder; pins kept true) ARC-8 C10 10-CHQ-2025-03-0011 dupOf: a planted duplicate of this duplicate (its original is itself marked), pinned, is refused, naming the planted row (covered 0)
    ✘ W00c RC1 dupOf names a real, unmarked original with the same account, date and amount (every dup row of every folder; pins kept true) ARC-8 C10 10-CHQ-2025-03-0049 dupOf: a planted duplicate of this duplicate (its original is itself marked), pinned, is refused, naming the planted row (covered 0)
    ✘ W00c RC1 dupOf names a real, unmarked original with the same account, date and amount (every dup row of every folder; pins kept true) ARC-8 C10 10-CHQ-2025-03-0053 dupOf: a planted duplicate of this duplicate (its original is itself marked), pinned, is refused, naming the planted row (covered 0)
    ✘ W00c RC1 dupOf names a real, unmarked original with the same account, date and amount (every dup row of every folder; pins kept true) ARC-8 C10 10-CHQ-2025-03-0009 dupOf: a second duplicate of the same original, pinned, is refused, naming the original (covered 0)
    ✘ W00c RC1 dupOf names a real, unmarked original with the same account, date and amount (every dup row of every folder; pins kept true) ARC-8 C10 10-CHQ-2025-03-0011 dupOf: a second duplicate of the same original, pinned, is refused, naming the original (covered 0)
    ✘ W00c RC1 dupOf names a real, unmarked original with the same account, date and amount (every dup row of every folder; pins kept true) ARC-8 C10 10-CHQ-2025-03-0049 dupOf: a second duplicate of the same original, pinned, is refused, naming the original (covered 0)
    ✘ W00c RC1 dupOf names a real, unmarked original with the same account, date and amount (every dup row of every folder; pins kept true) ARC-8 C10 10-CHQ-2025-03-0053 dupOf: a second duplicate of the same original, pinned, is refused, naming the original (covered 0)
    ✘ W00c RC1 a priorYear row is dated before the fiscal year and listed by id (every priorYear row of every folder) ARC-8 C10 10-CHQ-2024-12-0001 priorYear dated on the first day of the fiscal year, its pin moved there, is refused, naming the row (covered 0)
    ✘ W00c RC1 a priorYear row is dated before the fiscal year and listed by id (every priorYear row of every folder) ARC-8 C10 10-CHQ-2024-12-0002 priorYear dated on the first day of the fiscal year, its pin moved there, is refused, naming the row (covered 0)
    ✘ W00c RC1 a priorYear row is dated before the fiscal year and listed by id (every priorYear row of every folder) ARC-8 C10 10-CHQ-2024-12-0003 priorYear dated on the first day of the fiscal year, its pin moved there, is refused, naming the row (covered 0)
    ✘ W00c RC1 a priorYear row is dated before the fiscal year and listed by id (every priorYear row of every folder) ARC-8 C10 10-CHQ-2024-12-0004 priorYear dated on the first day of the fiscal year, its pin moved there, is refused, naming the row (covered 0)
    ✘ W00c RC1 a priorYear row is dated before the fiscal year and listed by id (every priorYear row of every folder) ARC-8 C10 10-CHQ-2024-12-0005 priorYear dated on the first day of the fiscal year, its pin moved there, is refused, naming the row (covered 0)
    ✘ W00c RC1 a priorYear row is dated before the fiscal year and listed by id (every priorYear row of every folder) ARC-8 C10 10-CHQ-2024-12-0006 priorYear dated on the first day of the fiscal year, its pin moved there, is refused, naming the row (covered 0)
    ✘ W00c RC1 a priorYear row is dated before the fiscal year and listed by id (every priorYear row of every folder) ARC-8 C10 10-CHQ-2024-12-0007 priorYear dated on the first day of the fiscal year, its pin moved there, is refused, naming the row (covered 0)
    ✘ W00c RC1 a priorYear row is dated before the fiscal year and listed by id (every priorYear row of every folder) ARC-8 C10 10-CHQ-2024-12-0008 priorYear dated on the first day of the fiscal year, its pin moved there, is refused, naming the row (covered 0)
    ✘ W00c RC1 a priorYear row is dated before the fiscal year and listed by id (every priorYear row of every folder) ARC-8 C10 10-CHQ-2024-12-0001 priorYear with its pin taken off the catalogue (row unchanged) is refused, naming the row and the field (covered 0)
    ✘ W00c RC1 a priorYear row is dated before the fiscal year and listed by id (every priorYear row of every folder) ARC-8 C10 10-CHQ-2024-12-0002 priorYear with its pin taken off the catalogue (row unchanged) is refused, naming the row and the field (covered 0)
    ✘ W00c RC1 a priorYear row is dated before the fiscal year and listed by id (every priorYear row of every folder) ARC-8 C10 10-CHQ-2024-12-0003 priorYear with its pin taken off the catalogue (row unchanged) is refused, naming the row and the field (covered 0)
    ✘ W00c RC1 a priorYear row is dated before the fiscal year and listed by id (every priorYear row of every folder) ARC-8 C10 10-CHQ-2024-12-0004 priorYear with its pin taken off the catalogue (row unchanged) is refused, naming the row and the field (covered 0)
    ✘ W00c RC1 a priorYear row is dated before the fiscal year and listed by id (every priorYear row of every folder) ARC-8 C10 10-CHQ-2024-12-0005 priorYear with its pin taken off the catalogue (row unchanged) is refused, naming the row and the field (covered 0)
    ✘ W00c RC1 a priorYear row is dated before the fiscal year and listed by id (every priorYear row of every folder) ARC-8 C10 10-CHQ-2024-12-0006 priorYear with its pin taken off the catalogue (row unchanged) is refused, naming the row and the field (covered 0)
    ✘ W00c RC1 a priorYear row is dated before the fiscal year and listed by id (every priorYear row of every folder) ARC-8 C10 10-CHQ-2024-12-0007 priorYear with its pin taken off the catalogue (row unchanged) is refused, naming the row and the field (covered 0)
    ✘ W00c RC1 a priorYear row is dated before the fiscal year and listed by id (every priorYear row of every folder) ARC-8 C10 10-CHQ-2024-12-0008 priorYear with its pin taken off the catalogue (row unchanged) is refused, naming the row and the field (covered 0)
    ✘ W00c RC1 a priorYear row is dated before the fiscal year and listed by id (every priorYear row of every folder) END-9 C01 still loads with the real catalogue under the row-by-row marker rules (covered 0)
    ✘ W00c RC1 a priorYear row is dated before the fiscal year and listed by id (every priorYear row of every folder) END-9 C02 still loads with the real catalogue under the row-by-row marker rules (covered 0)
    ✘ W00c RC1 a priorYear row is dated before the fiscal year and listed by id (every priorYear row of every folder) END-9 C03 still loads with the real catalogue under the row-by-row marker rules (covered 0)
    ✘ W00c RC1 a priorYear row is dated before the fiscal year and listed by id (every priorYear row of every folder) END-9 C04 still loads with the real catalogue under the row-by-row marker rules (covered 0)
    ✘ W00c RC1 a priorYear row is dated before the fiscal year and listed by id (every priorYear row of every folder) END-9 C05 still loads with the real catalogue under the row-by-row marker rules (covered 0)
    ✘ W00c RC1 a priorYear row is dated before the fiscal year and listed by id (every priorYear row of every folder) END-9 C06 still loads with the real catalogue under the row-by-row marker rules (covered 0)
    ✘ W00c RC1 a priorYear row is dated before the fiscal year and listed by id (every priorYear row of every folder) END-9 C07 still loads with the real catalogue under the row-by-row marker rules (covered 0)
    ✘ W00c RC1 a priorYear row is dated before the fiscal year and listed by id (every priorYear row of every folder) END-9 C08 still loads with the real catalogue under the row-by-row marker rules (covered 0)
    ✘ W00c RC1 a priorYear row is dated before the fiscal year and listed by id (every priorYear row of every folder) END-9 C09 still loads with the real catalogue under the row-by-row marker rules (covered 0)
    ✘ W00c RC1 a priorYear row is dated before the fiscal year and listed by id (every priorYear row of every folder) END-9 C10 still loads with the real catalogue under the row-by-row marker rules (covered 0)
    ✘ W00c RC1 a priorYear row is dated before the fiscal year and listed by id (every priorYear row of every folder) END-9 C11 still loads with the real catalogue under the row-by-row marker rules (covered 0)
    ✘ W00c RC1 a priorYear row is dated before the fiscal year and listed by id (every priorYear row of every folder) END-9 C13 still loads with the real catalogue under the row-by-row marker rules (covered 0)
    ✘ W00c RC1 a priorYear row is dated before the fiscal year and listed by id (every priorYear row of every folder) END-9 C14 still loads with the real catalogue under the row-by-row marker rules (covered 0)
    ✘ W00c RC1 a priorYear row is dated before the fiscal year and listed by id (every priorYear row of every folder) END-9 C15 still loads with the real catalogue under the row-by-row marker rules (covered 0)
  money.acceptance.test.ts
    ✘ W00 money converter ARC-13 property: any canonical two-decimal string converts to cents and back to the same string (covered 0)
    ✘ W00 money converter ARC-13 property: strings with no or one decimal convert exactly (up to two decimals are accepted) (covered 0)
    ✘ W00 money converter ARC-13 property: any safe integer of cents goes to a string and back unchanged (covered 0)
    ✘ W00 money converter ARC-13 property: a third decimal or a thousands separator is always refused with a reason (covered 0)
    ✘ W00 money converter ARC-13 "1,234.56" is refused with a reason (card check 2) (covered 0)
    ✘ W00 money converter ARC-13 "1.234" is refused with a reason (card check 2) (covered 0)
    ✘ W00 money converter ARC-13 "1e3" is refused with a reason (card check 2) (covered 0)
    ✘ W00 money converter ARC-13 "" is not a decimal amount and is refused with a reason (covered 0)
    ✘ W00 money converter ARC-13 " " is not a decimal amount and is refused with a reason (covered 0)
    ✘ W00 money converter ARC-13 "abc" is not a decimal amount and is refused with a reason (covered 0)
    ✘ W00 money converter ARC-13 "12.3.4" is not a decimal amount and is refused with a reason (covered 0)
    ✘ W00 money converter ARC-13 "1E3" is not a decimal amount and is refused with a reason (covered 0)
    ✘ W00 money converter ARC-13 "NaN" is not a decimal amount and is refused with a reason (covered 0)
    ✘ W00 money converter ARC-13 "Infinity" is not a decimal amount and is refused with a reason (covered 0)
    ✘ W00 money converter ARC-13 "$12.00" is not a decimal amount and is refused with a reason (covered 0)
    ✘ W00 money converter ARC-13 "12.00 " is not a decimal amount and is refused with a reason (covered 0)
    ✘ W00 money converter ARC-13 "--1.00" is not a decimal amount and is refused with a reason (covered 0)
    ✘ W00 money converter ARC-13 "1 234.56" is not a decimal amount and is refused with a reason (covered 0)
    ✘ W00 money converter ARC-13 "0.29" is exactly 29 cents with no floating-point drift (covered 0)
    ✘ W00 money converter ARC-13 "4.35" is exactly 435 cents with no floating-point drift (covered 0)
    ✘ W00 money converter ARC-13 "1.13" is exactly 113 cents with no floating-point drift (covered 0)
    ✘ W00 money converter ARC-13 "-0.05" is exactly -5 cents with no floating-point drift (covered 0)
    ✘ W00 money converter ARC-13 "8011.69" is exactly 801169 cents with no floating-point drift (covered 0)
    ✘ W00 money converter ARC-13 "131184.97" is exactly 13118497 cents with no floating-point drift (covered 0)
    ✘ W00 money converter ARC-13 "12" is exactly 1200 cents with no floating-point drift (covered 0)
    ✘ W00 money converter ARC-13 "12.5" is exactly 1250 cents with no floating-point drift (covered 0)
    ✘ W00 money converter ARC-13 "0.00" is exactly 0 cents with no floating-point drift (covered 0)
    ✘ W00 money converter ARC-13 "9007199254740.99" is exactly 900719925474099 cents with no floating-point drift (covered 0)
    ✘ W00 money converter ARC-13 29 cents prints as "0.29" (covered 0)
    ✘ W00 money converter ARC-13 -5 cents prints as "-0.05" (covered 0)
    ✘ W00 money converter ARC-13 0 cents prints as "0.00" (covered 0)
    ✘ W00 money converter ARC-13 1200 cents prints as "12.00" (covered 0)
    ✘ W00 money converter ARC-13 -13118497 cents prints as "-131184.97" (covered 0)
    ✘ W00 money converter ARC-13 centsToDecimal refuses 1.5 (not a safe integer of cents) (covered 0)
    ✘ W00 money converter ARC-13 centsToDecimal refuses NaN (not a safe integer of cents) (covered 0)
    ✘ W00 money converter ARC-13 centsToDecimal refuses 9007199254740992 (not a safe integer of cents) (covered 0)
    ✘ W00 money converter ARC-13 there is one strict converter: testworld/model re-exports the one in src/core/money.ts or none (covered 0)
  ranges.acceptance.test.ts
    ✘ W00c RC3 the walk ARC-8 every folder has its four onboarding twins as written dates that agree with its fiscal year, and no unmarked row or adjusting entry outside the year (covered 0)
    ✘ W00c RC3 the walk END-9 C01 loads unchanged under the range and twin rules (covered 0)
    ✘ W00c RC3 the walk END-9 C02 loads unchanged under the range and twin rules (covered 0)
    ✘ W00c RC3 the walk END-9 C03 loads unchanged under the range and twin rules (covered 0)
    ✘ W00c RC3 the walk END-9 C04 loads unchanged under the range and twin rules (covered 0)
    ✘ W00c RC3 the walk END-9 C05 loads unchanged under the range and twin rules (covered 0)
    ✘ W00c RC3 the walk END-9 C06 loads unchanged under the range and twin rules (covered 0)
    ✘ W00c RC3 the walk END-9 C07 loads unchanged under the range and twin rules (covered 0)
    ✘ W00c RC3 the walk END-9 C08 loads unchanged under the range and twin rules (covered 0)
    ✘ W00c RC3 the walk END-9 C09 loads unchanged under the range and twin rules (covered 0)
    ✘ W00c RC3 the walk END-9 C10 loads unchanged under the range and twin rules (covered 0)
    ✘ W00c RC3 the walk END-9 C11 loads unchanged under the range and twin rules (covered 0)
    ✘ W00c RC3 the walk END-9 C12 loads unchanged under the range and twin rules (covered 0)
    ✘ W00c RC3 the walk END-9 C13 loads unchanged under the range and twin rules (covered 0)
    ✘ W00c RC3 the walk END-9 C14 loads unchanged under the range and twin rules (covered 0)
    ✘ W00c RC3 the walk END-9 C15 loads unchanged under the range and twin rules (covered 0)
    ✘ W00c RC3 the fiscal year is ordered and at most 53 weeks (every folder) ARC-8 C01 with fiscal year start and end swapped (onboarding twins swapped to match) is refused with a 'schema' issue naming the fiscal year (covered 0)
    ✘ W00c RC3 the fiscal year is ordered and at most 53 weeks (every folder) ARC-8 C02 with fiscal year start and end swapped (onboarding twins swapped to match) is refused with a 'schema' issue naming the fiscal year (covered 0)
    ✘ W00c RC3 the fiscal year is ordered and at most 53 weeks (every folder) ARC-8 C03 with fiscal year start and end swapped (onboarding twins swapped to match) is refused with a 'schema' issue naming the fiscal year (covered 0)
    ✘ W00c RC3 the fiscal year is ordered and at most 53 weeks (every folder) ARC-8 C04 with fiscal year start and end swapped (onboarding twins swapped to match) is refused with a 'schema' issue naming the fiscal year (covered 0)
    ✘ W00c RC3 the fiscal year is ordered and at most 53 weeks (every folder) ARC-8 C05 with fiscal year start and end swapped (onboarding twins swapped to match) is refused with a 'schema' issue naming the fiscal year (covered 0)
    ✘ W00c RC3 the fiscal year is ordered and at most 53 weeks (every folder) ARC-8 C06 with fiscal year start and end swapped (onboarding twins swapped to match) is refused with a 'schema' issue naming the fiscal year (covered 0)
    ✘ W00c RC3 the fiscal year is ordered and at most 53 weeks (every folder) ARC-8 C07 with fiscal year start and end swapped (onboarding twins swapped to match) is refused with a 'schema' issue naming the fiscal year (covered 0)
    ✘ W00c RC3 the fiscal year is ordered and at most 53 weeks (every folder) ARC-8 C08 with fiscal year start and end swapped (onboarding twins swapped to match) is refused with a 'schema' issue naming the fiscal year (covered 0)
    ✘ W00c RC3 the fiscal year is ordered and at most 53 weeks (every folder) ARC-8 C09 with fiscal year start and end swapped (onboarding twins swapped to match) is refused with a 'schema' issue naming the fiscal year (covered 0)
    ✘ W00c RC3 the fiscal year is ordered and at most 53 weeks (every folder) ARC-8 C10 with fiscal year start and end swapped (onboarding twins swapped to match) is refused with a 'schema' issue naming the fiscal year (covered 0)
    ✘ W00c RC3 the fiscal year is ordered and at most 53 weeks (every folder) ARC-8 C11 with fiscal year start and end swapped (onboarding twins swapped to match) is refused with a 'schema' issue naming the fiscal year (covered 0)
    ✘ W00c RC3 the fiscal year is ordered and at most 53 weeks (every folder) ARC-8 C12 with fiscal year start and end swapped (onboarding twins swapped to match) is refused with a 'schema' issue naming the fiscal year (covered 0)
    ✘ W00c RC3 the fiscal year is ordered and at most 53 weeks (every folder) ARC-8 C13 with fiscal year start and end swapped (onboarding twins swapped to match) is refused with a 'schema' issue naming the fiscal year (covered 0)
    ✘ W00c RC3 the fiscal year is ordered and at most 53 weeks (every folder) ARC-8 C14 with fiscal year start and end swapped (onboarding twins swapped to match) is refused with a 'schema' issue naming the fiscal year (covered 0)
    ✘ W00c RC3 the fiscal year is ordered and at most 53 weeks (every folder) ARC-8 C15 with fiscal year start and end swapped (onboarding twins swapped to match) is refused with a 'schema' issue naming the fiscal year (covered 0)
    ✘ W00c RC3 the fiscal year is ordered and at most 53 weeks (every folder) ARC-8 C01 with a 372-day fiscal year (end moved, financial_year_end to match) is refused with a 'schema' issue naming the fiscal year (covered 0)
    ✘ W00c RC3 the fiscal year is ordered and at most 53 weeks (every folder) ARC-8 C02 with a 372-day fiscal year (end moved, financial_year_end to match) is refused with a 'schema' issue naming the fiscal year (covered 0)
    ✘ W00c RC3 the fiscal year is ordered and at most 53 weeks (every folder) ARC-8 C03 with a 372-day fiscal year (end moved, financial_year_end to match) is refused with a 'schema' issue naming the fiscal year (covered 0)
    ✘ W00c RC3 the fiscal year is ordered and at most 53 weeks (every folder) ARC-8 C04 with a 372-day fiscal year (end moved, financial_year_end to match) is refused with a 'schema' issue naming the fiscal year (covered 0)
    ✘ W00c RC3 the fiscal year is ordered and at most 53 weeks (every folder) ARC-8 C05 with a 372-day fiscal year (end moved, financial_year_end to match) is refused with a 'schema' issue naming the fiscal year (covered 0)
    ✘ W00c RC3 the fiscal year is ordered and at most 53 weeks (every folder) ARC-8 C06 with a 372-day fiscal year (end moved, financial_year_end to match) is refused with a 'schema' issue naming the fiscal year (covered 0)
    ✘ W00c RC3 the fiscal year is ordered and at most 53 weeks (every folder) ARC-8 C07 with a 372-day fiscal year (end moved, financial_year_end to match) is refused with a 'schema' issue naming the fiscal year (covered 0)
    ✘ W00c RC3 the fiscal year is ordered and at most 53 weeks (every folder) ARC-8 C08 with a 372-day fiscal year (end moved, financial_year_end to match) is refused with a 'schema' issue naming the fiscal year (covered 0)
    ✘ W00c RC3 the fiscal year is ordered and at most 53 weeks (every folder) ARC-8 C09 with a 372-day fiscal year (end moved, financial_year_end to match) is refused with a 'schema' issue naming the fiscal year (covered 0)
    ✘ W00c RC3 the fiscal year is ordered and at most 53 weeks (every folder) ARC-8 C10 with a 372-day fiscal year (end moved, financial_year_end to match) is refused with a 'schema' issue naming the fiscal year (covered 0)
    ✘ W00c RC3 the fiscal year is ordered and at most 53 weeks (every folder) ARC-8 C11 with a 372-day fiscal year (end moved, financial_year_end to match) is refused with a 'schema' issue naming the fiscal year (covered 0)
    ✘ W00c RC3 the fiscal year is ordered and at most 53 weeks (every folder) ARC-8 C12 with a 372-day fiscal year (end moved, financial_year_end to match) is refused with a 'schema' issue naming the fiscal year (covered 0)
    ✘ W00c RC3 the fiscal year is ordered and at most 53 weeks (every folder) ARC-8 C13 with a 372-day fiscal year (end moved, financial_year_end to match) is refused with a 'schema' issue naming the fiscal year (covered 0)
    ✘ W00c RC3 the fiscal year is ordered and at most 53 weeks (every folder) ARC-8 C14 with a 372-day fiscal year (end moved, financial_year_end to match) is refused with a 'schema' issue naming the fiscal year (covered 0)
    ✘ W00c RC3 the fiscal year is ordered and at most 53 weeks (every folder) ARC-8 C15 with a 372-day fiscal year (end moved, financial_year_end to match) is refused with a 'schema' issue naming the fiscal year (covered 0)
    ✘ W00c RC3 the fiscal year is ordered and at most 53 weeks (every folder) ARC-8 C01 with a 371-day fiscal year (53 weeks, end moved, financial_year_end to match) raises no fiscal-year issue (other checks may still speak) (covered 0)
    ✘ W00c RC3 the fiscal year is ordered and at most 53 weeks (every folder) ARC-8 C02 with a 371-day fiscal year (53 weeks, end moved, financial_year_end to match) raises no fiscal-year issue (other checks may still speak) (covered 0)
    ✘ W00c RC3 the fiscal year is ordered and at most 53 weeks (every folder) ARC-8 C03 with a 371-day fiscal year (53 weeks, end moved, financial_year_end to match) raises no fiscal-year issue (other checks may still speak) (covered 0)
    ✘ W00c RC3 the fiscal year is ordered and at most 53 weeks (every folder) ARC-8 C04 with a 371-day fiscal year (53 weeks, end moved, financial_year_end to match) raises no fiscal-year issue (other checks may still speak) (covered 0)
    ✘ W00c RC3 the fiscal year is ordered and at most 53 weeks (every folder) ARC-8 C05 with a 371-day fiscal year (53 weeks, end moved, financial_year_end to match) raises no fiscal-year issue (other checks may still speak) (covered 0)
    ✘ W00c RC3 the fiscal year is ordered and at most 53 weeks (every folder) ARC-8 C06 with a 371-day fiscal year (53 weeks, end moved, financial_year_end to match) raises no fiscal-year issue (other checks may still speak) (covered 0)
    ✘ W00c RC3 the fiscal year is ordered and at most 53 weeks (every folder) ARC-8 C07 with a 371-day fiscal year (53 weeks, end moved, financial_year_end to match) raises no fiscal-year issue (other checks may still speak) (covered 0)
    ✘ W00c RC3 the fiscal year is ordered and at most 53 weeks (every folder) ARC-8 C08 with a 371-day fiscal year (53 weeks, end moved, financial_year_end to match) raises no fiscal-year issue (other checks may still speak) (covered 0)
    ✘ W00c RC3 the fiscal year is ordered and at most 53 weeks (every folder) ARC-8 C09 with a 371-day fiscal year (53 weeks, end moved, financial_year_end to match) raises no fiscal-year issue (other checks may still speak) (covered 0)
    ✘ W00c RC3 the fiscal year is ordered and at most 53 weeks (every folder) ARC-8 C10 with a 371-day fiscal year (53 weeks, end moved, financial_year_end to match) raises no fiscal-year issue (other checks may still speak) (covered 0)
    ✘ W00c RC3 the fiscal year is ordered and at most 53 weeks (every folder) ARC-8 C11 with a 371-day fiscal year (53 weeks, end moved, financial_year_end to match) raises no fiscal-year issue (other checks may still speak) (covered 0)
    ✘ W00c RC3 the fiscal year is ordered and at most 53 weeks (every folder) ARC-8 C12 with a 371-day fiscal year (53 weeks, end moved, financial_year_end to match) raises no fiscal-year issue (other checks may still speak) (covered 0)
    ✘ W00c RC3 the fiscal year is ordered and at most 53 weeks (every folder) ARC-8 C13 with a 371-day fiscal year (53 weeks, end moved, financial_year_end to match) raises no fiscal-year issue (other checks may still speak) (covered 0)
    ✘ W00c RC3 the fiscal year is ordered and at most 53 weeks (every folder) ARC-8 C14 with a 371-day fiscal year (53 weeks, end moved, financial_year_end to match) raises no fiscal-year issue (other checks may still speak) (covered 0)
    ✘ W00c RC3 the fiscal year is ordered and at most 53 weeks (every folder) ARC-8 C15 with a 371-day fiscal year (53 weeks, end moved, financial_year_end to match) raises no fiscal-year issue (other checks may still speak) (covered 0)
    ✘ W00c RC3 the onboarding twins are calendar dates (every twin of every folder) ARC-8 C01 financial_year_end written as February 30 is refused, naming the field (covered 0)
    ✘ W00c RC3 the onboarding twins are calendar dates (every twin of every folder) ARC-8 C01 financial_year_end written as month 13 is refused, naming the field (covered 0)
    ✘ W00c RC3 the onboarding twins are calendar dates (every twin of every folder) ARC-8 C01 financial_year_end written as no day is refused, naming the field (covered 0)
    ✘ W00c RC3 the onboarding twins are calendar dates (every twin of every folder) ARC-8 C01 fiscal_year_start written as February 30 is refused, naming the field (covered 0)
    ✘ W00c RC3 the onboarding twins are calendar dates (every twin of every folder) ARC-8 C01 fiscal_year_start written as month 13 is refused, naming the field (covered 0)
    ✘ W00c RC3 the onboarding twins are calendar dates (every twin of every folder) ARC-8 C01 fiscal_year_start written as no day is refused, naming the field (covered 0)
    ✘ W00c RC3 the onboarding twins are calendar dates (every twin of every folder) ARC-8 C01 incorporation_date written as February 30 is refused, naming the field (covered 0)
    ✘ W00c RC3 the onboarding twins are calendar dates (every twin of every folder) ARC-8 C01 incorporation_date written as month 13 is refused, naming the field (covered 0)
    ✘ W00c RC3 the onboarding twins are calendar dates (every twin of every folder) ARC-8 C01 incorporation_date written as no day is refused, naming the field (covered 0)
    ✘ W00c RC3 the onboarding twins are calendar dates (every twin of every folder) ARC-8 C01 as_of written as February 30 is refused, naming the field (covered 0)
    ✘ W00c RC3 the onboarding twins are calendar dates (every twin of every folder) ARC-8 C01 as_of written as month 13 is refused, naming the field (covered 0)
    ✘ W00c RC3 the onboarding twins are calendar dates (every twin of every folder) ARC-8 C01 as_of written as no day is refused, naming the field (covered 0)
    ✘ W00c RC3 the onboarding twins are calendar dates (every twin of every folder) ARC-8 C02 financial_year_end written as February 30 is refused, naming the field (covered 0)
    ✘ W00c RC3 the onboarding twins are calendar dates (every twin of every folder) ARC-8 C02 financial_year_end written as month 13 is refused, naming the field (covered 0)
    ✘ W00c RC3 the onboarding twins are calendar dates (every twin of every folder) ARC-8 C02 financial_year_end written as no day is refused, naming the field (covered 0)
    ✘ W00c RC3 the onboarding twins are calendar dates (every twin of every folder) ARC-8 C02 fiscal_year_start written as February 30 is refused, naming the field (covered 0)
    ✘ W00c RC3 the onboarding twins are calendar dates (every twin of every folder) ARC-8 C02 fiscal_year_start written as month 13 is refused, naming the field (covered 0)
    ✘ W00c RC3 the onboarding twins are calendar dates (every twin of every folder) ARC-8 C02 fiscal_year_start written as no day is refused, naming the field (covered 0)
    ✘ W00c RC3 the onboarding twins are calendar dates (every twin of every folder) ARC-8 C02 incorporation_date written as February 30 is refused, naming the field (covered 0)
    ✘ W00c RC3 the onboarding twins are calendar dates (every twin of every folder) ARC-8 C02 incorporation_date written as month 13 is refused, naming the field (covered 0)
    ✘ W00c RC3 the onboarding twins are calendar dates (every twin of every folder) ARC-8 C02 incorporation_date written as no day is refused, naming the field (covered 0)
    ✘ W00c RC3 the onboarding twins are calendar dates (every twin of every folder) ARC-8 C02 as_of written as February 30 is refused, naming the field (covered 0)
    ✘ W00c RC3 the onboarding twins are calendar dates (every twin of every folder) ARC-8 C02 as_of written as month 13 is refused, naming the field (covered 0)
    ✘ W00c RC3 the onboarding twins are calendar dates (every twin of every folder) ARC-8 C02 as_of written as no day is refused, naming the field (covered 0)
    ✘ W00c RC3 the onboarding twins are calendar dates (every twin of every folder) ARC-8 C03 financial_year_end written as February 30 is refused, naming the field (covered 0)
    ✘ W00c RC3 the onboarding twins are calendar dates (every twin of every folder) ARC-8 C03 financial_year_end written as month 13 is refused, naming the field (covered 0)
    ✘ W00c RC3 the onboarding twins are calendar dates (every twin of every folder) ARC-8 C03 financial_year_end written as no day is refused, naming the field (covered 0)
    ✘ W00c RC3 the onboarding twins are calendar dates (every twin of every folder) ARC-8 C03 fiscal_year_start written as February 30 is refused, naming the field (covered 0)
    ✘ W00c RC3 the onboarding twins are calendar dates (every twin of every folder) ARC-8 C03 fiscal_year_start written as month 13 is refused, naming the field (covered 0)
    ✘ W00c RC3 the onboarding twins are calendar dates (every twin of every folder) ARC-8 C03 fiscal_year_start written as no day is refused, naming the field (covered 0)
    ✘ W00c RC3 the onboarding twins are calendar dates (every twin of every folder) ARC-8 C03 incorporation_date written as February 30 is refused, naming the field (covered 0)
    ✘ W00c RC3 the onboarding twins are calendar dates (every twin of every folder) ARC-8 C03 incorporation_date written as month 13 is refused, naming the field (covered 0)
    ✘ W00c RC3 the onboarding twins are calendar dates (every twin of every folder) ARC-8 C03 incorporation_date written as no day is refused, naming the field (covered 0)
    ✘ W00c RC3 the onboarding twins are calendar dates (every twin of every folder) ARC-8 C03 as_of written as February 30 is refused, naming the field (covered 0)
    ✘ W00c RC3 the onboarding twins are calendar dates (every twin of every folder) ARC-8 C03 as_of written as month 13 is refused, naming the field (covered 0)
    ✘ W00c RC3 the onboarding twins are calendar dates (every twin of every folder) ARC-8 C03 as_of written as no day is refused, naming the field (covered 0)
    ✘ W00c RC3 the onboarding twins are calendar dates (every twin of every folder) ARC-8 C04 financial_year_end written as February 30 is refused, naming the field (covered 0)
    ✘ W00c RC3 the onboarding twins are calendar dates (every twin of every folder) ARC-8 C04 financial_year_end written as month 13 is refused, naming the field (covered 0)
    ✘ W00c RC3 the onboarding twins are calendar dates (every twin of every folder) ARC-8 C04 financial_year_end written as no day is refused, naming the field (covered 0)
    ✘ W00c RC3 the onboarding twins are calendar dates (every twin of every folder) ARC-8 C04 fiscal_year_start written as February 30 is refused, naming the field (covered 0)
    ✘ W00c RC3 the onboarding twins are calendar dates (every twin of every folder) ARC-8 C04 fiscal_year_start written as month 13 is refused, naming the field (covered 0)
    ✘ W00c RC3 the onboarding twins are calendar dates (every twin of every folder) ARC-8 C04 fiscal_year_start written as no day is refused, naming the field (covered 0)
    ✘ W00c RC3 the onboarding twins are calendar dates (every twin of every folder) ARC-8 C04 incorporation_date written as February 30 is refused, naming the field (covered 0)
    ✘ W00c RC3 the onboarding twins are calendar dates (every twin of every folder) ARC-8 C04 incorporation_date written as month 13 is refused, naming the field (covered 0)
    ✘ W00c RC3 the onboarding twins are calendar dates (every twin of every folder) ARC-8 C04 incorporation_date written as no day is refused, naming the field (covered 0)
    ✘ W00c RC3 the onboarding twins are calendar dates (every twin of every folder) ARC-8 C04 as_of written as February 30 is refused, naming the field (covered 0)
    ✘ W00c RC3 the onboarding twins are calendar dates (every twin of every folder) ARC-8 C04 as_of written as month 13 is refused, naming the field (covered 0)
    ✘ W00c RC3 the onboarding twins are calendar dates (every twin of every folder) ARC-8 C04 as_of written as no day is refused, naming the field (covered 0)
    ✘ W00c RC3 the onboarding twins are calendar dates (every twin of every folder) ARC-8 C05 financial_year_end written as February 30 is refused, naming the field (covered 0)
    ✘ W00c RC3 the onboarding twins are calendar dates (every twin of every folder) ARC-8 C05 financial_year_end written as month 13 is refused, naming the field (covered 0)
    ✘ W00c RC3 the onboarding twins are calendar dates (every twin of every folder) ARC-8 C05 financial_year_end written as no day is refused, naming the field (covered 0)
    ✘ W00c RC3 the onboarding twins are calendar dates (every twin of every folder) ARC-8 C05 fiscal_year_start written as February 30 is refused, naming the field (covered 0)
    ✘ W00c RC3 the onboarding twins are calendar dates (every twin of every folder) ARC-8 C05 fiscal_year_start written as month 13 is refused, naming the field (covered 0)
    ✘ W00c RC3 the onboarding twins are calendar dates (every twin of every folder) ARC-8 C05 fiscal_year_start written as no day is refused, naming the field (covered 0)
    ✘ W00c RC3 the onboarding twins are calendar dates (every twin of every folder) ARC-8 C05 incorporation_date written as February 30 is refused, naming the field (covered 0)
    ✘ W00c RC3 the onboarding twins are calendar dates (every twin of every folder) ARC-8 C05 incorporation_date written as month 13 is refused, naming the field (covered 0)
    ✘ W00c RC3 the onboarding twins are calendar dates (every twin of every folder) ARC-8 C05 incorporation_date written as no day is refused, naming the field (covered 0)
    ✘ W00c RC3 the onboarding twins are calendar dates (every twin of every folder) ARC-8 C05 as_of written as February 30 is refused, naming the field (covered 0)
    ✘ W00c RC3 the onboarding twins are calendar dates (every twin of every folder) ARC-8 C05 as_of written as month 13 is refused, naming the field (covered 0)
    ✘ W00c RC3 the onboarding twins are calendar dates (every twin of every folder) ARC-8 C05 as_of written as no day is refused, naming the field (covered 0)
    ✘ W00c RC3 the onboarding twins are calendar dates (every twin of every folder) ARC-8 C06 financial_year_end written as February 30 is refused, naming the field (covered 0)
    ✘ W00c RC3 the onboarding twins are calendar dates (every twin of every folder) ARC-8 C06 financial_year_end written as month 13 is refused, naming the field (covered 0)
    ✘ W00c RC3 the onboarding twins are calendar dates (every twin of every folder) ARC-8 C06 financial_year_end written as no day is refused, naming the field (covered 0)
    ✘ W00c RC3 the onboarding twins are calendar dates (every twin of every folder) ARC-8 C06 fiscal_year_start written as February 30 is refused, naming the field (covered 0)
    ✘ W00c RC3 the onboarding twins are calendar dates (every twin of every folder) ARC-8 C06 fiscal_year_start written as month 13 is refused, naming the field (covered 0)
    ✘ W00c RC3 the onboarding twins are calendar dates (every twin of every folder) ARC-8 C06 fiscal_year_start written as no day is refused, naming the field (covered 0)
    ✘ W00c RC3 the onboarding twins are calendar dates (every twin of every folder) ARC-8 C06 incorporation_date written as February 30 is refused, naming the field (covered 0)
    ✘ W00c RC3 the onboarding twins are calendar dates (every twin of every folder) ARC-8 C06 incorporation_date written as month 13 is refused, naming the field (covered 0)
    ✘ W00c RC3 the onboarding twins are calendar dates (every twin of every folder) ARC-8 C06 incorporation_date written as no day is refused, naming the field (covered 0)
    ✘ W00c RC3 the onboarding twins are calendar dates (every twin of every folder) ARC-8 C06 as_of written as February 30 is refused, naming the field (covered 0)
    ✘ W00c RC3 the onboarding twins are calendar dates (every twin of every folder) ARC-8 C06 as_of written as month 13 is refused, naming the field (covered 0)
    ✘ W00c RC3 the onboarding twins are calendar dates (every twin of every folder) ARC-8 C06 as_of written as no day is refused, naming the field (covered 0)
    ✘ W00c RC3 the onboarding twins are calendar dates (every twin of every folder) ARC-8 C07 financial_year_end written as February 30 is refused, naming the field (covered 0)
    ✘ W00c RC3 the onboarding twins are calendar dates (every twin of every folder) ARC-8 C07 financial_year_end written as month 13 is refused, naming the field (covered 0)
    ✘ W00c RC3 the onboarding twins are calendar dates (every twin of every folder) ARC-8 C07 financial_year_end written as no day is refused, naming the field (covered 0)
    ✘ W00c RC3 the onboarding twins are calendar dates (every twin of every folder) ARC-8 C07 fiscal_year_start written as February 30 is refused, naming the field (covered 0)
    ✘ W00c RC3 the onboarding twins are calendar dates (every twin of every folder) ARC-8 C07 fiscal_year_start written as month 13 is refused, naming the field (covered 0)
    ✘ W00c RC3 the onboarding twins are calendar dates (every twin of every folder) ARC-8 C07 fiscal_year_start written as no day is refused, naming the field (covered 0)
    ✘ W00c RC3 the onboarding twins are calendar dates (every twin of every folder) ARC-8 C07 incorporation_date written as February 30 is refused, naming the field (covered 0)
    ✘ W00c RC3 the onboarding twins are calendar dates (every twin of every folder) ARC-8 C07 incorporation_date written as month 13 is refused, naming the field (covered 0)
    ✘ W00c RC3 the onboarding twins are calendar dates (every twin of every folder) ARC-8 C07 incorporation_date written as no day is refused, naming the field (covered 0)
    ✘ W00c RC3 the onboarding twins are calendar dates (every twin of every folder) ARC-8 C07 as_of written as February 30 is refused, naming the field (covered 0)
    ✘ W00c RC3 the onboarding twins are calendar dates (every twin of every folder) ARC-8 C07 as_of written as month 13 is refused, naming the field (covered 0)
    ✘ W00c RC3 the onboarding twins are calendar dates (every twin of every folder) ARC-8 C07 as_of written as no day is refused, naming the field (covered 0)
    ✘ W00c RC3 the onboarding twins are calendar dates (every twin of every folder) ARC-8 C08 financial_year_end written as February 30 is refused, naming the field (covered 0)
    ✘ W00c RC3 the onboarding twins are calendar dates (every twin of every folder) ARC-8 C08 financial_year_end written as month 13 is refused, naming the field (covered 0)
    ✘ W00c RC3 the onboarding twins are calendar dates (every twin of every folder) ARC-8 C08 financial_year_end written as no day is refused, naming the field (covered 0)
    ✘ W00c RC3 the onboarding twins are calendar dates (every twin of every folder) ARC-8 C08 fiscal_year_start written as February 30 is refused, naming the field (covered 0)
    ✘ W00c RC3 the onboarding twins are calendar dates (every twin of every folder) ARC-8 C08 fiscal_year_start written as month 13 is refused, naming the field (covered 0)
    ✘ W00c RC3 the onboarding twins are calendar dates (every twin of every folder) ARC-8 C08 fiscal_year_start written as no day is refused, naming the field (covered 0)
    ✘ W00c RC3 the onboarding twins are calendar dates (every twin of every folder) ARC-8 C08 incorporation_date written as February 30 is refused, naming the field (covered 0)
    ✘ W00c RC3 the onboarding twins are calendar dates (every twin of every folder) ARC-8 C08 incorporation_date written as month 13 is refused, naming the field (covered 0)
    ✘ W00c RC3 the onboarding twins are calendar dates (every twin of every folder) ARC-8 C08 incorporation_date written as no day is refused, naming the field (covered 0)
    ✘ W00c RC3 the onboarding twins are calendar dates (every twin of every folder) ARC-8 C08 as_of written as February 30 is refused, naming the field (covered 0)
    ✘ W00c RC3 the onboarding twins are calendar dates (every twin of every folder) ARC-8 C08 as_of written as month 13 is refused, naming the field (covered 0)
    ✘ W00c RC3 the onboarding twins are calendar dates (every twin of every folder) ARC-8 C08 as_of written as no day is refused, naming the field (covered 0)
    ✘ W00c RC3 the onboarding twins are calendar dates (every twin of every folder) ARC-8 C09 financial_year_end written as February 30 is refused, naming the field (covered 0)
    ✘ W00c RC3 the onboarding twins are calendar dates (every twin of every folder) ARC-8 C09 financial_year_end written as month 13 is refused, naming the field (covered 0)
    ✘ W00c RC3 the onboarding twins are calendar dates (every twin of every folder) ARC-8 C09 financial_year_end written as no day is refused, naming the field (covered 0)
    ✘ W00c RC3 the onboarding twins are calendar dates (every twin of every folder) ARC-8 C09 fiscal_year_start written as February 30 is refused, naming the field (covered 0)
    ✘ W00c RC3 the onboarding twins are calendar dates (every twin of every folder) ARC-8 C09 fiscal_year_start written as month 13 is refused, naming the field (covered 0)
    ✘ W00c RC3 the onboarding twins are calendar dates (every twin of every folder) ARC-8 C09 fiscal_year_start written as no day is refused, naming the field (covered 0)
    ✘ W00c RC3 the onboarding twins are calendar dates (every twin of every folder) ARC-8 C09 incorporation_date written as February 30 is refused, naming the field (covered 0)
    ✘ W00c RC3 the onboarding twins are calendar dates (every twin of every folder) ARC-8 C09 incorporation_date written as month 13 is refused, naming the field (covered 0)
    ✘ W00c RC3 the onboarding twins are calendar dates (every twin of every folder) ARC-8 C09 incorporation_date written as no day is refused, naming the field (covered 0)
    ✘ W00c RC3 the onboarding twins are calendar dates (every twin of every folder) ARC-8 C09 as_of written as February 30 is refused, naming the field (covered 0)
    ✘ W00c RC3 the onboarding twins are calendar dates (every twin of every folder) ARC-8 C09 as_of written as month 13 is refused, naming the field (covered 0)
    ✘ W00c RC3 the onboarding twins are calendar dates (every twin of every folder) ARC-8 C09 as_of written as no day is refused, naming the field (covered 0)
    ✘ W00c RC3 the onboarding twins are calendar dates (every twin of every folder) ARC-8 C10 financial_year_end written as February 30 is refused, naming the field (covered 0)
    ✘ W00c RC3 the onboarding twins are calendar dates (every twin of every folder) ARC-8 C10 financial_year_end written as month 13 is refused, naming the field (covered 0)
    ✘ W00c RC3 the onboarding twins are calendar dates (every twin of every folder) ARC-8 C10 financial_year_end written as no day is refused, naming the field (covered 0)
    ✘ W00c RC3 the onboarding twins are calendar dates (every twin of every folder) ARC-8 C10 fiscal_year_start written as February 30 is refused, naming the field (covered 0)
    ✘ W00c RC3 the onboarding twins are calendar dates (every twin of every folder) ARC-8 C10 fiscal_year_start written as month 13 is refused, naming the field (covered 0)
    ✘ W00c RC3 the onboarding twins are calendar dates (every twin of every folder) ARC-8 C10 fiscal_year_start written as no day is refused, naming the field (covered 0)
    ✘ W00c RC3 the onboarding twins are calendar dates (every twin of every folder) ARC-8 C10 incorporation_date written as February 30 is refused, naming the field (covered 0)
    ✘ W00c RC3 the onboarding twins are calendar dates (every twin of every folder) ARC-8 C10 incorporation_date written as month 13 is refused, naming the field (covered 0)
    ✘ W00c RC3 the onboarding twins are calendar dates (every twin of every folder) ARC-8 C10 incorporation_date written as no day is refused, naming the field (covered 0)
    ✘ W00c RC3 the onboarding twins are calendar dates (every twin of every folder) ARC-8 C10 as_of written as February 30 is refused, naming the field (covered 0)
    ✘ W00c RC3 the onboarding twins are calendar dates (every twin of every folder) ARC-8 C10 as_of written as month 13 is refused, naming the field (covered 0)
    ✘ W00c RC3 the onboarding twins are calendar dates (every twin of every folder) ARC-8 C10 as_of written as no day is refused, naming the field (covered 0)
    ✘ W00c RC3 the onboarding twins are calendar dates (every twin of every folder) ARC-8 C11 financial_year_end written as February 30 is refused, naming the field (covered 0)
    ✘ W00c RC3 the onboarding twins are calendar dates (every twin of every folder) ARC-8 C11 financial_year_end written as month 13 is refused, naming the field (covered 0)
    ✘ W00c RC3 the onboarding twins are calendar dates (every twin of every folder) ARC-8 C11 financial_year_end written as no day is refused, naming the field (covered 0)
    ✘ W00c RC3 the onboarding twins are calendar dates (every twin of every folder) ARC-8 C11 fiscal_year_start written as February 30 is refused, naming the field (covered 0)
    ✘ W00c RC3 the onboarding twins are calendar dates (every twin of every folder) ARC-8 C11 fiscal_year_start written as month 13 is refused, naming the field (covered 0)
    ✘ W00c RC3 the onboarding twins are calendar dates (every twin of every folder) ARC-8 C11 fiscal_year_start written as no day is refused, naming the field (covered 0)
    ✘ W00c RC3 the onboarding twins are calendar dates (every twin of every folder) ARC-8 C11 incorporation_date written as February 30 is refused, naming the field (covered 0)
    ✘ W00c RC3 the onboarding twins are calendar dates (every twin of every folder) ARC-8 C11 incorporation_date written as month 13 is refused, naming the field (covered 0)
    ✘ W00c RC3 the onboarding twins are calendar dates (every twin of every folder) ARC-8 C11 incorporation_date written as no day is refused, naming the field (covered 0)
    ✘ W00c RC3 the onboarding twins are calendar dates (every twin of every folder) ARC-8 C11 as_of written as February 30 is refused, naming the field (covered 0)
    ✘ W00c RC3 the onboarding twins are calendar dates (every twin of every folder) ARC-8 C11 as_of written as month 13 is refused, naming the field (covered 0)
    ✘ W00c RC3 the onboarding twins are calendar dates (every twin of every folder) ARC-8 C11 as_of written as no day is refused, naming the field (covered 0)
    ✘ W00c RC3 the onboarding twins are calendar dates (every twin of every folder) ARC-8 C12 financial_year_end written as February 30 is refused, naming the field (covered 0)
    ✘ W00c RC3 the onboarding twins are calendar dates (every twin of every folder) ARC-8 C12 financial_year_end written as month 13 is refused, naming the field (covered 0)
    ✘ W00c RC3 the onboarding twins are calendar dates (every twin of every folder) ARC-8 C12 financial_year_end written as no day is refused, naming the field (covered 0)
    ✘ W00c RC3 the onboarding twins are calendar dates (every twin of every folder) ARC-8 C12 fiscal_year_start written as February 30 is refused, naming the field (covered 0)
    ✘ W00c RC3 the onboarding twins are calendar dates (every twin of every folder) ARC-8 C12 fiscal_year_start written as month 13 is refused, naming the field (covered 0)
    ✘ W00c RC3 the onboarding twins are calendar dates (every twin of every folder) ARC-8 C12 fiscal_year_start written as no day is refused, naming the field (covered 0)
    ✘ W00c RC3 the onboarding twins are calendar dates (every twin of every folder) ARC-8 C12 incorporation_date written as February 30 is refused, naming the field (covered 0)
    ✘ W00c RC3 the onboarding twins are calendar dates (every twin of every folder) ARC-8 C12 incorporation_date written as month 13 is refused, naming the field (covered 0)
    ✘ W00c RC3 the onboarding twins are calendar dates (every twin of every folder) ARC-8 C12 incorporation_date written as no day is refused, naming the field (covered 0)
    ✘ W00c RC3 the onboarding twins are calendar dates (every twin of every folder) ARC-8 C12 as_of written as February 30 is refused, naming the field (covered 0)
    ✘ W00c RC3 the onboarding twins are calendar dates (every twin of every folder) ARC-8 C12 as_of written as month 13 is refused, naming the field (covered 0)
    ✘ W00c RC3 the onboarding twins are calendar dates (every twin of every folder) ARC-8 C12 as_of written as no day is refused, naming the field (covered 0)
    ✘ W00c RC3 the onboarding twins are calendar dates (every twin of every folder) ARC-8 C13 financial_year_end written as February 30 is refused, naming the field (covered 0)
    ✘ W00c RC3 the onboarding twins are calendar dates (every twin of every folder) ARC-8 C13 financial_year_end written as month 13 is refused, naming the field (covered 0)
    ✘ W00c RC3 the onboarding twins are calendar dates (every twin of every folder) ARC-8 C13 financial_year_end written as no day is refused, naming the field (covered 0)
    ✘ W00c RC3 the onboarding twins are calendar dates (every twin of every folder) ARC-8 C13 fiscal_year_start written as February 30 is refused, naming the field (covered 0)
    ✘ W00c RC3 the onboarding twins are calendar dates (every twin of every folder) ARC-8 C13 fiscal_year_start written as month 13 is refused, naming the field (covered 0)
    ✘ W00c RC3 the onboarding twins are calendar dates (every twin of every folder) ARC-8 C13 fiscal_year_start written as no day is refused, naming the field (covered 0)
    ✘ W00c RC3 the onboarding twins are calendar dates (every twin of every folder) ARC-8 C13 incorporation_date written as February 30 is refused, naming the field (covered 0)
    ✘ W00c RC3 the onboarding twins are calendar dates (every twin of every folder) ARC-8 C13 incorporation_date written as month 13 is refused, naming the field (covered 0)
    ✘ W00c RC3 the onboarding twins are calendar dates (every twin of every folder) ARC-8 C13 incorporation_date written as no day is refused, naming the field (covered 0)
    ✘ W00c RC3 the onboarding twins are calendar dates (every twin of every folder) ARC-8 C13 as_of written as February 30 is refused, naming the field (covered 0)
    ✘ W00c RC3 the onboarding twins are calendar dates (every twin of every folder) ARC-8 C13 as_of written as month 13 is refused, naming the field (covered 0)
    ✘ W00c RC3 the onboarding twins are calendar dates (every twin of every folder) ARC-8 C13 as_of written as no day is refused, naming the field (covered 0)
    ✘ W00c RC3 the onboarding twins are calendar dates (every twin of every folder) ARC-8 C14 financial_year_end written as February 30 is refused, naming the field (covered 0)
    ✘ W00c RC3 the onboarding twins are calendar dates (every twin of every folder) ARC-8 C14 financial_year_end written as month 13 is refused, naming the field (covered 0)
    ✘ W00c RC3 the onboarding twins are calendar dates (every twin of every folder) ARC-8 C14 financial_year_end written as no day is refused, naming the field (covered 0)
    ✘ W00c RC3 the onboarding twins are calendar dates (every twin of every folder) ARC-8 C14 fiscal_year_start written as February 30 is refused, naming the field (covered 0)
    ✘ W00c RC3 the onboarding twins are calendar dates (every twin of every folder) ARC-8 C14 fiscal_year_start written as month 13 is refused, naming the field (covered 0)
    ✘ W00c RC3 the onboarding twins are calendar dates (every twin of every folder) ARC-8 C14 fiscal_year_start written as no day is refused, naming the field (covered 0)
    ✘ W00c RC3 the onboarding twins are calendar dates (every twin of every folder) ARC-8 C14 incorporation_date written as February 30 is refused, naming the field (covered 0)
    ✘ W00c RC3 the onboarding twins are calendar dates (every twin of every folder) ARC-8 C14 incorporation_date written as month 13 is refused, naming the field (covered 0)
    ✘ W00c RC3 the onboarding twins are calendar dates (every twin of every folder) ARC-8 C14 incorporation_date written as no day is refused, naming the field (covered 0)
    ✘ W00c RC3 the onboarding twins are calendar dates (every twin of every folder) ARC-8 C14 as_of written as February 30 is refused, naming the field (covered 0)
    ✘ W00c RC3 the onboarding twins are calendar dates (every twin of every folder) ARC-8 C14 as_of written as month 13 is refused, naming the field (covered 0)
    ✘ W00c RC3 the onboarding twins are calendar dates (every twin of every folder) ARC-8 C14 as_of written as no day is refused, naming the field (covered 0)
    ✘ W00c RC3 the onboarding twins are calendar dates (every twin of every folder) ARC-8 C15 financial_year_end written as February 30 is refused, naming the field (covered 0)
    ✘ W00c RC3 the onboarding twins are calendar dates (every twin of every folder) ARC-8 C15 financial_year_end written as month 13 is refused, naming the field (covered 0)
    ✘ W00c RC3 the onboarding twins are calendar dates (every twin of every folder) ARC-8 C15 financial_year_end written as no day is refused, naming the field (covered 0)
    ✘ W00c RC3 the onboarding twins are calendar dates (every twin of every folder) ARC-8 C15 fiscal_year_start written as February 30 is refused, naming the field (covered 0)
    ✘ W00c RC3 the onboarding twins are calendar dates (every twin of every folder) ARC-8 C15 fiscal_year_start written as month 13 is refused, naming the field (covered 0)
    ✘ W00c RC3 the onboarding twins are calendar dates (every twin of every folder) ARC-8 C15 fiscal_year_start written as no day is refused, naming the field (covered 0)
    ✘ W00c RC3 the onboarding twins are calendar dates (every twin of every folder) ARC-8 C15 incorporation_date written as February 30 is refused, naming the field (covered 0)
    ✘ W00c RC3 the onboarding twins are calendar dates (every twin of every folder) ARC-8 C15 incorporation_date written as month 13 is refused, naming the field (covered 0)
    ✘ W00c RC3 the onboarding twins are calendar dates (every twin of every folder) ARC-8 C15 incorporation_date written as no day is refused, naming the field (covered 0)
    ✘ W00c RC3 the onboarding twins are calendar dates (every twin of every folder) ARC-8 C15 as_of written as February 30 is refused, naming the field (covered 0)
    ✘ W00c RC3 the onboarding twins are calendar dates (every twin of every folder) ARC-8 C15 as_of written as month 13 is refused, naming the field (covered 0)
    ✘ W00c RC3 the onboarding twins are calendar dates (every twin of every folder) ARC-8 C15 as_of written as no day is refused, naming the field (covered 0)
    ✘ W00c RC3 the onboarding twins agree with the fiscal year (every twin of every folder) ARC-8 C01 financial_year_end one day later is refused, naming the field (covered 0)
    ✘ W00c RC3 the onboarding twins agree with the fiscal year (every twin of every folder) ARC-8 C01 financial_year_end one day earlier is refused, naming the field (covered 0)
    ✘ W00c RC3 the onboarding twins agree with the fiscal year (every twin of every folder) ARC-8 C01 fiscal_year_start one day later is refused, naming the field (covered 0)
    ✘ W00c RC3 the onboarding twins agree with the fiscal year (every twin of every folder) ARC-8 C01 fiscal_year_start one day earlier is refused, naming the field (covered 0)
    ✘ W00c RC3 the onboarding twins agree with the fiscal year (every twin of every folder) ARC-8 C01 incorporation_date one day after the fiscal year start is refused, naming the field (covered 0)
    ✘ W00c RC3 the onboarding twins agree with the fiscal year (every twin of every folder) ARC-8 C01 as_of one day later is refused, naming the field (covered 0)
    ✘ W00c RC3 the onboarding twins agree with the fiscal year (every twin of every folder) ARC-8 C01 as_of one day earlier is refused, naming the field (covered 0)
    ✘ W00c RC3 the onboarding twins agree with the fiscal year (every twin of every folder) ARC-8 C02 financial_year_end one day later is refused, naming the field (covered 0)
    ✘ W00c RC3 the onboarding twins agree with the fiscal year (every twin of every folder) ARC-8 C02 financial_year_end one day earlier is refused, naming the field (covered 0)
    ✘ W00c RC3 the onboarding twins agree with the fiscal year (every twin of every folder) ARC-8 C02 fiscal_year_start one day later is refused, naming the field (covered 0)
    ✘ W00c RC3 the onboarding twins agree with the fiscal year (every twin of every folder) ARC-8 C02 fiscal_year_start one day earlier is refused, naming the field (covered 0)
    ✘ W00c RC3 the onboarding twins agree with the fiscal year (every twin of every folder) ARC-8 C02 incorporation_date one day after the fiscal year start is refused, naming the field (covered 0)
    ✘ W00c RC3 the onboarding twins agree with the fiscal year (every twin of every folder) ARC-8 C02 as_of one day later is refused, naming the field (covered 0)
    ✘ W00c RC3 the onboarding twins agree with the fiscal year (every twin of every folder) ARC-8 C02 as_of one day earlier is refused, naming the field (covered 0)
    ✘ W00c RC3 the onboarding twins agree with the fiscal year (every twin of every folder) ARC-8 C03 financial_year_end one day later is refused, naming the field (covered 0)
    ✘ W00c RC3 the onboarding twins agree with the fiscal year (every twin of every folder) ARC-8 C03 financial_year_end one day earlier is refused, naming the field (covered 0)
    ✘ W00c RC3 the onboarding twins agree with the fiscal year (every twin of every folder) ARC-8 C03 fiscal_year_start one day later is refused, naming the field (covered 0)
    ✘ W00c RC3 the onboarding twins agree with the fiscal year (every twin of every folder) ARC-8 C03 fiscal_year_start one day earlier is refused, naming the field (covered 0)
    ✘ W00c RC3 the onboarding twins agree with the fiscal year (every twin of every folder) ARC-8 C03 incorporation_date one day after the fiscal year start is refused, naming the field (covered 0)
    ✘ W00c RC3 the onboarding twins agree with the fiscal year (every twin of every folder) ARC-8 C03 as_of one day later is refused, naming the field (covered 0)
    ✘ W00c RC3 the onboarding twins agree with the fiscal year (every twin of every folder) ARC-8 C03 as_of one day earlier is refused, naming the field (covered 0)
    ✘ W00c RC3 the onboarding twins agree with the fiscal year (every twin of every folder) ARC-8 C04 financial_year_end one day later is refused, naming the field (covered 0)
    ✘ W00c RC3 the onboarding twins agree with the fiscal year (every twin of every folder) ARC-8 C04 financial_year_end one day earlier is refused, naming the field (covered 0)
    ✘ W00c RC3 the onboarding twins agree with the fiscal year (every twin of every folder) ARC-8 C04 fiscal_year_start one day later is refused, naming the field (covered 0)
    ✘ W00c RC3 the onboarding twins agree with the fiscal year (every twin of every folder) ARC-8 C04 fiscal_year_start one day earlier is refused, naming the field (covered 0)
    ✘ W00c RC3 the onboarding twins agree with the fiscal year (every twin of every folder) ARC-8 C04 incorporation_date one day after the fiscal year start is refused, naming the field (covered 0)
    ✘ W00c RC3 the onboarding twins agree with the fiscal year (every twin of every folder) ARC-8 C04 as_of one day later is refused, naming the field (covered 0)
    ✘ W00c RC3 the onboarding twins agree with the fiscal year (every twin of every folder) ARC-8 C04 as_of one day earlier is refused, naming the field (covered 0)
    ✘ W00c RC3 the onboarding twins agree with the fiscal year (every twin of every folder) ARC-8 C05 financial_year_end one day later is refused, naming the field (covered 0)
    ✘ W00c RC3 the onboarding twins agree with the fiscal year (every twin of every folder) ARC-8 C05 financial_year_end one day earlier is refused, naming the field (covered 0)
    ✘ W00c RC3 the onboarding twins agree with the fiscal year (every twin of every folder) ARC-8 C05 fiscal_year_start one day later is refused, naming the field (covered 0)
    ✘ W00c RC3 the onboarding twins agree with the fiscal year (every twin of every folder) ARC-8 C05 fiscal_year_start one day earlier is refused, naming the field (covered 0)
    ✘ W00c RC3 the onboarding twins agree with the fiscal year (every twin of every folder) ARC-8 C05 incorporation_date one day after the fiscal year start is refused, naming the field (covered 0)
    ✘ W00c RC3 the onboarding twins agree with the fiscal year (every twin of every folder) ARC-8 C05 as_of one day later is refused, naming the field (covered 0)
    ✘ W00c RC3 the onboarding twins agree with the fiscal year (every twin of every folder) ARC-8 C05 as_of one day earlier is refused, naming the field (covered 0)
    ✘ W00c RC3 the onboarding twins agree with the fiscal year (every twin of every folder) ARC-8 C06 financial_year_end one day later is refused, naming the field (covered 0)
    ✘ W00c RC3 the onboarding twins agree with the fiscal year (every twin of every folder) ARC-8 C06 financial_year_end one day earlier is refused, naming the field (covered 0)
    ✘ W00c RC3 the onboarding twins agree with the fiscal year (every twin of every folder) ARC-8 C06 fiscal_year_start one day later is refused, naming the field (covered 0)
    ✘ W00c RC3 the onboarding twins agree with the fiscal year (every twin of every folder) ARC-8 C06 fiscal_year_start one day earlier is refused, naming the field (covered 0)
    ✘ W00c RC3 the onboarding twins agree with the fiscal year (every twin of every folder) ARC-8 C06 incorporation_date one day after the fiscal year start is refused, naming the field (covered 0)
    ✘ W00c RC3 the onboarding twins agree with the fiscal year (every twin of every folder) ARC-8 C06 as_of one day later is refused, naming the field (covered 0)
    ✘ W00c RC3 the onboarding twins agree with the fiscal year (every twin of every folder) ARC-8 C06 as_of one day earlier is refused, naming the field (covered 0)
    ✘ W00c RC3 the onboarding twins agree with the fiscal year (every twin of every folder) ARC-8 C07 financial_year_end one day later is refused, naming the field (covered 0)
    ✘ W00c RC3 the onboarding twins agree with the fiscal year (every twin of every folder) ARC-8 C07 financial_year_end one day earlier is refused, naming the field (covered 0)
    ✘ W00c RC3 the onboarding twins agree with the fiscal year (every twin of every folder) ARC-8 C07 fiscal_year_start one day later is refused, naming the field (covered 0)
    ✘ W00c RC3 the onboarding twins agree with the fiscal year (every twin of every folder) ARC-8 C07 fiscal_year_start one day earlier is refused, naming the field (covered 0)
    ✘ W00c RC3 the onboarding twins agree with the fiscal year (every twin of every folder) ARC-8 C07 incorporation_date one day after the fiscal year start is refused, naming the field (covered 0)
    ✘ W00c RC3 the onboarding twins agree with the fiscal year (every twin of every folder) ARC-8 C07 as_of one day later is refused, naming the field (covered 0)
    ✘ W00c RC3 the onboarding twins agree with the fiscal year (every twin of every folder) ARC-8 C07 as_of one day earlier is refused, naming the field (covered 0)
    ✘ W00c RC3 the onboarding twins agree with the fiscal year (every twin of every folder) ARC-8 C08 financial_year_end one day later is refused, naming the field (covered 0)
    ✘ W00c RC3 the onboarding twins agree with the fiscal year (every twin of every folder) ARC-8 C08 financial_year_end one day earlier is refused, naming the field (covered 0)
    ✘ W00c RC3 the onboarding twins agree with the fiscal year (every twin of every folder) ARC-8 C08 fiscal_year_start one day later is refused, naming the field (covered 0)
    ✘ W00c RC3 the onboarding twins agree with the fiscal year (every twin of every folder) ARC-8 C08 fiscal_year_start one day earlier is refused, naming the field (covered 0)
    ✘ W00c RC3 the onboarding twins agree with the fiscal year (every twin of every folder) ARC-8 C08 incorporation_date one day after the fiscal year start is refused, naming the field (covered 0)
    ✘ W00c RC3 the onboarding twins agree with the fiscal year (every twin of every folder) ARC-8 C08 as_of one day later is refused, naming the field (covered 0)
    ✘ W00c RC3 the onboarding twins agree with the fiscal year (every twin of every folder) ARC-8 C08 as_of one day earlier is refused, naming the field (covered 0)
    ✘ W00c RC3 the onboarding twins agree with the fiscal year (every twin of every folder) ARC-8 C09 financial_year_end one day later is refused, naming the field (covered 0)
    ✘ W00c RC3 the onboarding twins agree with the fiscal year (every twin of every folder) ARC-8 C09 financial_year_end one day earlier is refused, naming the field (covered 0)
    ✘ W00c RC3 the onboarding twins agree with the fiscal year (every twin of every folder) ARC-8 C09 fiscal_year_start one day later is refused, naming the field (covered 0)
    ✘ W00c RC3 the onboarding twins agree with the fiscal year (every twin of every folder) ARC-8 C09 fiscal_year_start one day earlier is refused, naming the field (covered 0)
    ✘ W00c RC3 the onboarding twins agree with the fiscal year (every twin of every folder) ARC-8 C09 incorporation_date one day after the fiscal year start is refused, naming the field (covered 0)
    ✘ W00c RC3 the onboarding twins agree with the fiscal year (every twin of every folder) ARC-8 C09 as_of one day later is refused, naming the field (covered 0)
    ✘ W00c RC3 the onboarding twins agree with the fiscal year (every twin of every folder) ARC-8 C09 as_of one day earlier is refused, naming the field (covered 0)
    ✘ W00c RC3 the onboarding twins agree with the fiscal year (every twin of every folder) ARC-8 C10 financial_year_end one day later is refused, naming the field (covered 0)
    ✘ W00c RC3 the onboarding twins agree with the fiscal year (every twin of every folder) ARC-8 C10 financial_year_end one day earlier is refused, naming the field (covered 0)
    ✘ W00c RC3 the onboarding twins agree with the fiscal year (every twin of every folder) ARC-8 C10 fiscal_year_start one day later is refused, naming the field (covered 0)
    ✘ W00c RC3 the onboarding twins agree with the fiscal year (every twin of every folder) ARC-8 C10 fiscal_year_start one day earlier is refused, naming the field (covered 0)
    ✘ W00c RC3 the onboarding twins agree with the fiscal year (every twin of every folder) ARC-8 C10 incorporation_date one day after the fiscal year start is refused, naming the field (covered 0)
    ✘ W00c RC3 the onboarding twins agree with the fiscal year (every twin of every folder) ARC-8 C10 as_of one day later is refused, naming the field (covered 0)
    ✘ W00c RC3 the onboarding twins agree with the fiscal year (every twin of every folder) ARC-8 C10 as_of one day earlier is refused, naming the field (covered 0)
    ✘ W00c RC3 the onboarding twins agree with the fiscal year (every twin of every folder) ARC-8 C11 financial_year_end one day later is refused, naming the field (covered 0)
    ✘ W00c RC3 the onboarding twins agree with the fiscal year (every twin of every folder) ARC-8 C11 financial_year_end one day earlier is refused, naming the field (covered 0)
    ✘ W00c RC3 the onboarding twins agree with the fiscal year (every twin of every folder) ARC-8 C11 fiscal_year_start one day later is refused, naming the field (covered 0)
    ✘ W00c RC3 the onboarding twins agree with the fiscal year (every twin of every folder) ARC-8 C11 fiscal_year_start one day earlier is refused, naming the field (covered 0)
    ✘ W00c RC3 the onboarding twins agree with the fiscal year (every twin of every folder) ARC-8 C11 incorporation_date one day after the fiscal year start is refused, naming the field (covered 0)
    ✘ W00c RC3 the onboarding twins agree with the fiscal year (every twin of every folder) ARC-8 C11 as_of one day later is refused, naming the field (covered 0)
    ✘ W00c RC3 the onboarding twins agree with the fiscal year (every twin of every folder) ARC-8 C11 as_of one day earlier is refused, naming the field (covered 0)
    ✘ W00c RC3 the onboarding twins agree with the fiscal year (every twin of every folder) ARC-8 C12 financial_year_end one day later is refused, naming the field (covered 0)
    ✘ W00c RC3 the onboarding twins agree with the fiscal year (every twin of every folder) ARC-8 C12 financial_year_end one day earlier is refused, naming the field (covered 0)
    ✘ W00c RC3 the onboarding twins agree with the fiscal year (every twin of every folder) ARC-8 C12 fiscal_year_start one day later is refused, naming the field (covered 0)
    ✘ W00c RC3 the onboarding twins agree with the fiscal year (every twin of every folder) ARC-8 C12 fiscal_year_start one day earlier is refused, naming the field (covered 0)
    ✘ W00c RC3 the onboarding twins agree with the fiscal year (every twin of every folder) ARC-8 C12 incorporation_date one day after the fiscal year start is refused, naming the field (covered 0)
    ✘ W00c RC3 the onboarding twins agree with the fiscal year (every twin of every folder) ARC-8 C12 as_of one day later is refused, naming the field (covered 0)
    ✘ W00c RC3 the onboarding twins agree with the fiscal year (every twin of every folder) ARC-8 C12 as_of one day earlier is refused, naming the field (covered 0)
    ✘ W00c RC3 the onboarding twins agree with the fiscal year (every twin of every folder) ARC-8 C13 financial_year_end one day later is refused, naming the field (covered 0)
    ✘ W00c RC3 the onboarding twins agree with the fiscal year (every twin of every folder) ARC-8 C13 financial_year_end one day earlier is refused, naming the field (covered 0)
    ✘ W00c RC3 the onboarding twins agree with the fiscal year (every twin of every folder) ARC-8 C13 fiscal_year_start one day later is refused, naming the field (covered 0)
    ✘ W00c RC3 the onboarding twins agree with the fiscal year (every twin of every folder) ARC-8 C13 fiscal_year_start one day earlier is refused, naming the field (covered 0)
    ✘ W00c RC3 the onboarding twins agree with the fiscal year (every twin of every folder) ARC-8 C13 incorporation_date one day after the fiscal year start is refused, naming the field (covered 0)
    ✘ W00c RC3 the onboarding twins agree with the fiscal year (every twin of every folder) ARC-8 C13 as_of one day later is refused, naming the field (covered 0)
    ✘ W00c RC3 the onboarding twins agree with the fiscal year (every twin of every folder) ARC-8 C13 as_of one day earlier is refused, naming the field (covered 0)
    ✘ W00c RC3 the onboarding twins agree with the fiscal year (every twin of every folder) ARC-8 C14 financial_year_end one day later is refused, naming the field (covered 0)
    ✘ W00c RC3 the onboarding twins agree with the fiscal year (every twin of every folder) ARC-8 C14 financial_year_end one day earlier is refused, naming the field (covered 0)
    ✘ W00c RC3 the onboarding twins agree with the fiscal year (every twin of every folder) ARC-8 C14 fiscal_year_start one day later is refused, naming the field (covered 0)
    ✘ W00c RC3 the onboarding twins agree with the fiscal year (every twin of every folder) ARC-8 C14 fiscal_year_start one day earlier is refused, naming the field (covered 0)
    ✘ W00c RC3 the onboarding twins agree with the fiscal year (every twin of every folder) ARC-8 C14 incorporation_date one day after the fiscal year start is refused, naming the field (covered 0)
    ✘ W00c RC3 the onboarding twins agree with the fiscal year (every twin of every folder) ARC-8 C14 as_of one day later is refused, naming the field (covered 0)
    ✘ W00c RC3 the onboarding twins agree with the fiscal year (every twin of every folder) ARC-8 C14 as_of one day earlier is refused, naming the field (covered 0)
    ✘ W00c RC3 the onboarding twins agree with the fiscal year (every twin of every folder) ARC-8 C15 financial_year_end one day later is refused, naming the field (covered 0)
    ✘ W00c RC3 the onboarding twins agree with the fiscal year (every twin of every folder) ARC-8 C15 financial_year_end one day earlier is refused, naming the field (covered 0)
    ✘ W00c RC3 the onboarding twins agree with the fiscal year (every twin of every folder) ARC-8 C15 fiscal_year_start one day later is refused, naming the field (covered 0)
    ✘ W00c RC3 the onboarding twins agree with the fiscal year (every twin of every folder) ARC-8 C15 fiscal_year_start one day earlier is refused, naming the field (covered 0)
    ✘ W00c RC3 the onboarding twins agree with the fiscal year (every twin of every folder) ARC-8 C15 incorporation_date one day after the fiscal year start is refused, naming the field (covered 0)
    ✘ W00c RC3 the onboarding twins agree with the fiscal year (every twin of every folder) ARC-8 C15 as_of one day later is refused, naming the field (covered 0)
    ✘ W00c RC3 the onboarding twins agree with the fiscal year (every twin of every folder) ARC-8 C15 as_of one day earlier is refused, naming the field (covered 0)
    ✘ W00c RC3 the onboarding twins agree with the fiscal year (every twin of every folder) ARC-8 C01 with incorporation_date on the fiscal year start itself still loads (covered 0)
    ✘ W00c RC3 the onboarding twins agree with the fiscal year (every twin of every folder) ARC-8 C02 with incorporation_date on the fiscal year start itself still loads (covered 0)
    ✘ W00c RC3 the onboarding twins agree with the fiscal year (every twin of every folder) ARC-8 C03 with incorporation_date on the fiscal year start itself still loads (covered 0)
    ✘ W00c RC3 the onboarding twins agree with the fiscal year (every twin of every folder) ARC-8 C04 with incorporation_date on the fiscal year start itself still loads (covered 0)
    ✘ W00c RC3 the onboarding twins agree with the fiscal year (every twin of every folder) ARC-8 C05 with incorporation_date on the fiscal year start itself still loads (covered 0)
    ✘ W00c RC3 the onboarding twins agree with the fiscal year (every twin of every folder) ARC-8 C06 with incorporation_date on the fiscal year start itself still loads (covered 0)
    ✘ W00c RC3 the onboarding twins agree with the fiscal year (every twin of every folder) ARC-8 C07 with incorporation_date on the fiscal year start itself still loads (covered 0)
    ✘ W00c RC3 the onboarding twins agree with the fiscal year (every twin of every folder) ARC-8 C08 with incorporation_date on the fiscal year start itself still loads (covered 0)
    ✘ W00c RC3 the onboarding twins agree with the fiscal year (every twin of every folder) ARC-8 C09 with incorporation_date on the fiscal year start itself still loads (covered 0)
    ✘ W00c RC3 the onboarding twins agree with the fiscal year (every twin of every folder) ARC-8 C10 with incorporation_date on the fiscal year start itself still loads (covered 0)
    ✘ W00c RC3 the onboarding twins agree with the fiscal year (every twin of every folder) ARC-8 C11 with incorporation_date on the fiscal year start itself still loads (covered 0)
    ✘ W00c RC3 the onboarding twins agree with the fiscal year (every twin of every folder) ARC-8 C12 with incorporation_date on the fiscal year start itself still loads (covered 0)
    ✘ W00c RC3 the onboarding twins agree with the fiscal year (every twin of every folder) ARC-8 C13 with incorporation_date on the fiscal year start itself still loads (covered 0)
    ✘ W00c RC3 the onboarding twins agree with the fiscal year (every twin of every folder) ARC-8 C14 with incorporation_date on the fiscal year start itself still loads (covered 0)
    ✘ W00c RC3 the onboarding twins agree with the fiscal year (every twin of every folder) ARC-8 C15 with incorporation_date on the fiscal year start itself still loads (covered 0)
    ✘ W00c RC3 unmarked rows and adjusting entries are dated inside the fiscal year ARC-8 C01 with an unmarked zero-amount row dated the day before the fiscal year start is refused, naming the row and the year start date (covered 0)
    ✘ W00c RC3 unmarked rows and adjusting entries are dated inside the fiscal year ARC-8 C02 with an unmarked zero-amount row dated the day before the fiscal year start is refused, naming the row and the year start date (covered 0)
    ✘ W00c RC3 unmarked rows and adjusting entries are dated inside the fiscal year ARC-8 C03 with an unmarked zero-amount row dated the day before the fiscal year start is refused, naming the row and the year start date (covered 0)
    ✘ W00c RC3 unmarked rows and adjusting entries are dated inside the fiscal year ARC-8 C04 with an unmarked zero-amount row dated the day before the fiscal year start is refused, naming the row and the year start date (covered 0)
    ✘ W00c RC3 unmarked rows and adjusting entries are dated inside the fiscal year ARC-8 C05 with an unmarked zero-amount row dated the day before the fiscal year start is refused, naming the row and the year start date (covered 0)
    ✘ W00c RC3 unmarked rows and adjusting entries are dated inside the fiscal year ARC-8 C06 with an unmarked zero-amount row dated the day before the fiscal year start is refused, naming the row and the year start date (covered 0)
    ✘ W00c RC3 unmarked rows and adjusting entries are dated inside the fiscal year ARC-8 C07 with an unmarked zero-amount row dated the day before the fiscal year start is refused, naming the row and the year start date (covered 0)
    ✘ W00c RC3 unmarked rows and adjusting entries are dated inside the fiscal year ARC-8 C08 with an unmarked zero-amount row dated the day before the fiscal year start is refused, naming the row and the year start date (covered 0)
    ✘ W00c RC3 unmarked rows and adjusting entries are dated inside the fiscal year ARC-8 C09 with an unmarked zero-amount row dated the day before the fiscal year start is refused, naming the row and the year start date (covered 0)
    ✘ W00c RC3 unmarked rows and adjusting entries are dated inside the fiscal year ARC-8 C10 with an unmarked zero-amount row dated the day before the fiscal year start is refused, naming the row and the year start date (covered 0)
    ✘ W00c RC3 unmarked rows and adjusting entries are dated inside the fiscal year ARC-8 C11 with an unmarked zero-amount row dated the day before the fiscal year start is refused, naming the row and the year start date (covered 0)
    ✘ W00c RC3 unmarked rows and adjusting entries are dated inside the fiscal year ARC-8 C13 with an unmarked zero-amount row dated the day before the fiscal year start is refused, naming the row and the year start date (covered 0)
    ✘ W00c RC3 unmarked rows and adjusting entries are dated inside the fiscal year ARC-8 C14 with an unmarked zero-amount row dated the day before the fiscal year start is refused, naming the row and the year start date (covered 0)
    ✘ W00c RC3 unmarked rows and adjusting entries are dated inside the fiscal year ARC-8 C15 with an unmarked zero-amount row dated the day before the fiscal year start is refused, naming the row and the year start date (covered 0)
    ✘ W00c RC3 unmarked rows and adjusting entries are dated inside the fiscal year ARC-8 C01 with an unmarked zero-amount row dated the day after the fiscal year end is refused, naming the row and the year end date (covered 0)
    ✘ W00c RC3 unmarked rows and adjusting entries are dated inside the fiscal year ARC-8 C02 with an unmarked zero-amount row dated the day after the fiscal year end is refused, naming the row and the year end date (covered 0)
    ✘ W00c RC3 unmarked rows and adjusting entries are dated inside the fiscal year ARC-8 C03 with an unmarked zero-amount row dated the day after the fiscal year end is refused, naming the row and the year end date (covered 0)
    ✘ W00c RC3 unmarked rows and adjusting entries are dated inside the fiscal year ARC-8 C04 with an unmarked zero-amount row dated the day after the fiscal year end is refused, naming the row and the year end date (covered 0)
    ✘ W00c RC3 unmarked rows and adjusting entries are dated inside the fiscal year ARC-8 C05 with an unmarked zero-amount row dated the day after the fiscal year end is refused, naming the row and the year end date (covered 0)
    ✘ W00c RC3 unmarked rows and adjusting entries are dated inside the fiscal year ARC-8 C06 with an unmarked zero-amount row dated the day after the fiscal year end is refused, naming the row and the year end date (covered 0)
    ✘ W00c RC3 unmarked rows and adjusting entries are dated inside the fiscal year ARC-8 C07 with an unmarked zero-amount row dated the day after the fiscal year end is refused, naming the row and the year end date (covered 0)
    ✘ W00c RC3 unmarked rows and adjusting entries are dated inside the fiscal year ARC-8 C08 with an unmarked zero-amount row dated the day after the fiscal year end is refused, naming the row and the year end date (covered 0)
    ✘ W00c RC3 unmarked rows and adjusting entries are dated inside the fiscal year ARC-8 C09 with an unmarked zero-amount row dated the day after the fiscal year end is refused, naming the row and the year end date (covered 0)
    ✘ W00c RC3 unmarked rows and adjusting entries are dated inside the fiscal year ARC-8 C10 with an unmarked zero-amount row dated the day after the fiscal year end is refused, naming the row and the year end date (covered 0)
    ✘ W00c RC3 unmarked rows and adjusting entries are dated inside the fiscal year ARC-8 C11 with an unmarked zero-amount row dated the day after the fiscal year end is refused, naming the row and the year end date (covered 0)
    ✘ W00c RC3 unmarked rows and adjusting entries are dated inside the fiscal year ARC-8 C13 with an unmarked zero-amount row dated the day after the fiscal year end is refused, naming the row and the year end date (covered 0)
    ✘ W00c RC3 unmarked rows and adjusting entries are dated inside the fiscal year ARC-8 C14 with an unmarked zero-amount row dated the day after the fiscal year end is refused, naming the row and the year end date (covered 0)
    ✘ W00c RC3 unmarked rows and adjusting entries are dated inside the fiscal year ARC-8 C15 with an unmarked zero-amount row dated the day after the fiscal year end is refused, naming the row and the year end date (covered 0)
    ✘ W00c RC3 unmarked rows and adjusting entries are dated inside the fiscal year ARC-8 C01 with the fiscal year start moved one day later (day 2 when the year starts on the 1st; fiscal_year_start and as_of moved to match) and an unmarked zero-amount row dated on the old start is refused, naming the row and the new start date (covered 0)
    ✘ W00c RC3 unmarked rows and adjusting entries are dated inside the fiscal year ARC-8 C02 with the fiscal year start moved one day later (day 2 when the year starts on the 1st; fiscal_year_start and as_of moved to match) and an unmarked zero-amount row dated on the old start is refused, naming the row and the new start date (covered 0)
    ✘ W00c RC3 unmarked rows and adjusting entries are dated inside the fiscal year ARC-8 C03 with the fiscal year start moved one day later (day 2 when the year starts on the 1st; fiscal_year_start and as_of moved to match) and an unmarked zero-amount row dated on the old start is refused, naming the row and the new start date (covered 0)
    ✘ W00c RC3 unmarked rows and adjusting entries are dated inside the fiscal year ARC-8 C04 with the fiscal year start moved one day later (day 2 when the year starts on the 1st; fiscal_year_start and as_of moved to match) and an unmarked zero-amount row dated on the old start is refused, naming the row and the new start date (covered 0)
    ✘ W00c RC3 unmarked rows and adjusting entries are dated inside the fiscal year ARC-8 C05 with the fiscal year start moved one day later (day 2 when the year starts on the 1st; fiscal_year_start and as_of moved to match) and an unmarked zero-amount row dated on the old start is refused, naming the row and the new start date (covered 0)
    ✘ W00c RC3 unmarked rows and adjusting entries are dated inside the fiscal year ARC-8 C06 with the fiscal year start moved one day later (day 2 when the year starts on the 1st; fiscal_year_start and as_of moved to match) and an unmarked zero-amount row dated on the old start is refused, naming the row and the new start date (covered 0)
    ✘ W00c RC3 unmarked rows and adjusting entries are dated inside the fiscal year ARC-8 C07 with the fiscal year start moved one day later (day 2 when the year starts on the 1st; fiscal_year_start and as_of moved to match) and an unmarked zero-amount row dated on the old start is refused, naming the row and the new start date (covered 0)
    ✘ W00c RC3 unmarked rows and adjusting entries are dated inside the fiscal year ARC-8 C08 with the fiscal year start moved one day later (day 2 when the year starts on the 1st; fiscal_year_start and as_of moved to match) and an unmarked zero-amount row dated on the old start is refused, naming the row and the new start date (covered 0)
    ✘ W00c RC3 unmarked rows and adjusting entries are dated inside the fiscal year ARC-8 C09 with the fiscal year start moved one day later (day 2 when the year starts on the 1st; fiscal_year_start and as_of moved to match) and an unmarked zero-amount row dated on the old start is refused, naming the row and the new start date (covered 0)
    ✘ W00c RC3 unmarked rows and adjusting entries are dated inside the fiscal year ARC-8 C10 with the fiscal year start moved one day later (day 2 when the year starts on the 1st; fiscal_year_start and as_of moved to match) and an unmarked zero-amount row dated on the old start is refused, naming the row and the new start date (covered 0)
    ✘ W00c RC3 unmarked rows and adjusting entries are dated inside the fiscal year ARC-8 C11 with the fiscal year start moved one day later (day 2 when the year starts on the 1st; fiscal_year_start and as_of moved to match) and an unmarked zero-amount row dated on the old start is refused, naming the row and the new start date (covered 0)
    ✘ W00c RC3 unmarked rows and adjusting entries are dated inside the fiscal year ARC-8 C13 with the fiscal year start moved one day later (day 2 when the year starts on the 1st; fiscal_year_start and as_of moved to match) and an unmarked zero-amount row dated on the old start is refused, naming the row and the new start date (covered 0)
    ✘ W00c RC3 unmarked rows and adjusting entries are dated inside the fiscal year ARC-8 C14 with the fiscal year start moved one day later (day 2 when the year starts on the 1st; fiscal_year_start and as_of moved to match) and an unmarked zero-amount row dated on the old start is refused, naming the row and the new start date (covered 0)
    ✘ W00c RC3 unmarked rows and adjusting entries are dated inside the fiscal year ARC-8 C15 with the fiscal year start moved one day later (day 2 when the year starts on the 1st; fiscal_year_start and as_of moved to match) and an unmarked zero-amount row dated on the old start is refused, naming the row and the new start date (covered 0)
    ✘ W00c RC3 unmarked rows and adjusting entries are dated inside the fiscal year ARC-8 C01 with the fiscal year end moved one day earlier (the day before the month end; financial_year_end moved to match) and an unmarked zero-amount row dated on the old end is refused, naming the row and the new end date (covered 0)
    ✘ W00c RC3 unmarked rows and adjusting entries are dated inside the fiscal year ARC-8 C02 with the fiscal year end moved one day earlier (the day before the month end; financial_year_end moved to match) and an unmarked zero-amount row dated on the old end is refused, naming the row and the new end date (covered 0)
    ✘ W00c RC3 unmarked rows and adjusting entries are dated inside the fiscal year ARC-8 C03 with the fiscal year end moved one day earlier (the day before the month end; financial_year_end moved to match) and an unmarked zero-amount row dated on the old end is refused, naming the row and the new end date (covered 0)
    ✘ W00c RC3 unmarked rows and adjusting entries are dated inside the fiscal year ARC-8 C04 with the fiscal year end moved one day earlier (the day before the month end; financial_year_end moved to match) and an unmarked zero-amount row dated on the old end is refused, naming the row and the new end date (covered 0)
    ✘ W00c RC3 unmarked rows and adjusting entries are dated inside the fiscal year ARC-8 C05 with the fiscal year end moved one day earlier (the day before the month end; financial_year_end moved to match) and an unmarked zero-amount row dated on the old end is refused, naming the row and the new end date (covered 0)
    ✘ W00c RC3 unmarked rows and adjusting entries are dated inside the fiscal year ARC-8 C06 with the fiscal year end moved one day earlier (the day before the month end; financial_year_end moved to match) and an unmarked zero-amount row dated on the old end is refused, naming the row and the new end date (covered 0)
    ✘ W00c RC3 unmarked rows and adjusting entries are dated inside the fiscal year ARC-8 C07 with the fiscal year end moved one day earlier (the day before the month end; financial_year_end moved to match) and an unmarked zero-amount row dated on the old end is refused, naming the row and the new end date (covered 0)
    ✘ W00c RC3 unmarked rows and adjusting entries are dated inside the fiscal year ARC-8 C08 with the fiscal year end moved one day earlier (the day before the month end; financial_year_end moved to match) and an unmarked zero-amount row dated on the old end is refused, naming the row and the new end date (covered 0)
    ✘ W00c RC3 unmarked rows and adjusting entries are dated inside the fiscal year ARC-8 C09 with the fiscal year end moved one day earlier (the day before the month end; financial_year_end moved to match) and an unmarked zero-amount row dated on the old end is refused, naming the row and the new end date (covered 0)
    ✘ W00c RC3 unmarked rows and adjusting entries are dated inside the fiscal year ARC-8 C10 with the fiscal year end moved one day earlier (the day before the month end; financial_year_end moved to match) and an unmarked zero-amount row dated on the old end is refused, naming the row and the new end date (covered 0)
    ✘ W00c RC3 unmarked rows and adjusting entries are dated inside the fiscal year ARC-8 C11 with the fiscal year end moved one day earlier (the day before the month end; financial_year_end moved to match) and an unmarked zero-amount row dated on the old end is refused, naming the row and the new end date (covered 0)
    ✘ W00c RC3 unmarked rows and adjusting entries are dated inside the fiscal year ARC-8 C13 with the fiscal year end moved one day earlier (the day before the month end; financial_year_end moved to match) and an unmarked zero-amount row dated on the old end is refused, naming the row and the new end date (covered 0)
    ✘ W00c RC3 unmarked rows and adjusting entries are dated inside the fiscal year ARC-8 C14 with the fiscal year end moved one day earlier (the day before the month end; financial_year_end moved to match) and an unmarked zero-amount row dated on the old end is refused, naming the row and the new end date (covered 0)
    ✘ W00c RC3 unmarked rows and adjusting entries are dated inside the fiscal year ARC-8 C15 with the fiscal year end moved one day earlier (the day before the month end; financial_year_end moved to match) and an unmarked zero-amount row dated on the old end is refused, naming the row and the new end date (covered 0)
    ✘ W00c RC3 unmarked rows and adjusting entries are dated inside the fiscal year ARC-8 C01 with an unmarked zero-amount row dated on the fiscal year start and one on its end still loads (covered 0)
    ✘ W00c RC3 unmarked rows and adjusting entries are dated inside the fiscal year ARC-8 C02 with an unmarked zero-amount row dated on the fiscal year start and one on its end still loads (covered 0)
    ✘ W00c RC3 unmarked rows and adjusting entries are dated inside the fiscal year ARC-8 C03 with an unmarked zero-amount row dated on the fiscal year start and one on its end still loads (covered 0)
    ✘ W00c RC3 unmarked rows and adjusting entries are dated inside the fiscal year ARC-8 C04 with an unmarked zero-amount row dated on the fiscal year start and one on its end still loads (covered 0)
    ✘ W00c RC3 unmarked rows and adjusting entries are dated inside the fiscal year ARC-8 C05 with an unmarked zero-amount row dated on the fiscal year start and one on its end still loads (covered 0)
    ✘ W00c RC3 unmarked rows and adjusting entries are dated inside the fiscal year ARC-8 C06 with an unmarked zero-amount row dated on the fiscal year start and one on its end still loads (covered 0)
    ✘ W00c RC3 unmarked rows and adjusting entries are dated inside the fiscal year ARC-8 C07 with an unmarked zero-amount row dated on the fiscal year start and one on its end still loads (covered 0)
    ✘ W00c RC3 unmarked rows and adjusting entries are dated inside the fiscal year ARC-8 C08 with an unmarked zero-amount row dated on the fiscal year start and one on its end still loads (covered 0)
    ✘ W00c RC3 unmarked rows and adjusting entries are dated inside the fiscal year ARC-8 C09 with an unmarked zero-amount row dated on the fiscal year start and one on its end still loads (covered 0)
    ✘ W00c RC3 unmarked rows and adjusting entries are dated inside the fiscal year ARC-8 C10 with an unmarked zero-amount row dated on the fiscal year start and one on its end still loads (covered 0)
    ✘ W00c RC3 unmarked rows and adjusting entries are dated inside the fiscal year ARC-8 C11 with an unmarked zero-amount row dated on the fiscal year start and one on its end still loads (covered 0)
    ✘ W00c RC3 unmarked rows and adjusting entries are dated inside the fiscal year ARC-8 C13 with an unmarked zero-amount row dated on the fiscal year start and one on its end still loads (covered 0)
    ✘ W00c RC3 unmarked rows and adjusting entries are dated inside the fiscal year ARC-8 C14 with an unmarked zero-amount row dated on the fiscal year start and one on its end still loads (covered 0)
    ✘ W00c RC3 unmarked rows and adjusting entries are dated inside the fiscal year ARC-8 C15 with an unmarked zero-amount row dated on the fiscal year start and one on its end still loads (covered 0)
    ✘ W00c RC3 unmarked rows and adjusting entries are dated inside the fiscal year ARC-8 C01 adjusting entry 01-AJE-01 dated the day after the fiscal year end is refused, naming the entry and the bound it breaks (the year start or end date) (covered 0)
    ✘ W00c RC3 unmarked rows and adjusting entries are dated inside the fiscal year ARC-8 C01 adjusting entry 01-AJE-01 dated the day before the fiscal year start is refused, naming the entry and the bound it breaks (the year start or end date) (covered 0)
    ✘ W00c RC3 unmarked rows and adjusting entries are dated inside the fiscal year ARC-8 C02 adjusting entry 02-AJE-01 dated the day after the fiscal year end is refused, naming the entry and the bound it breaks (the year start or end date) (covered 0)
    ✘ W00c RC3 unmarked rows and adjusting entries are dated inside the fiscal year ARC-8 C02 adjusting entry 02-AJE-01 dated the day before the fiscal year start is refused, naming the entry and the bound it breaks (the year start or end date) (covered 0)
    ✘ W00c RC3 unmarked rows and adjusting entries are dated inside the fiscal year ARC-8 C03 adjusting entry 03-AJE-01 dated the day after the fiscal year end is refused, naming the entry and the bound it breaks (the year start or end date) (covered 0)
    ✘ W00c RC3 unmarked rows and adjusting entries are dated inside the fiscal year ARC-8 C03 adjusting entry 03-AJE-01 dated the day before the fiscal year start is refused, naming the entry and the bound it breaks (the year start or end date) (covered 0)
    ✘ W00c RC3 unmarked rows and adjusting entries are dated inside the fiscal year ARC-8 C03 adjusting entry 03-AJE-02 dated the day after the fiscal year end is refused, naming the entry and the bound it breaks (the year start or end date) (covered 0)
    ✘ W00c RC3 unmarked rows and adjusting entries are dated inside the fiscal year ARC-8 C03 adjusting entry 03-AJE-02 dated the day before the fiscal year start is refused, naming the entry and the bound it breaks (the year start or end date) (covered 0)
    ✘ W00c RC3 unmarked rows and adjusting entries are dated inside the fiscal year ARC-8 C04 adjusting entry 04-AJE-01 dated the day after the fiscal year end is refused, naming the entry and the bound it breaks (the year start or end date) (covered 0)
    ✘ W00c RC3 unmarked rows and adjusting entries are dated inside the fiscal year ARC-8 C04 adjusting entry 04-AJE-01 dated the day before the fiscal year start is refused, naming the entry and the bound it breaks (the year start or end date) (covered 0)
    ✘ W00c RC3 unmarked rows and adjusting entries are dated inside the fiscal year ARC-8 C04 adjusting entry 04-AJE-02 dated the day after the fiscal year end is refused, naming the entry and the bound it breaks (the year start or end date) (covered 0)
    ✘ W00c RC3 unmarked rows and adjusting entries are dated inside the fiscal year ARC-8 C04 adjusting entry 04-AJE-02 dated the day before the fiscal year start is refused, naming the entry and the bound it breaks (the year start or end date) (covered 0)
    ✘ W00c RC3 unmarked rows and adjusting entries are dated inside the fiscal year ARC-8 C06 adjusting entry 06-AJE-01 dated the day after the fiscal year end is refused, naming the entry and the bound it breaks (the year start or end date) (covered 0)
    ✘ W00c RC3 unmarked rows and adjusting entries are dated inside the fiscal year ARC-8 C06 adjusting entry 06-AJE-01 dated the day before the fiscal year start is refused, naming the entry and the bound it breaks (the year start or end date) (covered 0)
    ✘ W00c RC3 unmarked rows and adjusting entries are dated inside the fiscal year ARC-8 C06 adjusting entry 06-AJE-02 dated the day after the fiscal year end is refused, naming the entry and the bound it breaks (the year start or end date) (covered 0)
    ✘ W00c RC3 unmarked rows and adjusting entries are dated inside the fiscal year ARC-8 C06 adjusting entry 06-AJE-02 dated the day before the fiscal year start is refused, naming the entry and the bound it breaks (the year start or end date) (covered 0)
    ✘ W00c RC3 unmarked rows and adjusting entries are dated inside the fiscal year ARC-8 C07 adjusting entry 07-AJE-01 dated the day after the fiscal year end is refused, naming the entry and the bound it breaks (the year start or end date) (covered 0)
    ✘ W00c RC3 unmarked rows and adjusting entries are dated inside the fiscal year ARC-8 C07 adjusting entry 07-AJE-01 dated the day before the fiscal year start is refused, naming the entry and the bound it breaks (the year start or end date) (covered 0)
    ✘ W00c RC3 unmarked rows and adjusting entries are dated inside the fiscal year ARC-8 C07 adjusting entry 07-AJE-02 dated the day after the fiscal year end is refused, naming the entry and the bound it breaks (the year start or end date) (covered 0)
    ✘ W00c RC3 unmarked rows and adjusting entries are dated inside the fiscal year ARC-8 C07 adjusting entry 07-AJE-02 dated the day before the fiscal year start is refused, naming the entry and the bound it breaks (the year start or end date) (covered 0)
    ✘ W00c RC3 unmarked rows and adjusting entries are dated inside the fiscal year ARC-8 C07 adjusting entry 07-AJE-03 dated the day after the fiscal year end is refused, naming the entry and the bound it breaks (the year start or end date) (covered 0)
    ✘ W00c RC3 unmarked rows and adjusting entries are dated inside the fiscal year ARC-8 C07 adjusting entry 07-AJE-03 dated the day before the fiscal year start is refused, naming the entry and the bound it breaks (the year start or end date) (covered 0)
    ✘ W00c RC3 unmarked rows and adjusting entries are dated inside the fiscal year ARC-8 C07 adjusting entry 07-AJE-04 dated the day after the fiscal year end is refused, naming the entry and the bound it breaks (the year start or end date) (covered 0)
    ✘ W00c RC3 unmarked rows and adjusting entries are dated inside the fiscal year ARC-8 C07 adjusting entry 07-AJE-04 dated the day before the fiscal year start is refused, naming the entry and the bound it breaks (the year start or end date) (covered 0)
    ✘ W00c RC3 unmarked rows and adjusting entries are dated inside the fiscal year ARC-8 C08 adjusting entry 08-AJE-01 dated the day after the fiscal year end is refused, naming the entry and the bound it breaks (the year start or end date) (covered 0)
    ✘ W00c RC3 unmarked rows and adjusting entries are dated inside the fiscal year ARC-8 C08 adjusting entry 08-AJE-01 dated the day before the fiscal year start is refused, naming the entry and the bound it breaks (the year start or end date) (covered 0)
    ✘ W00c RC3 unmarked rows and adjusting entries are dated inside the fiscal year ARC-8 C08 adjusting entry 08-AJE-02 dated the day after the fiscal year end is refused, naming the entry and the bound it breaks (the year start or end date) (covered 0)
    ✘ W00c RC3 unmarked rows and adjusting entries are dated inside the fiscal year ARC-8 C08 adjusting entry 08-AJE-02 dated the day before the fiscal year start is refused, naming the entry and the bound it breaks (the year start or end date) (covered 0)
    ✘ W00c RC3 unmarked rows and adjusting entries are dated inside the fiscal year ARC-8 C08 adjusting entry 08-AJE-03 dated the day after the fiscal year end is refused, naming the entry and the bound it breaks (the year start or end date) (covered 0)
    ✘ W00c RC3 unmarked rows and adjusting entries are dated inside the fiscal year ARC-8 C08 adjusting entry 08-AJE-03 dated the day before the fiscal year start is refused, naming the entry and the bound it breaks (the year start or end date) (covered 0)
    ✘ W00c RC3 unmarked rows and adjusting entries are dated inside the fiscal year ARC-8 C08 adjusting entry 08-AJE-04 dated the day after the fiscal year end is refused, naming the entry and the bound it breaks (the year start or end date) (covered 0)
    ✘ W00c RC3 unmarked rows and adjusting entries are dated inside the fiscal year ARC-8 C08 adjusting entry 08-AJE-04 dated the day before the fiscal year start is refused, naming the entry and the bound it breaks (the year start or end date) (covered 0)
    ✘ W00c RC3 unmarked rows and adjusting entries are dated inside the fiscal year ARC-8 C08 adjusting entry 08-AJE-05 dated the day after the fiscal year end is refused, naming the entry and the bound it breaks (the year start or end date) (covered 0)
    ✘ W00c RC3 unmarked rows and adjusting entries are dated inside the fiscal year ARC-8 C08 adjusting entry 08-AJE-05 dated the day before the fiscal year start is refused, naming the entry and the bound it breaks (the year start or end date) (covered 0)
    ✘ W00c RC3 unmarked rows and adjusting entries are dated inside the fiscal year ARC-8 C08 adjusting entry 08-AJE-06 dated the day after the fiscal year end is refused, naming the entry and the bound it breaks (the year start or end date) (covered 0)
    ✘ W00c RC3 unmarked rows and adjusting entries are dated inside the fiscal year ARC-8 C08 adjusting entry 08-AJE-06 dated the day before the fiscal year start is refused, naming the entry and the bound it breaks (the year start or end date) (covered 0)
    ✘ W00c RC3 unmarked rows and adjusting entries are dated inside the fiscal year ARC-8 C08 adjusting entry 08-AJE-07 dated the day after the fiscal year end is refused, naming the entry and the bound it breaks (the year start or end date) (covered 0)
    ✘ W00c RC3 unmarked rows and adjusting entries are dated inside the fiscal year ARC-8 C08 adjusting entry 08-AJE-07 dated the day before the fiscal year start is refused, naming the entry and the bound it breaks (the year start or end date) (covered 0)
    ✘ W00c RC3 unmarked rows and adjusting entries are dated inside the fiscal year ARC-8 C08 adjusting entry 08-AJE-08 dated the day after the fiscal year end is refused, naming the entry and the bound it breaks (the year start or end date) (covered 0)
    ✘ W00c RC3 unmarked rows and adjusting entries are dated inside the fiscal year ARC-8 C08 adjusting entry 08-AJE-08 dated the day before the fiscal year start is refused, naming the entry and the bound it breaks (the year start or end date) (covered 0)
    ✘ W00c RC3 unmarked rows and adjusting entries are dated inside the fiscal year ARC-8 C09 adjusting entry 09-AJE-01 dated the day after the fiscal year end is refused, naming the entry and the bound it breaks (the year start or end date) (covered 0)
    ✘ W00c RC3 unmarked rows and adjusting entries are dated inside the fiscal year ARC-8 C09 adjusting entry 09-AJE-01 dated the day before the fiscal year start is refused, naming the entry and the bound it breaks (the year start or end date) (covered 0)
    ✘ W00c RC3 unmarked rows and adjusting entries are dated inside the fiscal year ARC-8 C10 adjusting entry 10-AJE-01 dated the day after the fiscal year end is refused, naming the entry and the bound it breaks (the year start or end date) (covered 0)
    ✘ W00c RC3 unmarked rows and adjusting entries are dated inside the fiscal year ARC-8 C10 adjusting entry 10-AJE-01 dated the day before the fiscal year start is refused, naming the entry and the bound it breaks (the year start or end date) (covered 0)
    ✘ W00c RC3 unmarked rows and adjusting entries are dated inside the fiscal year ARC-8 C11 adjusting entry 11-AJE-01 dated the day after the fiscal year end is refused, naming the entry and the bound it breaks (the year start or end date) (covered 0)
    ✘ W00c RC3 unmarked rows and adjusting entries are dated inside the fiscal year ARC-8 C11 adjusting entry 11-AJE-01 dated the day before the fiscal year start is refused, naming the entry and the bound it breaks (the year start or end date) (covered 0)
    ✘ W00c RC3 unmarked rows and adjusting entries are dated inside the fiscal year ARC-8 C12 adjusting entry 12-AJE-01 dated the day after the fiscal year end is refused, naming the entry and the bound it breaks (the year start or end date) (covered 0)
    ✘ W00c RC3 unmarked rows and adjusting entries are dated inside the fiscal year ARC-8 C12 adjusting entry 12-AJE-01 dated the day before the fiscal year start is refused, naming the entry and the bound it breaks (the year start or end date) (covered 0)
    ✘ W00c RC3 unmarked rows and adjusting entries are dated inside the fiscal year ARC-8 C13 adjusting entry 13-AJE-01 dated the day after the fiscal year end is refused, naming the entry and the bound it breaks (the year start or end date) (covered 0)
    ✘ W00c RC3 unmarked rows and adjusting entries are dated inside the fiscal year ARC-8 C13 adjusting entry 13-AJE-01 dated the day before the fiscal year start is refused, naming the entry and the bound it breaks (the year start or end date) (covered 0)
    ✘ W00c RC3 unmarked rows and adjusting entries are dated inside the fiscal year ARC-8 C13 adjusting entry 13-AJE-02 dated the day after the fiscal year end is refused, naming the entry and the bound it breaks (the year start or end date) (covered 0)
    ✘ W00c RC3 unmarked rows and adjusting entries are dated inside the fiscal year ARC-8 C13 adjusting entry 13-AJE-02 dated the day before the fiscal year start is refused, naming the entry and the bound it breaks (the year start or end date) (covered 0)
    ✘ W00c RC3 unmarked rows and adjusting entries are dated inside the fiscal year ARC-8 C14 adjusting entry 14-AJE-01 dated the day after the fiscal year end is refused, naming the entry and the bound it breaks (the year start or end date) (covered 0)
    ✘ W00c RC3 unmarked rows and adjusting entries are dated inside the fiscal year ARC-8 C14 adjusting entry 14-AJE-01 dated the day before the fiscal year start is refused, naming the entry and the bound it breaks (the year start or end date) (covered 0)
    ✘ W00c RC3 unmarked rows and adjusting entries are dated inside the fiscal year ARC-8 C15 adjusting entry 15-AJE-01 dated the day after the fiscal year end is refused, naming the entry and the bound it breaks (the year start or end date) (covered 0)
    ✘ W00c RC3 unmarked rows and adjusting entries are dated inside the fiscal year ARC-8 C15 adjusting entry 15-AJE-01 dated the day before the fiscal year start is refused, naming the entry and the bound it breaks (the year start or end date) (covered 0)
    ✘ W00c RC3 unmarked rows and adjusting entries are dated inside the fiscal year ARC-8 C01 with every adjusting entry dated on the fiscal year start still loads (covered 0)
    ✘ W00c RC3 unmarked rows and adjusting entries are dated inside the fiscal year ARC-8 C02 with every adjusting entry dated on the fiscal year start still loads (covered 0)
    ✘ W00c RC3 unmarked rows and adjusting entries are dated inside the fiscal year ARC-8 C03 with every adjusting entry dated on the fiscal year start still loads (covered 0)
    ✘ W00c RC3 unmarked rows and adjusting entries are dated inside the fiscal year ARC-8 C04 with every adjusting entry dated on the fiscal year start still loads (covered 0)
    ✘ W00c RC3 unmarked rows and adjusting entries are dated inside the fiscal year ARC-8 C06 with every adjusting entry dated on the fiscal year start still loads (covered 0)
    ✘ W00c RC3 unmarked rows and adjusting entries are dated inside the fiscal year ARC-8 C07 with every adjusting entry dated on the fiscal year start still loads (covered 0)
    ✘ W00c RC3 unmarked rows and adjusting entries are dated inside the fiscal year ARC-8 C08 with every adjusting entry dated on the fiscal year start still loads (covered 0)
    ✘ W00c RC3 unmarked rows and adjusting entries are dated inside the fiscal year ARC-8 C09 with every adjusting entry dated on the fiscal year start still loads (covered 0)
    ✘ W00c RC3 unmarked rows and adjusting entries are dated inside the fiscal year ARC-8 C10 with every adjusting entry dated on the fiscal year start still loads (covered 0)
    ✘ W00c RC3 unmarked rows and adjusting entries are dated inside the fiscal year ARC-8 C11 with every adjusting entry dated on the fiscal year start still loads (covered 0)
    ✘ W00c RC3 unmarked rows and adjusting entries are dated inside the fiscal year ARC-8 C12 with every adjusting entry dated on the fiscal year start still loads (covered 0)
    ✘ W00c RC3 unmarked rows and adjusting entries are dated inside the fiscal year ARC-8 C13 with every adjusting entry dated on the fiscal year start still loads (covered 0)
    ✘ W00c RC3 unmarked rows and adjusting entries are dated inside the fiscal year ARC-8 C14 with every adjusting entry dated on the fiscal year start still loads (covered 0)
    ✘ W00c RC3 unmarked rows and adjusting entries are dated inside the fiscal year ARC-8 C15 with every adjusting entry dated on the fiscal year start still loads (covered 0)
    ✘ W00c RC3 a priorYear row is dated within the 12 months before the fiscal year (every priorYear row of every folder) ARC-8 the walk finds priorYear rows (C10 today) (covered 0)
    ✘ W00c RC3 a priorYear row is dated within the 12 months before the fiscal year (every priorYear row of every folder) ARC-8 C10 10-CHQ-2024-12-0001 dated 13 months before the fiscal year start, its pin moved to match, is refused, naming the row (covered 0)
    ✘ W00c RC3 a priorYear row is dated within the 12 months before the fiscal year (every priorYear row of every folder) ARC-8 C10 10-CHQ-2024-12-0002 dated 13 months before the fiscal year start, its pin moved to match, is refused, naming the row (covered 0)
    ✘ W00c RC3 a priorYear row is dated within the 12 months before the fiscal year (every priorYear row of every folder) ARC-8 C10 10-CHQ-2024-12-0003 dated 13 months before the fiscal year start, its pin moved to match, is refused, naming the row (covered 0)
    ✘ W00c RC3 a priorYear row is dated within the 12 months before the fiscal year (every priorYear row of every folder) ARC-8 C10 10-CHQ-2024-12-0004 dated 13 months before the fiscal year start, its pin moved to match, is refused, naming the row (covered 0)
    ✘ W00c RC3 a priorYear row is dated within the 12 months before the fiscal year (every priorYear row of every folder) ARC-8 C10 10-CHQ-2024-12-0005 dated 13 months before the fiscal year start, its pin moved to match, is refused, naming the row (covered 0)
    ✘ W00c RC3 a priorYear row is dated within the 12 months before the fiscal year (every priorYear row of every folder) ARC-8 C10 10-CHQ-2024-12-0006 dated 13 months before the fiscal year start, its pin moved to match, is refused, naming the row (covered 0)
    ✘ W00c RC3 a priorYear row is dated within the 12 months before the fiscal year (every priorYear row of every folder) ARC-8 C10 10-CHQ-2024-12-0007 dated 13 months before the fiscal year start, its pin moved to match, is refused, naming the row (covered 0)
    ✘ W00c RC3 a priorYear row is dated within the 12 months before the fiscal year (every priorYear row of every folder) ARC-8 C10 10-CHQ-2024-12-0008 dated 13 months before the fiscal year start, its pin moved to match, is refused, naming the row (covered 0)
    ✘ W00c RC3 a priorYear row is dated within the 12 months before the fiscal year (every priorYear row of every folder) ARC-8 C10 10-CHQ-2024-12-0001 dated on the first day of the month 11 months before the fiscal year start, its pin moved to match, still loads (covered 0)
    ✘ W00c RC3 a priorYear row is dated within the 12 months before the fiscal year (every priorYear row of every folder) ARC-8 C10 10-CHQ-2024-12-0002 dated on the first day of the month 11 months before the fiscal year start, its pin moved to match, still loads (covered 0)
    ✘ W00c RC3 a priorYear row is dated within the 12 months before the fiscal year (every priorYear row of every folder) ARC-8 C10 10-CHQ-2024-12-0003 dated on the first day of the month 11 months before the fiscal year start, its pin moved to match, still loads (covered 0)
    ✘ W00c RC3 a priorYear row is dated within the 12 months before the fiscal year (every priorYear row of every folder) ARC-8 C10 10-CHQ-2024-12-0004 dated on the first day of the month 11 months before the fiscal year start, its pin moved to match, still loads (covered 0)
    ✘ W00c RC3 a priorYear row is dated within the 12 months before the fiscal year (every priorYear row of every folder) ARC-8 C10 10-CHQ-2024-12-0005 dated on the first day of the month 11 months before the fiscal year start, its pin moved to match, still loads (covered 0)
    ✘ W00c RC3 a priorYear row is dated within the 12 months before the fiscal year (every priorYear row of every folder) ARC-8 C10 10-CHQ-2024-12-0006 dated on the first day of the month 11 months before the fiscal year start, its pin moved to match, still loads (covered 0)
    ✘ W00c RC3 a priorYear row is dated within the 12 months before the fiscal year (every priorYear row of every folder) ARC-8 C10 10-CHQ-2024-12-0007 dated on the first day of the month 11 months before the fiscal year start, its pin moved to match, still loads (covered 0)
    ✘ W00c RC3 a priorYear row is dated within the 12 months before the fiscal year (every priorYear row of every folder) ARC-8 C10 10-CHQ-2024-12-0008 dated on the first day of the month 11 months before the fiscal year start, its pin moved to match, still loads (covered 0)
    ✘ W00c RC3 February 29 is a date only in a leap year (spec review 3, gap 4: every folder) ARC-8 the walk finds a fiscal year holding a February 29 (C14 today) and years holding a non-leap February (covered 0)
    ✘ W00c RC3 February 29 is a date only in a leap year (spec review 3, gap 4: every folder) ARC-8 C14 with an unmarked zero-amount row and an adjusting entry dated 2024-02-29 (inside its year) still loads (covered 0)
    ✘ W00c RC3 February 29 is a date only in a leap year (spec review 3, gap 4: every folder) ARC-8 C01 with an unmarked zero-amount row and its first adjusting entry dated 2025-02-29 is refused with a 'schema' issue naming each date field as not a calendar date (covered 0)
    ✘ W00c RC3 February 29 is a date only in a leap year (spec review 3, gap 4: every folder) ARC-8 C02 with an unmarked zero-amount row and its first adjusting entry dated 2026-02-29 is refused with a 'schema' issue naming each date field as not a calendar date (covered 0)
    ✘ W00c RC3 February 29 is a date only in a leap year (spec review 3, gap 4: every folder) ARC-8 C03 with an unmarked zero-amount row and its first adjusting entry dated 2025-02-29 is refused with a 'schema' issue naming each date field as not a calendar date (covered 0)
    ✘ W00c RC3 February 29 is a date only in a leap year (spec review 3, gap 4: every folder) ARC-8 C04 with an unmarked zero-amount row and its first adjusting entry dated 2025-02-29 is refused with a 'schema' issue naming each date field as not a calendar date (covered 0)
    ✘ W00c RC3 February 29 is a date only in a leap year (spec review 3, gap 4: every folder) ARC-8 C05 with an unmarked zero-amount row and its first adjusting entry dated 2025-02-29 is refused with a 'schema' issue naming each date field as not a calendar date (covered 0)
    ✘ W00c RC3 February 29 is a date only in a leap year (spec review 3, gap 4: every folder) ARC-8 C06 with an unmarked zero-amount row and its first adjusting entry dated 2025-02-29 is refused with a 'schema' issue naming each date field as not a calendar date (covered 0)
    ✘ W00c RC3 February 29 is a date only in a leap year (spec review 3, gap 4: every folder) ARC-8 C07 with an unmarked zero-amount row and its first adjusting entry dated 2025-02-29 is refused with a 'schema' issue naming each date field as not a calendar date (covered 0)
    ✘ W00c RC3 February 29 is a date only in a leap year (spec review 3, gap 4: every folder) ARC-8 C08 with an unmarked zero-amount row and its first adjusting entry dated 2025-02-29 is refused with a 'schema' issue naming each date field as not a calendar date (covered 0)
    ✘ W00c RC3 February 29 is a date only in a leap year (spec review 3, gap 4: every folder) ARC-8 C10 with an unmarked zero-amount row and its first adjusting entry dated 2025-02-29 is refused with a 'schema' issue naming each date field as not a calendar date (covered 0)
    ✘ W00c RC3 February 29 is a date only in a leap year (spec review 3, gap 4: every folder) ARC-8 C11 with an unmarked zero-amount row and its first adjusting entry dated 2025-02-29 is refused with a 'schema' issue naming each date field as not a calendar date (covered 0)
    ✘ W00c RC3 February 29 is a date only in a leap year (spec review 3, gap 4: every folder) ARC-8 C12 with an unmarked zero-amount row and its first adjusting entry dated 2025-02-29 is refused with a 'schema' issue naming each date field as not a calendar date (covered 0)
    ✘ W00c RC3 February 29 is a date only in a leap year (spec review 3, gap 4: every folder) ARC-8 C13 with an unmarked zero-amount row and its first adjusting entry dated 2025-02-29 is refused with a 'schema' issue naming each date field as not a calendar date (covered 0)
    ✘ W00c RC3 February 29 is a date only in a leap year (spec review 3, gap 4: every folder) ARC-8 C15 with an unmarked zero-amount row and its first adjusting entry dated 2025-02-29 is refused with a 'schema' issue naming each date field as not a calendar date (covered 0)

Ran NaN tests per mutant on average.
----------|------------------|----------|-----------|------------|----------|----------|
          | % Mutation score |          |           |            |          |          |
File      |  total | covered | # killed | # timeout | # survived | # no cov | # errors |
----------|--------|---------|----------|-----------|------------|----------|----------|
All files |    n/a |     n/a |        0 |         0 |          0 |        0 |        0 |
----------|--------|---------|----------|-----------|------------|----------|----------|
[32m03:40:41 (7145) INFO JsonReporter[39m Your report can be found at: file:///home/user/ashbridge-returns/reports/W00c-mutation/n-index-model.json
[32m03:40:41 (7145) INFO MutationTestReportHelper[39m Final mutation score of NaN is greater than or equal to break threshold 70
[32m03:40:41 (7145) INFO MutationTestExecutor[39m Done in 1 minute and 35 seconds.
